Name,Rating,Reviews,Category,Address,Website,Phone,Url
"Doral Health & Wellness","4.9","225","Urgent care center","331 Knickerbocker Ave, Brooklyn, NY 11237, United States","https://doraluc.org/","+1 718-400-1444","https://www.google.com/maps/place/Doral+Health+%26+Wellness/data=!4m7!3m6!1s0x89c25dbb938f2acf:0x5aefc2cd2c83b9b3!8m2!3d40.7013794!4d-73.9223492!16s%2Fg%2F11s9dvcpzx!19sChIJzyqPk7tdwokRs7mDLM3C71o?authuser=0&hl=en&rclk=1"
"Northwell Health-GoHealth Urgent Care","4.6","794","Urgent care center","41-19 Bell Blvd, Queens, NY 11361, United States","https://www.gohealthuc.com/northwell/locations/bayside?utm_source=gmb&utm_medium=organic&utm_content=northwell-bayside","+1 929-373-4480","https://www.google.com/maps/place/Northwell+Health-GoHealth+Urgent+Care/data=!4m7!3m6!1s0x89c261e00c4aac13:0xb4dba5b3fed0aceb!8m2!3d40.763035!4d-73.770481!16s%2Fg%2F11c1q8cw23!19sChIJE6xKDOBhwokR66zQ_rOl27Q?authuser=0&hl=en&rclk=1"
"Rapid MD Urgent Care","3.9","300","Urgent care center","217-14 Merrick Blvd, Queens, NY 11413, United States","https://www.rapid-md.com/","+1 718-618-6196","https://www.google.com/maps/place/Rapid+MD+Urgent+Care/data=!4m7!3m6!1s0x89c266aba3a0149d:0xd92a87d0622109ee!8m2!3d40.6796082!4d-73.7519458!16s%2Fg%2F11b634c4zz!19sChIJnRSgo6tmwokR7gkhYtCHKtk?authuser=0&hl=en&rclk=1"
"Urgent-MD","4.3","561","Urgent care center","380 Rockaway Turnpike, Cedarhurst, NY 11516, United States","http://www.urgent-md.com/","+1 516-858-4399","https://www.google.com/maps/place/Urgent-MD/data=!4m7!3m6!1s0x89c265c4aa63e311:0x6596a9592074b173!8m2!3d40.6258594!4d-73.7357957!16s%2Fg%2F1ptvyktqt!19sChIJEeNjqsRlwokRc7F0IFmplmU?authuser=0&hl=en&rclk=1"
"Queens Urgent Care","4.2","859","Urgent care center","178-11 Union Tpke, Queens, NY 11366, United States","","+1 718-480-1233","https://www.google.com/maps/place/Queens+Urgent+Care/data=!4m7!3m6!1s0x89c26100ba0291f5:0xd30d97d78ff78fc6!8m2!3d40.726567!4d-73.7897419!16s%2Fg%2F11byx847yf!19sChIJ9ZECugBhwokRxo_3j9eXDdM?authuser=0&hl=en&rclk=1"
"AFC Urgent Care Bayside","5.0","144","Urgent care center","213-04 Northern Blvd, Queens, NY 11361, United States","https://www.afcurgentcare.com/bayside/","+1 929-744-1197","https://www.google.com/maps/place/AFC+Urgent+Care+Bayside/data=!4m7!3m6!1s0x89c26130ace21d7d:0xe63d94a4333f5fed!8m2!3d40.7596355!4d-73.7700879!16s%2Fg%2F11kh_qgjyy!19sChIJfR3irDBhwokR7V8_M6SUPeY?authuser=0&hl=en&rclk=1"
"CityMD Bayside Urgent Care - Queens","4.1","361","Urgent care center","42-01 Bell Blvd, Bayside, NY 11361, United States","https://www.citymd.com/urgent-care-locations/ny/bayside?utm_source=google&utm_medium=GMB_listings&utm_campaign=citymd_locations_GMB_listings","+1 718-571-9341","https://www.google.com/maps/place/CityMD+Bayside+Urgent+Care+-+Queens/data=!4m7!3m6!1s0x89c261e069506f79:0x595ad6d049ad73c3!8m2!3d40.7625841!4d-73.7702399!16s%2Fg%2F11f2wbq6cb!19sChIJeW9QaeBhwokRw3OtSdDWWlk?authuser=0&hl=en&rclk=1"
"Northwell Health-GoHealth Urgent Care","4.5","205","Urgent care center","134-34 Springfield Blvd, Queens, NY 11413, United States","https://www.gohealthuc.com/northwell/locations/springfield-gardens?utm_source=gmb&utm_medium=organic&utm_content=northwell-springfield-gardens","+1 315-610-6973","https://www.google.com/maps/place/Northwell+Health-GoHealth+Urgent+Care/data=!4m7!3m6!1s0x89c2674e21d7a59f:0x194a199f625876!8m2!3d40.6796292!4d-73.7552725!16s%2Fg%2F11rkg9fhp3!19sChIJn6XXIU5nwokRdlhinxlKGQA?authuser=0&hl=en&rclk=1"
"Kāmin Health - Telehealth Services","","","Urgent care center","","","","https://www.google.com/maps/place/K%C4%81min+Health+-+Telehealth+Services/data=!4m7!3m6!1s0x485a0ba6d5610f69:0xf261da5aec7f2ecb!8m2!3d40.6974881!4d-73.979681!16s%2Fg%2F11trxy4d5j!19sChIJaQ9h1aYLWkgRyy5_7FraYfI?authuser=0&hl=en&rclk=1"
"UMD Care - Northern","3.4","193","Urgent care center","164-18 Northern Blvd, Queens, NY 11358, United States","http://www.umdcare.com/","+1 718-939-5900","https://www.google.com/maps/place/UMD+Care+-+Northern/data=!4m7!3m6!1s0x89c2602e58fdc6ef:0xee35956906eca4c1!8m2!3d40.7602452!4d-73.8015963!16s%2Fg%2F1tgfxk24!19sChIJ78b9WC5gwokRwaTsBmmVNe4?authuser=0&hl=en&rclk=1"
"CityMD Long Island City Urgent Care - Queens","4.0","377","Urgent care center","25-18 Queens Plaza S, Long Island City, NY 11101, United States","https://www.citymd.com/urgent-care-locations/ny/long-island-city?utm_source=google&utm_medium=GMB_listings&utm_campaign=citymd_locations_GMB_listings","+1 646-647-1261","https://www.google.com/maps/place/CityMD+Long+Island+City+Urgent+Care+-+Queens/data=!4m7!3m6!1s0x89c2596041a81125:0x7cb19fe1611ebc1c!8m2!3d40.7501729!4d-73.9400167!16s%2Fg%2F11h5dvbkmv!19sChIJJRGoQWBZwokRHLweYeGfsXw?authuser=0&hl=en&rclk=1"
"AFC Urgent Care Queens Village","4.9","189","Urgent care center","23315 Hillside Ave., Queens, NY 11427, United States","https://www.afcurgentcare.com/queens-village/?UTM_source=GMB_listing&UTM_medium=organic","+1 718-210-1940","https://www.google.com/maps/place/AFC+Urgent+Care+Queens+Village/data=!4m7!3m6!1s0x89c26319fc0ab81f:0xda314718f24dda4e!8m2!3d40.7337175!4d-73.7365971!16s%2Fg%2F11twq_dxvd!19sChIJH7gK_BljwokRTtpN8hhHMdo?authuser=0&hl=en&rclk=1"
"Northwell Health-GoHealth Urgent Care","4.5","941","Urgent care center","102-29 Queens Blvd, Queens, NY 11375, United States","https://www.gohealthuc.com/northwell/locations/forest-hills?utm_source=gmb&utm_medium=organic&utm_content=northwell-foresthills","+1 718-502-9798","https://www.google.com/maps/place/Northwell+Health-GoHealth+Urgent+Care/data=!4m7!3m6!1s0x89c25e259b59605d:0xc723fc179ba19070!8m2!3d40.725683!4d-73.850369!16s%2Fg%2F11b6gpbsx2!19sChIJXWBZmyVewokRcJChmxf8I8c?authuser=0&hl=en&rclk=1"
"Optum Urgent Care - Howard Beach","3.3","139","Urgent care center","164-50 Cross Bay Blvd, Queens, NY 11414, United States","https://east.optum.com/locations/urgent-care-howard-beach/?&utm_source=google-my-business&utm_medium=organic-search&utm_campaign=urgent-care-location-directory","+1 718-848-8412","https://www.google.com/maps/place/Optum+Urgent+Care+-+Howard+Beach/data=!4m7!3m6!1s0x89c2674779680357:0x9f2dc68b95823c7!8m2!3d40.6492386!4d-73.8378101!16s%2Fg%2F11sh1njk8p!19sChIJVwNoeUdnwokRxyNYuWjc8gk?authuser=0&hl=en&rclk=1"
"UMD Urgent Care - LIC","3.6","127","Urgent care center","5-35 50th Ave, Queens, NY 11101, United States","http://www.umdcare.com/","+1 718-472-5900","https://www.google.com/maps/place/UMD+Urgent+Care+-+LIC/data=!4m7!3m6!1s0x89c25923729e8813:0x9f8b208869e3b512!8m2!3d40.7430778!4d-73.9550181!16s%2Fg%2F11cm0mzn6t!19sChIJE4ieciNZwokRErXjaYggi58?authuser=0&hl=en&rclk=1"
"HealthNeed Medical Urgent Care","4.9","105","Urgent care center","5-33 48th Ave, Queens, NY 11101, United States","https://www.healthneeduc.com/","+1 718-888-1117","https://www.google.com/maps/place/HealthNeed+Medical+Urgent+Care/data=!4m7!3m6!1s0x89c25923de2c5dab:0xa96085d95a46ac3c!8m2!3d40.744508!4d-73.954626!16s%2Fg%2F11khf57by1!19sChIJq10s3iNZwokRPKxGWtmFYKk?authuser=0&hl=en&rclk=1"
"Northwell Health-GoHealth Urgent Care","4.5","577","Urgent care center","55-05 Myrtle Ave, Queens, NY 11385, United States","https://www.gohealthuc.com/northwell/locations/ridgewood?utm_source=gmb&utm_medium=organic&utm_content=northwell-ridgewood","+1 718-502-9063","https://www.google.com/maps/place/Northwell+Health-GoHealth+Urgent+Care/data=!4m7!3m6!1s0x89c25c2161ed89b9:0x74d189dcd238480d!8m2!3d40.700168!4d-73.9083107!16s%2Fg%2F11byts2m_3!19sChIJuYntYSFcwokRDUg40tyJ0XQ?authuser=0&hl=en&rclk=1"
"New York Urgent Care | Walk In Urgent Care Center in Long Island","3.5","151","Urgent care center","251-05 Jericho Turnpike, Queens, NY 11426, United States","https://nyucc.com/?utm_source=local&utm_medium=organic&utm_campaign=gmb&utm_content=website","+1 718-962-2273","https://www.google.com/maps/place/New+York+Urgent+Care+%7C+Walk+In+Urgent+Care+Center+in+Long+Island/data=!4m7!3m6!1s0x89c26245675e680d:0xe7c2de1fbf2b2ca9!8m2!3d40.727251!4d-73.7138489!16s%2Fg%2F11xc78zn9!19sChIJDWheZ0ViwokRqSwrvx_ewuc?authuser=0&hl=en&rclk=1"
"Northwell Health-GoHealth Urgent Care","4.4","514","Urgent care center","37-01 Broadway, Queens, NY 11103, United States","https://www.gohealthuc.com/northwell/locations/astoria?utm_source=gmb&utm_medium=organic&utm_content=northwell-astoria","+1 929-265-5990","https://www.google.com/maps/place/Northwell+Health-GoHealth+Urgent+Care/data=!4m7!3m6!1s0x89c25f3bc71435c3:0x3d6c0bf4557e7331!8m2!3d40.7598249!4d-73.9203442!16s%2Fg%2F11c13mbyj5!19sChIJwzUUxztfwokRMXN-VfQLbD0?authuser=0&hl=en&rclk=1"
"Excel Urgent Care of Howard Beach","4.5","2,966","Urgent care center","157-40 Cross Bay Blvd, Queens, NY 11414, United States","https://excel-urgentcare.com/","+1 917-300-6945","https://www.google.com/maps/place/Excel+Urgent+Care+of+Howard+Beach/data=!4m7!3m6!1s0x89c2677de6759aab:0x7cc22bfa457e559b!8m2!3d40.6612174!4d-73.8408476!16s%2Fg%2F11bw3dlw97!19sChIJq5p15n1nwokRm1V-Rforwnw?authuser=0&hl=en&rclk=1"
"HealthNeed Medical Urgent Care","3.5","206","Urgent care center","136-21 Roosevelt Ave, Flushing, NY 11354, United States","http://www.healthneeduc.com/","+1 718-888-1808","https://www.google.com/maps/place/HealthNeed+Medical+Urgent+Care/data=!4m7!3m6!1s0x89c260102ec78c27:0x7a25a9b113be5497!8m2!3d40.7599986!4d-73.8293434!16s%2Fg%2F11gf1q488t!19sChIJJ4zHLhBgwokRl1S-E7GpJXo?authuser=0&hl=en&rclk=1"
"CityMD Fresh Meadows Urgent Care - Queens","4.1","653","Urgent care center","61-18 188th St, Fresh Meadows, NY 11365, United States","https://www.citymd.com/urgent-care-locations/ny/fresh-meadows?utm_source=google&utm_medium=GMB_listings&utm_campaign=citymd_locations_GMB_listings","+1 718-489-5003","https://www.google.com/maps/place/CityMD+Fresh+Meadows+Urgent+Care+-+Queens/data=!4m7!3m6!1s0x89c261b10526454f:0xa1035cf7c92355c!8m2!3d40.7399637!4d-73.7867669!16s%2Fg%2F11b8_014n2!19sChIJT0UmBbFhwokRXDWSfM81EAo?authuser=0&hl=en&rclk=1"
"Kāmin Health - Union Medical Urgent Care","4.2","586","Urgent care center","184-20 Union Tpke, Queens, NY 11366, United States","","+1 718-575-0974","https://www.google.com/maps/place/K%C4%81min+Health+-+Union+Medical+Urgent+Care/data=!4m7!3m6!1s0x89c261a7d1c663ff:0xb137c3a3132cb7b4!8m2!3d40.7280463!4d-73.7836836!16s%2Fg%2F1pzry89wj!19sChIJ_2PG0adhwokRtLcsE6PDN7E?authuser=0&hl=en&rclk=1"
"Northwell Health-GoHealth Urgent Care","4.3","284","Urgent care center","1555 1st Ave., New York, NY 10028, United States","https://www.gohealthuc.com/northwell/locations/east-81st?utm_source=gmb&utm_medium=organic&utm_content=northwell-east81st","+1 212-897-1995","https://www.google.com/maps/place/Northwell+Health-GoHealth+Urgent+Care/data=!4m7!3m6!1s0x89c258b917e75bc5:0x70a0591820f88fe6!8m2!3d40.773599!4d-73.952133!16s%2Fg%2F11c5s8lwbb!19sChIJxVvnF7lYwokR5o_4IBhZoHA?authuser=0&hl=en&rclk=1"
"Centers Urgent Care of Middle Village","4.5","1,366","Urgent care center","6122g Fresh Pond Rd, Queens, NY 11379, United States","https://centersurgentcare.net/centers-urgent-care-of-middle-village/","+1 718-502-3000","https://www.google.com/maps/place/Centers+Urgent+Care+of+Middle+Village/data=!4m7!3m6!1s0x89c25e9aa8772c2f:0xe60bdd99baa3ea7f!8m2!3d40.713865!4d-73.901525!16s%2Fg%2F11b7gn_xgv!19sChIJLyx3qJpewokRf-qjupndC-Y?authuser=0&hl=en&rclk=1"
"CityMD Great Neck Urgent Care - Long Island","4.3","318","Urgent care center","415 Northern Blvd, Great Neck, NY 11021, United States","https://www.citymd.com/urgent-care-locations/ny/great-neck?utm_source=google&utm_medium=GMB_listings&utm_campaign=citymd_locations_GMB_listings","+1 516-829-2273","https://www.google.com/maps/place/CityMD+Great+Neck+Urgent+Care+-+Long+Island/data=!4m7!3m6!1s0x89c289bfd09476c1:0x21c58d3c633719e0!8m2!3d40.7791298!4d-73.7236818!16s%2Fg%2F11g_dpccv!19sChIJwXaU0L-JwokR4Bk3YzyNxSE?authuser=0&hl=en&rclk=1"
"Prohealth Urgent Care-Little Neck Drive-Thru","1.9","21","Medical clinic","254-61 Nassau Blvd, Queens, NY 11362, United States","https://east.optum.com/locations/urgent-care-little-neck/?utm_source=google-my-business&utm_medium=organic-search&utm_campaign=urgent-care-location-directory","+1 516-874-0411","https://www.google.com/maps/place/Prohealth+Urgent+Care-Little+Neck+Drive-Thru/data=!4m7!3m6!1s0x89c289e79e500001:0x18751757cca89de1!8m2!3d40.7652518!4d-73.7254899!16s%2Fg%2F11jfthslyw!19sChIJAQBQnueJwokR4Z2ozFcXdRg?authuser=0&hl=en&rclk=1"
"Northwell Health-GoHealth Urgent Care","4.4","31","Urgent care center","108-40 Queens Blvd, Queens, NY 11375, United States","https://www.gohealthuc.com/northwell/locations/forest-hills-71st?utm_source=gmb&utm_medium=organic&utm_content=northwell-foresthills","+1 347-571-5149","https://www.google.com/maps/place/Northwell+Health-GoHealth+Urgent+Care/data=!4m7!3m6!1s0x89c25f869a22fdb7:0x6069d345b112b3ad!8m2!3d40.7205214!4d-73.8426032!16s%2Fg%2F11v60xt_rj!19sChIJt_0imoZfwokRrbMSsUXTaWA?authuser=0&hl=en&rclk=1"
"DocGo On-Demand Urgent Care","4.9","109","Urgent care center","","https://docgo.com/ondemand","+1 844-443-6246","https://www.google.com/maps/place/DocGo+On-Demand+Urgent+Care/data=!4m7!3m6!1s0x467405ce384f1303:0x73e3e207a57f8650!8m2!3d40.7332041!4d-73.8411824!16s%2Fg%2F11s38qrn08!19sChIJAxNPOM4FdEYRUIZ_pQfi43M?authuser=0&hl=en&rclk=1"
"Hillside Urgent Care","3.8","85","Urgent care center","164 03 Hillside Ave., Queens, NY 11432, United States","http://www.hillsideurgentcare.com/","+1 718-554-8072","https://www.google.com/maps/place/Hillside+Urgent+Care/data=!4m7!3m6!1s0x89c260e09e09a7e9:0x5d86d36b936b5d7a!8m2!3d40.7090747!4d-73.7988979!16s%2Fg%2F11bx1tbgtf!19sChIJ6acJnuBgwokRel1rk2vThl0?authuser=0&hl=en&rclk=1"
"MyDoc Urgent Care - Forest Hills, Queens","4.7","1,268","Urgent care center","116-20 Queens Blvd, Forest Hills, NY 11375, United States","https://mydocurgentcare.com/?UTM_source=GMB_listing&UTM_medium=organic","+1 718-401-1510","https://www.google.com/maps/place/MyDoc+Urgent+Care+-+Forest+Hills,+Queens/data=!4m7!3m6!1s0x89c25f36aaaaaaab:0x78f416476e1bd600!8m2!3d40.7155202!4d-73.8332558!16s%2Fg%2F1pp2txh6f!19sChIJq6qqqjZfwokRANYbbkcW9Hg?authuser=0&hl=en&rclk=1"
"CityMD Sunnyside Urgent Care- Queens","4.0","190","Urgent care center","47-16 Greenpoint Ave, Sunnyside, NY 11104, United States","https://www.citymd.com/urgent-care-locations/ny/sunnyside?utm_source=google&utm_medium=GMB_listings&utm_campaign=citymd_locations_GMB_listings","+1 718-571-9332","https://www.google.com/maps/place/CityMD+Sunnyside+Urgent+Care-+Queens/data=!4m7!3m6!1s0x89c25f69832ac9a5:0xca7fb0c39afbd71e!8m2!3d40.7424074!4d-73.917267!16s%2Fg%2F11r0y3dgrl!19sChIJpckqg2lfwokRHtf7msOwf8o?authuser=0&hl=en&rclk=1"
"Northwell Health-GoHealth Urgent Care","4.1","229","Urgent care center","41 E 8th St, New York, NY 10003, United States","https://www.gohealthuc.com/northwell/locations/greenwich-village?utm_source=gmb&utm_medium=organic&utm_content=northwell-greenwichvillage","+1 212-897-1991","https://www.google.com/maps/place/Northwell+Health-GoHealth+Urgent+Care/data=!4m7!3m6!1s0x89c2599a04d631eb:0xd8cd2b37800f24be!8m2!3d40.731428!4d-73.994061!16s%2Fg%2F11cn92rf22!19sChIJ6zHWBJpZwokRviQPgDcrzdg?authuser=0&hl=en&rclk=1"
"Northwell Health-GoHealth Urgent Care","4.7","533","Urgent care center","365 Flatbush Ave, Brooklyn, NY 11238, United States","https://www.gohealthuc.com/northwell/locations/park-slope?utm_source=gmb&utm_medium=organic&utm_content=northwell-parkslope","+1 347-871-9485","https://www.google.com/maps/place/Northwell+Health-GoHealth+Urgent+Care/data=!4m7!3m6!1s0x89c25ba87d0e73f7:0xd50df174db0fe931!8m2!3d40.6768534!4d-73.9720108!16s%2Fg%2F11fy4p0fw7!19sChIJ93MOfahbwokRMekP23TxDdU?authuser=0&hl=en&rclk=1"
"Chai Urgent Care - East Elmhurst, NY","3.8","88","Urgent care center","75-37 31st Ave, Queens, NY 11370, United States","https://www.chaicare.org/urgent-care/locations/queens/east-elmhurst/","+1 929-565-2424","https://www.google.com/maps/place/Chai+Urgent+Care+-+East+Elmhurst,+NY/data=!4m7!3m6!1s0x89c25f2b4b785d49:0xa4072f396b6b54ae!8m2!3d40.7597225!4d-73.8922905!16s%2Fg%2F11rgs05r6y!19sChIJSV14SytfwokRrlRrazkvB6Q?authuser=0&hl=en&rclk=1"
"UMD URGENT CARE-BILLING DEPARTMENT","","","Urgent care center","","","+1 212-242-4333","https://www.google.com/maps/place/UMD+URGENT+CARE-BILLING+DEPARTMENT/data=!4m7!3m6!1s0x2f7890dd49fabd01:0x9efa3333ec4eab85!8m2!3d46.423669!4d-129.9427086!16s%2Fg%2F11kc7y74vj!19sChIJAb36Sd2QeC8RhatO7DMz-p4?authuser=0&hl=en&rclk=1"
"CityMD Flushing Urgent Care - Queens","3.7","23","Urgent care center","136-57 Roosevelt Ave Suite 150, Flushing, NY 11354, United States","https://www.citymd.com/urgent-care-locations/ny/flushing?utm_source=google&utm_medium=GMB_listings&utm_campaign=citymd_locations_GMB_listings","+1 929-476-0463","https://www.google.com/maps/place/CityMD+Flushing+Urgent+Care+-+Queens/data=!4m7!3m6!1s0x89c261757a7eafdb:0xcee40569fec7428b!8m2!3d40.7602887!4d-73.8280886!16s%2Fg%2F11sf0lqg20!19sChIJ269-enVhwokRi0LH_mkF5M4?authuser=0&hl=en&rclk=1"
"CityMD Woodhaven Urgent Care- Queens","4.2","121","Urgent care center","91-07 Jamaica Ave, Woodhaven, NY 11421, United States","https://www.citymd.com/urgent-care-locations/ny/woodhaven?utm_source=google&utm_medium=GMB_listings&utm_campaign=citymd_locations_GMB_listings","+1 929-476-0443","https://www.google.com/maps/place/CityMD+Woodhaven+Urgent+Care-+Queens/data=!4m7!3m6!1s0x89c25d4d858fd739:0xd972e11edc2ba64a!8m2!3d40.6932918!4d-73.8535144!16s%2Fg%2F11sh1ffpp5!19sChIJOdePhU1dwokRSqYr3B7hctk?authuser=0&hl=en&rclk=1"
"Northwell Health-GoHealth Urgent Care","4.2","371","Urgent care center","199 Amsterdam Ave, New York, NY 10023, United States","https://www.gohealthuc.com/northwell/locations/w-69th?utm_source=gmb&utm_medium=organic&utm_content=northwell-w69th","+1 212-721-4200","https://www.google.com/maps/place/Northwell+Health-GoHealth+Urgent+Care/data=!4m7!3m6!1s0x89c2588a9d95764d:0x6686ce52c1a1cfab!8m2!3d40.776423!4d-73.982804!16s%2Fg%2F1tf6n37q!19sChIJTXaVnYpYwokRq8-hwVLOhmY?authuser=0&hl=en&rclk=1"
"ModernMD Urgent Care - Woodhaven","4.8","1,225","Urgent care center","8922 Jamaica Ave, Queens, NY 11421, United States","http://modernmduc.com/","+1 646-604-8170","https://www.google.com/maps/place/ModernMD+Urgent+Care+-+Woodhaven/data=!4m7!3m6!1s0x89c25d2ca70cbd03:0x18eaefb80739cb17!8m2!3d40.6926205!4d-73.8547247!16s%2Fg%2F11j4dtdv2g!19sChIJA70MpyxdwokRF8s5B7jv6hg?authuser=0&hl=en&rclk=1"
"Forest Urgent Care Forest hills Queens","4.5","258","Urgent care center","112-01 75th Ave, Forest Hills, NY 11375, United States","https://www.foresturgentcare.com/","+1 718-268-6808","https://www.google.com/maps/place/Forest+Urgent+Care+Forest+hills+Queens/data=!4m7!3m6!1s0x89c25e20a6327321:0x378bb1150b1c2c4!8m2!3d40.7191494!4d-73.8372301!16s%2Fg%2F1vj603mr!19sChIJIXMypiBewokRxMKxUBG7eAM?authuser=0&hl=en&rclk=1"
"CityMD Rego Park Urgent Care - Queens","4.1","488","Urgent care center","91-19 Queens Blvd, Elmhurst, NY 11373, United States","https://www.citymd.com/urgent-care-locations/ny/rego-park?utm_source=google&utm_medium=GMB_listings&utm_campaign=citymd_locations_GMB_listings","+1 646-647-1253","https://www.google.com/maps/place/CityMD+Rego+Park+Urgent+Care+-+Queens/data=!4m7!3m6!1s0x89c25fba7c2f8783:0x40dbc750003671ca!8m2!3d40.7337861!4d-73.8698025!16s%2Fg%2F11gvwn36ft!19sChIJg4cvfLpfwokRynE2AFDH20A?authuser=0&hl=en&rclk=1"
"AFC Urgent Care Howard Beach","4.7","1,034","Urgent care center","135-25 79th St, Queens, NY 11414, United States","https://www.afcurgentcare.com/howard-beach/?utm_source=GMB&utm_medium=organic&utm_campaign=HowardBeach","+1 718-925-3475","https://www.google.com/maps/place/AFC+Urgent+Care+Howard+Beach/data=!4m7!3m6!1s0x89c25d6ba1c1e973:0x2126d640ed8b9a64!8m2!3d40.6712718!4d-73.8559655!16s%2Fg%2F11fn7jm_0p!19sChIJc-nBoWtdwokRZJqL7UDWJiE?authuser=0&hl=en&rclk=1"
"CityMD Ditmars Urgent Care - Queens","3.9","328","Urgent care center","22-48 31st St, Astoria, NY 11105, United States","https://www.citymd.com/urgent-care-locations/ny/ditmars?utm_source=google&utm_medium=GMB_listings&utm_campaign=citymd_locations_GMB_listings","+1 718-571-9192","https://www.google.com/maps/place/CityMD+Ditmars+Urgent+Care+-+Queens/data=!4m7!3m6!1s0x89c25f67f757c697:0xc44f8ef65182f470!8m2!3d40.775315!4d-73.9122378!16s%2Fg%2F11gh48xzkp!19sChIJl8ZX92dfwokRcPSCUfaOT8Q?authuser=0&hl=en&rclk=1"
"CityMD Auburndale Urgent Care - Queens","4.2","439","Urgent care center","191-20 Northern Blvd, Flushing, NY 11358, United States","https://www.citymd.com/urgent-care-locations/ny/auburndale?utm_source=google&utm_medium=GMB_listings&utm_campaign=citymd_locations_GMB_listings","+1 718-224-8855","https://www.google.com/maps/place/CityMD+Auburndale+Urgent+Care+-+Queens/data=!4m7!3m6!1s0x89c261de0a25d63d:0x6e7184839d1a8d16!8m2!3d40.7575684!4d-73.7903857!16s%2Fg%2F1tg_x_tt!19sChIJPdYlCt5hwokRFo0anYOEcW4?authuser=0&hl=en&rclk=1"
"All med urgent care PC.","3.9","12","Urgent care center","105-34 Rockaway Blvd, Queens, NY 11417, United States","https://allmedurgentcare.net/","+1 718-908-0001","https://www.google.com/maps/place/All+med+urgent+care+PC./data=!4m7!3m6!1s0x89c2677040d31f59:0x5467c9ee1037be78!8m2!3d40.6783832!4d-73.8333979!16s%2Fg%2F11q9s6t1c0!19sChIJWR_TQHBnwokReL43EO7JZ1Q?authuser=0&hl=en&rclk=1"
"Northwell Health-GoHealth Urgent Care","4.5","568","Urgent care center","2689 Broadway, New York, NY 10025, United States","https://www.gohealthuc.com/northwell/locations/west-103rd?utm_source=gmb&utm_medium=organic&utm_content=northwell-w103rd","+1 718-619-8261","https://www.google.com/maps/place/Northwell+Health-GoHealth+Urgent+Care/data=!4m7!3m6!1s0x89c2f625b9f6da35:0x1e12bdb7af5ae803!8m2!3d40.7989626!4d-73.9690456!16s%2Fg%2F1q646s91w!19sChIJNdr2uSX2wokRA-har7e9Eh4?authuser=0&hl=en&rclk=1"
"CityMD Jamaica Urgent Care - Queens","4.3","881","Urgent care center","162-21 Jamaica Ave, Jamaica, NY 11432, United States","https://www.citymd.com/urgent-care-locations/ny/jamaica?utm_source=google&utm_medium=GMB_listings&utm_campaign=citymd_locations_GMB_listings","+1 718-571-9116","https://www.google.com/maps/place/CityMD+Jamaica+Urgent+Care+-+Queens/data=!4m7!3m6!1s0x89c260df2589f473:0x83a77ac442be9d7e!8m2!3d40.7048512!4d-73.797057!16s%2Fg%2F11dzw3_scc!19sChIJc_SJJd9gwokRfp2-QsR6p4M?authuser=0&hl=en&rclk=1"
"Northwell Health-GoHealth Urgent Care","4.4","568","Urgent care center","175 E 96th St, New York, NY 10128, United States","https://www.gohealthuc.com/northwell/locations/east-96th?utm_source=gmb&utm_medium=organic&utm_content=northwell-east96th","+1 718-948-4942","https://www.google.com/maps/place/Northwell+Health-GoHealth+Urgent+Care/data=!4m7!3m6!1s0x89c258a66fa8d5fd:0x41f6dbf6de1105ba!8m2!3d40.7856768!4d-73.9495346!16s%2Fg%2F11bwqllqdg!19sChIJ_dWob6ZYwokRugUR3vbb9kE?authuser=0&hl=en&rclk=1"
"CityMD Astoria Urgent Care - Queens","4.1","719","Urgent care center","31-11 Steinway St, Astoria, NY 11103, United States","https://www.citymd.com/urgent-care-locations/ny/astoria?utm_source=google&utm_medium=GMB_listings&utm_campaign=citymd_locations_GMB_listings","+1 718-475-2345","https://www.google.com/maps/place/CityMD+Astoria+Urgent+Care+-+Queens/data=!4m7!3m6!1s0x89c25f3ea16bec29:0xc4e06c38d1e1a881!8m2!3d40.760811!4d-73.917148!16s%2Fg%2F1ptxh1pdq!19sChIJKexroT5fwokRgajh0Ths4MQ?authuser=0&hl=en&rclk=1"
"Centers Urgent Care of Forest Hills","4.6","126","Urgent care center","64-02 108th St, Queens, NY 11375, United States","https://centersurgentcare.net/forest-hills/?UTM_source=GMB_listing&UTM_medium=organic","+1 718-395-3788","https://www.google.com/maps/place/Centers+Urgent+Care+of+Forest+Hills/data=!4m7!3m6!1s0x89c25f24d64d4d6b:0x604c70d0dd430d99!8m2!3d40.7326875!4d-73.8499775!16s%2Fg%2F11k9sc1sx8!19sChIJa01N1iRfwokRmQ1D3dBwTGA?authuser=0&hl=en&rclk=1"
"ModernMD Urgent Care - Ridgewood","4.6","249","Urgent care center","67-21 Fresh Pond Rd, Queens, NY 11385, United States","http://modernmduc.com/","+1 929-468-9920","https://www.google.com/maps/place/ModernMD+Urgent+Care+-+Ridgewood/data=!4m7!3m6!1s0x89c25f77ad6faa05:0x4f7ff5036331b209!8m2!3d40.7054647!4d-73.8962722!16s%2Fg%2F11rhwg6c43!19sChIJBapvrXdfwokRCbIxYwP1f08?authuser=0&hl=en&rclk=1"
"Urgent Care Lawrence | Urgent Care Clinic 11559 | Medical Office","4.7","545","Urgent care center","625 Rockaway Turnpike, Lawrence, NY 11559, United States","https://silverstarurgentcare.com/","+1 516-750-0252","https://www.google.com/maps/place/Urgent+Care+Lawrence+%7C+Urgent+Care+Clinic+11559+%7C+Medical+Office/data=!4m7!3m6!1s0x89c2651b5513edcd:0xb022c2d71c475b72!8m2!3d40.6318913!4d-73.7397456!16s%2Fg%2F11j30xs9hb!19sChIJze0TVRtlwokRcltHHNfCIrA?authuser=0&hl=en&rclk=1"
"Prime MD Urgent Care","4.9","71","Medical Center","1000 Railroad Ave, Woodmere, NY 11598, United States","http://www.primemdurgentcare.com/","+1 516-748-8800","https://www.google.com/maps/place/Prime+MD+Urgent+Care/data=!4m7!3m6!1s0x89c265e2a470ba4b:0x6429abb0d2307237!8m2!3d40.6340689!4d-73.7108706!16s%2Fg%2F11tmth50b8!19sChIJS7pwpOJlwokRN3Iw0rCrKWQ?authuser=0&hl=en&rclk=1"
"StatMD Urgent Care","3.9","141","Urgent care center","2090 Jericho Turnpike, New Hyde Park, NY 11040, United States","http://statmd.net/","+1 516-352-7828","https://www.google.com/maps/place/StatMD+Urgent+Care/data=!4m7!3m6!1s0x89c262bc2c34c54b:0xad7800b8b24fc6d0!8m2!3d40.7364106!4d-73.6718247!16s%2Fg%2F1tj1s_z2!19sChIJS8U0LLxiwokR0MZPsrgAeK0?authuser=0&hl=en&rclk=1"
"+MEDRITE Jamaica Urgent Care - Queens","4.5","190","Urgent care center","160-15 Jamaica Ave, Queens, NY 11432, United States","https://medriteurgentcare.com/center/medrite-jamaica-urgent-care/","+1 718-908-7222","https://www.google.com/maps/place/%2BMEDRITE+Jamaica+Urgent+Care+-+Queens/data=!4m7!3m6!1s0x89c261d1ff609e79:0x7f7c8d9ddc3e66ae!8m2!3d40.7041396!4d-73.7987909!16s%2Fg%2F11rz59wpj2!19sChIJeZ5g_9FhwokRrmY-3J2NfH8?authuser=0&hl=en&rclk=1"
"Northwell Health-GoHealth Urgent Care","4.5","494","Urgent care center","595 Hempstead Turnpike, West Hempstead, NY 11552, United States","https://www.gohealthuc.com/northwell/locations/west-hempstead?utm_source=gmb&utm_medium=organic&utm_content=northwell-westhempstead","+1 347-493-2952","https://www.google.com/maps/place/Northwell+Health-GoHealth+Urgent+Care/data=!4m7!3m6!1s0x89c26352c9759987:0x6de90c8957734338!8m2!3d40.7061764!4d-73.661566!16s%2Fg%2F11fd450587!19sChIJh5l1yVJjwokROENzV4kM6W0?authuser=0&hl=en&rclk=1"
"Excel Urgent Care of New Hyde Park, NY","4.5","3,138","Urgent care center","900 Hillside Ave., New Hyde Park, NY 11040, United States","https://excel-urgentcare.com/","+1 516-519-8400","https://www.google.com/maps/place/Excel+Urgent+Care+of+New+Hyde+Park,+NY/data=!4m7!3m6!1s0x40660f0c67ca511f:0x6f407497c91ef89a!8m2!3d40.7431107!4d-73.6932164!16s%2Fg%2F11bbwp60_c!19sChIJH1HKZwwPZkARmvgeyZd0QG8?authuser=0&hl=en&rclk=1"
"Northwell Health-GoHealth Urgent Care","4.4","635","Urgent care center","683 Sunrise Hwy, Lynbrook, NY 11563, United States","https://www.gohealthuc.com/northwell/locations/lynbrook?utm_source=gmb&utm_medium=organic&utm_content=northwell-lynbrook","+1 516-441-2155","https://www.google.com/maps/place/Northwell+Health-GoHealth+Urgent+Care/data=!4m7!3m6!1s0x89c264be1fea70cb:0xd79386c37898f6c1!8m2!3d40.655386!4d-73.67659!16s%2Fg%2F11c1n1mxsc!19sChIJy3DqH75kwokRwfaYeMOGk9c?authuser=0&hl=en&rclk=1"
"CityMD Lynbrook Urgent Care - Long Island","4.1","798","Urgent care center","585 Merrick Rd, Lynbrook, NY 11563, United States","https://www.citymd.com/urgent-care-locations/ny/lynbrook?utm_source=google&utm_medium=GMB_listings&utm_campaign=citymd_locations_GMB_listings","+1 516-764-2273","https://www.google.com/maps/place/CityMD+Lynbrook+Urgent+Care+-+Long+Island/data=!4m7!3m6!1s0x89c264972ccac759:0x9922616bd44bd6f5!8m2!3d40.6605883!4d-73.6829753!16s%2Fg%2F1tgq7k_x!19sChIJWcfKLJdkwokR9dZL1GthIpk?authuser=0&hl=en&rclk=1"
"LevelUp MD Forest Hills Occupational Health","4.4","84","Urgent care center","107-40 Queens Blvd, Queens, NY 11375, United States","https://levelupuc.com/location/forest-hills-ny-107-40-queens-blvd/","+1 718-964-6288","https://www.google.com/maps/place/LevelUp+MD+Forest+Hills+Occupational+Health/data=!4m7!3m6!1s0x89c25fb3091a6697:0xd52556d7da5ac9a3!8m2!3d40.7215039!4d-73.8447787!16s%2Fg%2F11t7zmx7v8!19sChIJl2YaCbNfwokRo8la2tdWJdU?authuser=0&hl=en&rclk=1"
"CityMD Ridgewood Urgent Care- Queens","4.1","64","Urgent care center","5626 Myrtle Ave, Ridgewood, NY 11385, United States","https://www.citymd.com/urgent-care-locations/ny/ridgewood?utm_source=google&utm_medium=GMB_listings&utm_campaign=citymd_locations_GMB_listings","+1 718-571-9714","https://www.google.com/maps/place/CityMD+Ridgewood+Urgent+Care-+Queens/data=!4m7!3m6!1s0x89c25d4afc6cba49:0x281aa249f54952e4!8m2!3d40.700079!4d-73.905186!16s%2Fg%2F11pv31ynlx!19sChIJSbps_EpdwokR5FJJ9UmiGig?authuser=0&hl=en&rclk=1"
"MYDOC Urgent Care - Jackson Heights, Queens","4.8","317","Urgent care center","76-27 37th Ave, Queens, NY 11372, United States","https://mydocurgentcare.com/jackson-heights/","+1 718-569-0071","https://www.google.com/maps/place/MYDOC+Urgent+Care+-+Jackson+Heights,+Queens/data=!4m7!3m6!1s0x89c25f549f8a0029:0x41e3c62e704f14fe!8m2!3d40.749502!4d-73.8892349!16s%2Fg%2F11sdn_bggl!19sChIJKQCKn1RfwokR_hRPcC7G40E?authuser=0&hl=en&rclk=1"
"CityMD Franklin Square Urgent Care - Long Island","4.1","429","Urgent care center","30 Franklin Ave, Franklin Square, NY 11010, United States","https://www.citymd.com/urgent-care-locations/ny/franklin-square?utm_source=google&utm_medium=GMB_listings&utm_campaign=citymd_locations_GMB_listings","+1 516-352-0253","https://www.google.com/maps/place/CityMD+Franklin+Square+Urgent+Care+-+Long+Island/data=!4m7!3m6!1s0x89c26321fa3a49b5:0x99b54bc3dd549be9!8m2!3d40.7065835!4d-73.6766604!16s%2Fg%2F1tzgq3y6!19sChIJtUk6-iFjwokR6ZtU3cNLtZk?authuser=0&hl=en&rclk=1"
"Northwell Health-GoHealth Urgent Care","4.1","368","Urgent care center","243 Merrick Rd, Rockville Centre, NY 11570, United States","https://www.gohealthuc.com/northwell/locations/rockville-centre?utm_source=gmb&utm_medium=organic&utm_content=northwell-rockvillecenter","+1 516-537-9063","https://www.google.com/maps/place/Northwell+Health-GoHealth+Urgent+Care/data=!4m7!3m6!1s0x89c27b4e11b8cf57:0xf025c03fc71c3509!8m2!3d40.6565804!4d-73.6469025!16s%2Fg%2F11bcf22dsz!19sChIJV8-4EU57wokRCTUcxz_AJfA?authuser=0&hl=en&rclk=1"
"CityMD Corona Urgent Care - Queens","4.3","374","Urgent care center","37-26 Junction Blvd, Corona, NY 11368, United States","https://www.citymd.com/urgent-care-locations/ny/corona?utm_source=google&utm_medium=GMB_listings&utm_campaign=citymd_locations_GMB_listings","+1 718-571-9310","https://www.google.com/maps/place/CityMD+Corona+Urgent+Care+-+Queens/data=!4m7!3m6!1s0x89c25f105ce18379:0x3b3761cb6d4e2bd2!8m2!3d40.7507383!4d-73.8707154!16s%2Fg%2F11ghy2lcst!19sChIJeYPhXBBfwokR0itObcthNzs?authuser=0&hl=en&rclk=1"
"Northwell Health-GoHealth Urgent Care","4.3","356","Urgent care center","1033 Northern Blvd, Roslyn, NY 11576, United States","https://www.gohealthuc.com/northwell/locations/roslyn?utm_source=gmb&utm_medium=organic&utm_content=northwell-roslyn","+1 516-473-0782","https://www.google.com/maps/place/Northwell+Health-GoHealth+Urgent+Care/data=!4m7!3m6!1s0x89c2888fc413414f:0x666ae535fbd21025!8m2!3d40.79785!4d-73.667347!16s%2Fg%2F11bwh5b5cb!19sChIJT0ETxI-IwokRJRDS-zXlamY?authuser=0&hl=en&rclk=1"
"Nao Medical - Astoria Urgent Care","4.3","1,349","Urgent care center","37-15 23rd Ave, Queens, NY 11105, United States","https://www.naomedical.com/locations/urgent-care-astoria-queens-nyc-new-york/","+1 917-310-3371","https://www.google.com/maps/place/Nao+Medical+-+Astoria+Urgent+Care/data=!4m7!3m6!1s0x89c25f68fd75a897:0xfcbcef722ee8f4e!8m2!3d40.7718485!4d-73.908785!16s%2Fg%2F1wfcq1kk!19sChIJl6h1_WhfwokRTo_uIvfOyw8?authuser=0&hl=en&rclk=1"
"Northwell Health-GoHealth Urgent Care","4.6","269","Urgent care center","3571 Long Beach Rd, Oceanside, NY 11572, United States","https://www.gohealthuc.com/northwell/locations/oceanside?utm_source=gmb&utm_medium=organic&utm_content=northwell-oceanside","+1 516-531-6055","https://www.google.com/maps/place/Northwell+Health-GoHealth+Urgent+Care/data=!4m7!3m6!1s0x89c27bac751efabb:0x92736f744b2190d7!8m2!3d40.6229245!4d-73.6386816!16s%2Fg%2F11f62n6phn!19sChIJu_oedax7wokR15AhS3Rvc5I?authuser=0&hl=en&rclk=1"
"Nao Medical - Jamaica Urgent Care","4.4","493","Urgent care center","90-18 Sutphin Blvd, Queens, NY 11435, United States","https://naomedical.com/sites/urgent-care-jamaica-walk-in-clinic-medical-center-nyc-11435","+1 917-310-3371","https://www.google.com/maps/place/Nao+Medical+-+Jamaica+Urgent+Care/data=!4m7!3m6!1s0x89c2616cbd14ca1b:0x6b5191cb88b01122!8m2!3d40.702451!4d-73.808505!16s%2Fg%2F11k5nwyp_y!19sChIJG8oUvWxhwokRIhGwiMuRUWs?authuser=0&hl=en&rclk=1"
"Doc Care Q1- Primary Care, Urgent Care & Telemedicine","4.5","665","Medical clinic","66-55 Fresh Pond Rd, Queens, NY 11385, United States","http://doccareny.com/","+1 718-497-1919","https://www.google.com/maps/place/Doc+Care+Q1-+Primary+Care,+Urgent+Care+%26+Telemedicine/data=!4m7!3m6!1s0x89c25e839980cd85:0x39a45497fe2b1dc5!8m2!3d40.7073435!4d-73.8971245!16s%2Fg%2F1tdk1hzg!19sChIJhc2AmYNewokRxR0r_pdUpDk?authuser=0&hl=en&rclk=1"
"Northwell Health-GoHealth Urgent Care","4.6","341","Urgent care center","50 E Jericho Turnpike, Mineola, NY 11501, United States","https://www.gohealthuc.com/northwell/locations/mineola?utm_source=gmb&utm_medium=organic&utm_content=northwell-mineola","+1 516-399-3068","https://www.google.com/maps/place/Northwell+Health-GoHealth+Urgent+Care/data=!4m7!3m6!1s0x89c287f2551b3fb3:0xe0cdf1f294c4d005!8m2!3d40.7522114!4d-73.6332758!16s%2Fg%2F11fy9c0d8y!19sChIJsz8bVfKHwokRBdDElPLxzeA?authuser=0&hl=en&rclk=1"
"CityMD Mineola Urgent Care - Long Island","4.1","285","Urgent care center","292 Herricks Rd, Mineola, NY 11501, United States","https://www.citymd.com/urgent-care-locations/ny/mineola?utm_source=google&utm_medium=GMB_listings&utm_campaign=citymd_locations_GMB_listings","+1 516-746-2273","https://www.google.com/maps/place/CityMD+Mineola+Urgent+Care+-+Long+Island/data=!4m7!3m6!1s0x89c262abb00b6f99:0x45c8749999cf400!8m2!3d40.7447806!4d-73.6573485!16s%2Fg%2F1pp2twd02!19sChIJmW8LsKtiwokRAPScmUmHXAQ?authuser=0&hl=en&rclk=1"
"AFC Urgent Care Valley Stream","4.8","207","Urgent care center","1585 Dutch Broadway, Valley Stream, NY 11580, United States","https://www.afcurgentcare.com/valley-stream/?UTM_source=GMB_listing&UTM_medium=organic","+1 516-490-6300","https://www.google.com/maps/place/AFC+Urgent+Care+Valley+Stream/data=!4m7!3m6!1s0x89c263e23a1ac559:0xe67a71d4922b65bc!8m2!3d40.6863783!4d-73.7016547!16s%2Fg%2F11p6k2z_h9!19sChIJWcUaOuJjwokRvGUrktRxeuY?authuser=0&hl=en&rclk=1"
"All Med Urgent Care","3.7","213","Urgent care center","115-20 Liberty Ave, South Richmond Hill, NY 11419, United States","https://www.allmedurgentcare.net/","+1 718-659-0400","https://www.google.com/maps/place/All+Med+Urgent+Care/data=!4m7!3m6!1s0x89c2674f00d3fe77:0xe227cf930f3effb3!8m2!3d40.6855813!4d-73.8269946!16s%2Fg%2F11fz9zckyf!19sChIJd_7TAE9nwokRs_8-D5PPJ-I?authuser=0&hl=en&rclk=1"
"CityMD Bergen Beach Urgent Care - Brooklyn","4.0","748","Urgent care center","2183A Ralph Ave, Brooklyn, NY 11234, United States","https://www.citymd.com/urgent-care-locations/ny/bergen-beach?utm_source=google&utm_medium=GMB_listings&utm_campaign=citymd_locations_GMB_listings","+1 718-571-9225","https://www.google.com/maps/place/CityMD+Bergen+Beach+Urgent+Care+-+Brooklyn/data=!4m7!3m6!1s0x89c2434b3ed92703:0xa400f5d4789600cd!8m2!3d40.6267006!4d-73.9171063!16s%2Fg%2F11hd77_d2p!19sChIJAyfZPktDwokRzQCWeNT1AKQ?authuser=0&hl=en&rclk=1"
"+MEDRITE East Harlem Urgent Care - Manhattan","4.8","115","Urgent care center","203 E 109th St, New York, NY 10029, United States","https://medriteurgentcare.com/center/medrite-east-harlem-urgent-care-manhattan/","+1 212-658-1075","https://www.google.com/maps/place/%2BMEDRITE+East+Harlem+Urgent+Care+-+Manhattan/data=!4m7!3m6!1s0x89c2f76a8bd25f97:0x8314d0ec8d9d8dca!8m2!3d40.7935043!4d-73.9426525!16s%2Fg%2F11t7l40l6y!19sChIJl1_Si2r3wokRyo2djezQFIM?authuser=0&hl=en&rclk=1"
"24 Hour Urgent Care Mill Basin","4.2","10","Urgent care center","5002 Flatlands Ave suite #355, Brooklyn, NY 11234, United States","","+1 929-999-6482","https://www.google.com/maps/place/24+Hour+Urgent+Care+Mill+Basin/data=!4m7!3m6!1s0x880025551e6394c9:0x7310469f8071d7d5!8m2!3d40.6260885!4d-73.9274496!16s%2Fg%2F11vd6ngtw8!19sChIJyZRjHlUlAIgR1ddxgJ9GEHM?authuser=0&hl=en&rclk=1"
"Clinic One Urgent Care","4.7","631","Walk-in clinic","151 Hempstead Turnpike, West Hempstead, NY 11552, United States","http://clinic1.net/","+1 516-493-9580","https://www.google.com/maps/place/Clinic+One+Urgent+Care/data=!4m7!3m6!1s0x89c27cd79a8ab65f:0x6793cc06dfda68dc!8m2!3d40.7047885!4d-73.6440099!16s%2Fg%2F1hm5k50h_!19sChIJX7aKmtd8wokR3Gja3wbMk2c?authuser=0&hl=en&rclk=1"
"CityMD Carle Place Urgent Care - Long Island","4.1","398","Urgent care center","235 Glen Cove Rd, Carle Place, NY 11514, United States","https://www.citymd.com/urgent-care-locations/ny/carle-place?utm_source=google&utm_medium=GMB_listings&utm_campaign=citymd_locations_GMB_listings","+1 516-877-2273","https://www.google.com/maps/place/CityMD+Carle+Place+Urgent+Care+-+Long+Island/data=!4m7!3m6!1s0x89c28785817920c9:0x785526a7e4795491!8m2!3d40.749246!4d-73.617169!16s%2Fg%2F12hsg8c57!19sChIJySB5gYWHwokRkVR55KcmVXg?authuser=0&hl=en&rclk=1"
"ModernMD Urgent Care - South Richmond Hill","4.7","251","Urgent care center","103-42 Lefferts Blvd, Queens, NY 11419, United States","https://modernmduc.com/","+1 929-468-9930","https://www.google.com/maps/place/ModernMD+Urgent+Care+-+South+Richmond+Hill/data=!4m7!3m6!1s0x89c2676e7eaa188f:0x52a802e925c1938d!8m2!3d40.6867218!4d-73.8245925!16s%2Fg%2F11rpkwv3mq!19sChIJjxiqfm5nwokRjZPBJekCqFI?authuser=0&hl=en&rclk=1"
"CityMD Roslyn Heights Urgent Care - Long Island","4.1","119","Urgent care center","363 Willis Ave, Roslyn Heights, NY 11577, United States","https://www.citymd.com/urgent-care-locations/ny/roslyn-heights?utm_source=google&utm_medium=GMB_listings&utm_campaign=citymd_locations_GMB_listings","+1 516-430-5780","https://www.google.com/maps/place/CityMD+Roslyn+Heights+Urgent+Care+-+Long+Island/data=!4m7!3m6!1s0x89c287b466b3a1d7:0xcaf41f52cf8bc2a8!8m2!3d40.780398!4d-73.650298!16s%2Fg%2F11jbbqyplh!19sChIJ16GzZrSHwokRqMKLz1If9Mo?authuser=0&hl=en&rclk=1"
"Urgent-MD","4.3","448","Urgent care center","1220 Peninsula Blvd, Hewlett, NY 11557, United States","http://www.urgent-md.com/","+1 516-858-4399","https://www.google.com/maps/place/Urgent-MD/data=!4m7!3m6!1s0x89c26456d5f49d23:0x85409564277ac5d5!8m2!3d40.6432709!4d-73.7064663!16s%2Fg%2F12hkbllcz!19sChIJI5301VZkwokR1cV6J2SVQIU?authuser=0&hl=en&rclk=1"
"Nassau Immediate Medical Care","3.5","15","Walk-in clinic","465 Willis Ave, Williston Park, NY 11596, United States","","+1 516-294-3535","https://www.google.com/maps/place/Nassau+Immediate+Medical+Care/data=!4m7!3m6!1s0x89c287e4da7f942f:0x6eba118147543fd7!8m2!3d40.7565884!4d-73.6454355!16s%2Fg%2F1vb9d_1n!19sChIJL5R_2uSHwokR1z9UR4ERum4?authuser=0&hl=en&rclk=1"
"Urgent Care Briarwood | Silver Star Urgent Care","4.7","145","Urgent care center","138-07 Queens Blvd, Queens, NY 11435, United States","http://www.silverstarurgentcare.com/","+1 516-750-0252","https://www.google.com/maps/place/Urgent+Care+Briarwood+%7C+Silver+Star+Urgent+Care/data=!4m7!3m6!1s0x89c261c975dbd407:0x71d7784233d62dd5!8m2!3d40.7088118!4d-73.8182837!16s%2Fg%2F11syv046b9!19sChIJB9TbdclhwokR1S3WM0J413E?authuser=0&hl=en&rclk=1"
"Centers Urgent Care of Flatbush","4.8","1,380","Urgent care center","1811 Avenue J, Brooklyn, NY 11230, United States","https://centersurgentcare.net/centers-urgent-care-of-flatbush/","+1 718-819-6780","https://www.google.com/maps/place/Centers+Urgent+Care+of+Flatbush/data=!4m7!3m6!1s0x89c245a7cbff083f:0x14d4f893ae8770d3!8m2!3d40.6257173!4d-73.958123!16s%2Fg%2F11frnsb63k!19sChIJPwj_y6dFwokR03CHrpP41BQ?authuser=0&hl=en&rclk=1"
"Mount Sinai Doctors-Urgent Care & Multispecialty, Upper West Side","3.9","223","Urgent care center","638 Columbus Ave, New York, NY 10024, United States","https://www.mountsinai.org/locations/msd-upper-west-side?utm_source=Yext&utm_medium=local_listing&utm_campaign=UWSUrgentCare&y_source=1_MTgwODM3MC03MTUtbG9jYXRpb24ud2Vic2l0ZQ%3D%3D","+1 212-828-3250","https://www.google.com/maps/place/Mount+Sinai+Doctors-Urgent+Care+%26+Multispecialty,+Upper+West+Side/data=!4m7!3m6!1s0x89c2589cc2b562a1:0xa95d898b4d1f2351!8m2!3d40.7896225!4d-73.9701614!16s%2Fg%2F11cfjfpsj!19sChIJoWK1wpxYwokRUSMfTYuJXak?authuser=0&hl=en&rclk=1"
"CityMD Rockville Centre Urgent Care - Long Island","4.1","405","Urgent care center","560 Merrick Rd, Rockville Centre, NY 11570, United States","https://www.citymd.com/urgent-care-locations/ny/rockville-centre?utm_source=google&utm_medium=GMB_listings&utm_campaign=citymd_locations_GMB_listings","+1 516-858-2373","https://www.google.com/maps/place/CityMD+Rockville+Centre+Urgent+Care+-+Long+Island/data=!4m7!3m6!1s0x89c27b432006e277:0x6690d77600c8ba0d!8m2!3d40.6539215!4d-73.6329608!16s%2Fg%2F11b6r_5dqt!19sChIJd-IGIEN7wokRDbrIAHbXkGY?authuser=0&hl=en&rclk=1"
"CityMD Greenpoint Urgent Care - Brooklyn","4.0","314","Urgent care center","795 Manhattan Ave, Brooklyn, NY 11222, United States","https://www.citymd.com/urgent-care-locations/ny/greenpoint?utm_source=google&utm_medium=GMB_listings&utm_campaign=citymd_locations_GMB_listings","+1 718-489-3549","https://www.google.com/maps/place/CityMD+Greenpoint+Urgent+Care+-+Brooklyn/data=!4m7!3m6!1s0x89c25946cbe11293:0x3c378a44bc342055!8m2!3d40.7276435!4d-73.9532604!16s%2Fg%2F11cmj4s27w!19sChIJkxLhy0ZZwokRVSA0vESKNzw?authuser=0&hl=en&rclk=1"
"Nao Medical - Mineola Urgent Care","4.5","30","Urgent care center","135 Mineola Blvd, Mineola, NY 11501, United States","https://www.naomedical.com/","+1 917-310-3371","https://www.google.com/maps/place/Nao+Medical+-+Mineola+Urgent+Care/data=!4m7!3m6!1s0x89c27d312e8a5593:0xabcd299fd8538195!8m2!3d40.7426624!4d-73.6412264!16s%2Fg%2F11ts08ltj8!19sChIJk1WKLjF9wokRlYFT2J8pzas?authuser=0&hl=en&rclk=1"
"CityMD Ozone Park Urgent Care - Queens","3.8","424","Urgent care center","102-02 Liberty Ave, Ozone Park, NY 11417, United States","https://www.citymd.com/urgent-care-locations/ny/ozone-park?utm_source=google&utm_medium=GMB_listings&utm_campaign=citymd_locations_GMB_listings","+1 718-571-9265","https://www.google.com/maps/place/CityMD+Ozone+Park+Urgent+Care+-+Queens/data=!4m7!3m6!1s0x89c26784d20afbbf:0x7db72c6da60bd8dd!8m2!3d40.6812243!4d-73.8383524!16s%2Fg%2F11fv38xfl7!19sChIJv_sK0oRnwokR3dgLpm0st30?authuser=0&hl=en&rclk=1"
"Optum Urgent Care - Yorkville","4.3","410","Urgent care center","1601 3rd Ave, New York, NY 10128, United States","https://east.optum.com/locations/urgent-care-yorkville/?&utm_source=google-my-business&utm_medium=organic-search&utm_campaign=urgent-care-location-directory","+1 646-692-6272","https://www.google.com/maps/place/Optum+Urgent+Care+-+Yorkville/data=!4m7!3m6!1s0x89c259f6b2cfff57:0x6c517ccf47fc5af2!8m2!3d40.781306!4d-73.9514716!16s%2Fg%2F11cry2qf1d!19sChIJV__PsvZZwokR8lr8R898UWw?authuser=0&hl=en&rclk=1"
"AFC Urgent Care Throgs Neck","4.5","1,064","Urgent care center","843 Hutchinson Riv Pkwy, Bronx, NY 10465, United States","https://www.afcurgentcare.com/bronx-throgs-neck/?utm_source=GMB&utm_medium=organic&utm_campaign=Bronx","+1 718-925-4400","https://www.google.com/maps/place/AFC+Urgent+Care+Throgs+Neck/data=!4m7!3m6!1s0x89c28b320ee973d1:0xd5d6316f08a7eb66!8m2!3d40.823606!4d-73.8366684!16s%2Fg%2F11b6s_5x2b!19sChIJ0XPpDjKLwokRZuunCG8x1tU?authuser=0&hl=en&rclk=1"
"CityMD East 125th St Urgent Care- Manhattan","2.0","12","Urgent care center","153 E 125th St, New York, NY 10035, United States","https://www.citymd.com/urgent-care-locations/ny/east-125th?utm_source=google&utm_medium=GMB_listings&utm_campaign=citymd_locations_GMB_listings","+1 929-476-0460","https://www.google.com/maps/place/CityMD+East+125th+St+Urgent+Care-+Manhattan/data=!4m7!3m6!1s0x89c2f7428650fcd7:0xf9986417300d0585!8m2!3d40.8043969!4d-73.9367274!16s%2Fg%2F11s67jrlr7!19sChIJ1_xQhkL3wokRhQUNMBdkmPk?authuser=0&hl=en&rclk=1"
"CityMD Maspeth Urgent Care - Queens","4.0","488","Urgent care center","74-25 Grand Ave, Maspeth, NY 11373, United States","https://www.citymd.com/urgent-care-locations/ny/maspeth?utm_source=google&utm_medium=GMB_listings&utm_campaign=citymd_locations_GMB_listings","+1 718-803-2273","https://www.google.com/maps/place/CityMD+Maspeth+Urgent+Care+-+Queens/data=!4m7!3m6!1s0x89c25e586c1e6a9d:0x8f51ff25c7e2608c!8m2!3d40.7308708!4d-73.88748!16s%2Fg%2F1v2pr3vk!19sChIJnWoebFhewokRjGDixyX_UY8?authuser=0&hl=en&rclk=1"
"Mount Sinai-Union Square, Urgent Care","3.7","124","Urgent care center","10 Union Square E, New York, NY 10003, United States","https://www.mountsinai.org/locations/union-square/urgent-care?utm_source=Yext&utm_medium=local_listing&utm_campaign=MSUSUrgentCare&y_source=1_ODQwMzU3NS03MTUtbG9jYXRpb24ud2Vic2l0ZQ%3D%3D","+1 212-844-6000","https://www.google.com/maps/place/Mount+Sinai-Union+Square,+Urgent+Care/data=!4m7!3m6!1s0x89c25998c6a132bb:0x5a408122d7a047d9!8m2!3d40.7348085!4d-73.9896073!16s%2Fg%2F11gbwl633p!19sChIJuzKhxphZwokR2Ueg1yKBQFo?authuser=0&hl=en&rclk=1"
"ModernMD Urgent Care - City Line","4.7","1,897","Urgent care center","1169 Liberty Ave, Brooklyn, NY 11208, United States","https://modernmduc.com/","+1 646-604-8180","https://www.google.com/maps/place/ModernMD+Urgent+Care+-+City+Line/data=!4m7!3m6!1s0x89c25dbff8292055:0xfd3ff629cef6689f!8m2!3d40.6790148!4d-73.8661467!16s%2Fg%2F11hd9kpgvg!19sChIJVSAp-L9dwokRn2j2zin2P_0?authuser=0&hl=en&rclk=1"
"CityMD Fulton Urgent Care - NYC","4.2","390","Urgent care center","138 Fulton St, New York, NY 10038, United States","https://www.citymd.com/urgent-care-locations/ny/fulton?utm_source=google&utm_medium=GMB_listings&utm_campaign=citymd_locations_GMB_listings","+1 212-271-4896","https://www.google.com/maps/place/CityMD+Fulton+Urgent+Care+-+NYC/data=!4m7!3m6!1s0x89c25a183ed5cbaf:0x94c47e4e7106d651!8m2!3d40.7103247!4d-74.0083319!16s%2Fg%2F11c5zzblsq!19sChIJr8vVPhhawokRUdYGcU5-xJQ?authuser=0&hl=en&rclk=1"
"CityMD West 125th Urgent Care - NYC","4.0","523","Urgent care center","80 W 125th St, New York, NY 10027, United States","https://www.citymd.com/urgent-care-locations/ny/west-125th?utm_source=google&utm_medium=GMB_listings&utm_campaign=citymd_locations_GMB_listings","+1 212-913-0820","https://www.google.com/maps/place/CityMD+West+125th+Urgent+Care+-+NYC/data=!4m7!3m6!1s0x89c2f60d1bf6d355:0x85722820288132f5!8m2!3d40.8073606!4d-73.9452799!16s%2Fg%2F11bw47k4jk!19sChIJVdP2Gw32wokR9TKBKCAocoU?authuser=0&hl=en&rclk=1"
"ModernMD Urgent Care","4.7","1,568","Urgent care center","1248 Fulton St, Brooklyn, NY 11216, United States","http://modernmduc.com/","+1 646-604-8130","https://www.google.com/maps/place/ModernMD+Urgent+Care/data=!4m7!3m6!1s0x89c25b9a602e49dd:0x4619a341ff63dc0d!8m2!3d40.6802909!4d-73.9506958!16s%2Fg%2F11ckqrrmf7!19sChIJ3UkuYJpbwokRDdxj_0GjGUY?authuser=0&hl=en&rclk=1"
"CityMD Financial District Urgent Care - NYC","4.1","223","Urgent care center","24 Broad St, New York, NY 10005, United States","https://www.citymd.com/urgent-care-locations/ny/financial-district?utm_source=google&utm_medium=GMB_listings&utm_campaign=citymd_locations_GMB_listings","+1 646-647-1259","https://www.google.com/maps/place/CityMD+Financial+District+Urgent+Care+-+NYC/data=!4m7!3m6!1s0x89c25bfd50e6c5d7:0x35dde028e5d63d1a!8m2!3d40.7064941!4d-74.0112665!16s%2Fg%2F11hz_kvwp6!19sChIJ18XmUP1bwokRGj3W5Sjg3TU?authuser=0&hl=en&rclk=1"
"CityMD East 50th Urgent Care - NYC","4.2","365","Urgent care center","952 2nd Ave, New York, NY 10022, United States","https://www.citymd.com/urgent-care-locations/ny/east-50th?utm_source=google&utm_medium=GMB_listings&utm_campaign=citymd_locations_GMB_listings","+1 212-271-4864","https://www.google.com/maps/place/CityMD+East+50th+Urgent+Care+-+NYC/data=!4m7!3m6!1s0x89c258e257ab4d2d:0xc40604440bd5b029!8m2!3d40.7549254!4d-73.9681041!16s%2Fg%2F11c0rtqpkx!19sChIJLU2rV-JYwokRKbDVC0QEBsQ?authuser=0&hl=en&rclk=1"
"Oceanside Urgent Care","2.7","102","Urgent care center","2710 Long Beach Rd 2nd floor, Oceanside, NY 11572, United States","http://oceansideurgent.com/","+1 516-558-7858","https://www.google.com/maps/place/Oceanside+Urgent+Care/data=!4m7!3m6!1s0x89c27b38877a9859:0x5b77c8bf787bfbd3!8m2!3d40.6458875!4d-73.6389955!16s%2Fg%2F11bx8cphrj!19sChIJWZh6hzh7wokR0_t7eL_Id1s?authuser=0&hl=en&rclk=1"
"AFC Urgent Care East Rockaway","4.8","153","Urgent care center","464 Atlantic Ave, East Rockaway, NY 11518, United States","https://www.afcurgentcare.com/east-rockaway/","+1 516-730-3344","https://www.google.com/maps/place/AFC+Urgent+Care+East+Rockaway/data=!4m7!3m6!1s0x89c2654ac1469e6d:0x19717e6deeae12ce!8m2!3d40.6431262!4d-73.6651168!16s%2Fg%2F11rxp0hz6j!19sChIJbZ5GwUplwokRzhKu7m1-cRk?authuser=0&hl=en&rclk=1"
"CityMD Long Beach Urgent Care - Long Island","4.3","244","Urgent care center","904 W Beech St, Long Beach, NY 11561, United States","https://www.citymd.com/urgent-care-locations/ny/long-beach?utm_source=google&utm_medium=GMB_listings&utm_campaign=citymd_locations_GMB_listings","+1 516-272-4353","https://www.google.com/maps/place/CityMD+Long+Beach+Urgent+Care+-+Long+Island/data=!4m7!3m6!1s0x89c26f85210f94ed:0xcb05155ed4bea016!8m2!3d40.5858127!4d-73.6917186!16s%2Fg%2F1ptykz9v2!19sChIJ7ZQPIYVvwokRFqC-1F4VBcs?authuser=0&hl=en&rclk=1"
"ModernMD Urgent Care - Flatbush","4.7","1,294","Urgent care center","916 Flatbush Ave, Brooklyn, NY 11226, United States","http://modernmduc.com/","+1 646-604-8140","https://www.google.com/maps/place/ModernMD+Urgent+Care+-+Flatbush/data=!4m7!3m6!1s0x89c25b409785de0f:0xed1c0248e23281e1!8m2!3d40.6493098!4d-73.9587221!16s%2Fg%2F11bwpy_c2p!19sChIJD96Fl0BbwokR4YEy4kgCHO0?authuser=0&hl=en&rclk=1"
"UrgentWay Hempstead","3.7","286","Urgent care center","2 Main St, Hempstead, NY 11550, United States","https://www.urgentway.com/locations/urgent-care-hempstead/","+1 516-489-6600","https://www.google.com/maps/place/UrgentWay+Hempstead/data=!4m7!3m6!1s0x89c27d1c2ff4dfd5:0xba56f1e7ffb8bb6c!8m2!3d40.7065465!4d-73.6235359!16s%2Fg%2F1tfjrmqk!19sChIJ1d_0Lxx9wokRbLu4_-fxVro?authuser=0&hl=en&rclk=1"
"CityMD Mott Haven Urgent Care - Bronx","4.4","111","Urgent care center","571 E 138th St, Bronx, NY 10454, United States","https://www.citymd.com/urgent-care-locations/ny/mott-haven?utm_source=google&utm_medium=GMB_listings&utm_campaign=citymd_locations_GMB_listings","+1 718-571-9421","https://www.google.com/maps/place/CityMD+Mott+Haven+Urgent+Care+-+Bronx/data=!4m7!3m6!1s0x89c2f5695ec2ff5d:0x35cae2f4e117c880!8m2!3d40.8069212!4d-73.9172463!16s%2Fg%2F11ll7czmn6!19sChIJXf_CXmn1wokRgMgX4fTiyjU?authuser=0&hl=en&rclk=1"
"CityMD East 67th Urgent Care - NYC","4.2","460","Urgent care center","1150 3rd Ave, New York, NY 10065, United States","https://www.citymd.com/urgent-care-locations/ny/east-67th?utm_source=google&utm_medium=GMB_listings&utm_campaign=citymd_locations_GMB_listings","+1 212-933-0007","https://www.google.com/maps/place/CityMD+East+67th+Urgent+Care+-+NYC/data=!4m7!3m6!1s0x89c258e97cb971fd:0xd47df428bc83b9d9!8m2!3d40.766831!4d-73.963067!16s%2Fg%2F1hhh_z0w5!19sChIJ_XG5fOlYwokR2bmDvCj0fdQ?authuser=0&hl=en&rclk=1"
"AFC Urgent Care East Meadow","4.8","3,783","Urgent care center","2310 Hempstead Tpke, East Meadow, NY 11554, United States","https://www.afcurgentcare.com/eastmeadow/?utm_source=GMB&utm_medium=organic&utm_campaign=EastMeadow","+1 516-346-5090","https://www.google.com/maps/place/AFC+Urgent+Care+East+Meadow/data=!4m7!3m6!1s0x89c27e05aa6ec6ef:0xc85e2174d20dc388!8m2!3d40.724554!4d-73.5507955!16s%2Fg%2F11byy8skv8!19sChIJ78ZuqgV-wokRiMMN0nQhXsg?authuser=0&hl=en&rclk=1"
"AM/PM North Bergen Urgent Care","4.8","3,726","Urgent care center","7405 Bergenline Ave, North Bergen, NJ 07047, United States","http://www.ampmwalkinurgentcare.com/","+1 201-636-6763","https://www.google.com/maps/place/AM%2FPM+North+Bergen+Urgent+Care/data=!4m7!3m6!1s0x89c2f7e02dbeb75f:0xbbb7db35bb675219!8m2!3d40.7988612!4d-74.0092324!16s%2Fg%2F11cn5scv4j!19sChIJX7e-LeD3wokRGVJnuzXbt7s?authuser=0&hl=en&rclk=1"
"CityMD East Meadow Urgent Care - Long Island","4.1","394","Urgent care center","1919 Hempstead Tpke, East Meadow, NY 11554, United States","https://www.citymd.com/urgent-care-locations/ny/east-meadow?utm_source=google&utm_medium=GMB_listings&utm_campaign=citymd_locations_GMB_listings","+1 516-227-2273","https://www.google.com/maps/place/CityMD+East+Meadow+Urgent+Care+-+Long+Island/data=!4m7!3m6!1s0x89c27de354acd5cf:0x3cd8b053174e48e6!8m2!3d40.724599!4d-73.564984!16s%2Fg%2F1ptx7vnrd!19sChIJz9WsVON9wokR5khOF1Ow2Dw?authuser=0&hl=en&rclk=1"
"AFC Urgent Care Bronx 149th","4.3","240","Urgent care center","332 E 149th St, Bronx, NY 10451, United States","https://www.afcurgentcare.com/bronx-149/?utm_source=GMB&utm_medium=organic&utm_campaign=Bronx149","+1 347-329-4010","https://www.google.com/maps/place/AFC+Urgent+Care+Bronx+149th/data=!4m7!3m6!1s0x89c2f5cf139ce277:0x84fab7fe2853a1b3!8m2!3d40.8166151!4d-73.9202812!16s%2Fg%2F11g8vxkm46!19sChIJd-KcE8_1wokRs6FTKP63-oQ?authuser=0&hl=en&rclk=1"
"CityMD NoHo Urgent Care - NYC","3.9","214","Urgent care center","654 Broadway, New York, NY 10012, United States","https://www.citymd.com/urgent-care-locations/ny/noho?utm_source=google&utm_medium=GMB_listings&utm_campaign=citymd_locations_GMB_listings","+1 646-647-1251","https://www.google.com/maps/place/CityMD+NoHo+Urgent+Care+-+NYC/data=!4m7!3m6!1s0x89c259fcb7e68ea1:0xb0b350462f6165b6!8m2!3d40.7269!4d-73.99535!16s%2Fg%2F11g_x43277!19sChIJoY7mt_xZwokRtmVhL0ZQs7A?authuser=0&hl=en&rclk=1"
"QAllCare Urgent Care & Primary Care","3.9","22","Urgent care center","100 E Broadway Unit #1C, New York, NY 10002, United States","http://www.qallcare.com/","+1 646-398-8054","https://www.google.com/maps/place/QAllCare+Urgent+Care+%26+Primary+Care/data=!4m7!3m6!1s0x89c25b68f88005ab:0xe7fd1f932f42ac46!8m2!3d40.7139245!4d-73.9933101!16s%2Fg%2F11kjf7h237!19sChIJqwWA-GhbwokRRqxCL5Mf_ec?authuser=0&hl=en&rclk=1"
"ModernMD Urgent Care","4.7","1,617","Urgent care center","68 Graham Ave, Brooklyn, NY 11206, United States","http://modernmduc.com/","+1 646-604-8120","https://www.google.com/maps/place/ModernMD+Urgent+Care/data=!4m7!3m6!1s0x89c25bfbdea8801b:0xd85dbc38e3cc10b4!8m2!3d40.7033359!4d-73.9422048!16s%2Fg%2F11bw46rpdh!19sChIJG4Co3vtbwokRtBDM4zi8Xdg?authuser=0&hl=en&rclk=1"
"Northwell Health-GoHealth Urgent Care","4.4","128","Urgent care center","30 Glen Cove Rd Ste 1, Greenvale, NY 11548, United States","https://www.gohealthuc.com/northwell/locations/greenvale?utm_source=gmb&utm_medium=organic&utm_content=northwell-greenvale","+1 516-531-6122","https://www.google.com/maps/place/Northwell+Health-GoHealth+Urgent+Care/data=!4m7!3m6!1s0x89c2874838cd834b:0xeac13e9a0585c7c9!8m2!3d40.8102842!4d-73.6281641!16s%2Fg%2F11fct5nlly!19sChIJS4PNOEiHwokRyceFBZo-weo?authuser=0&hl=en&rclk=1"
"Northwell Health-GoHealth Urgent Care","4.5","271","Urgent care center","71 Forest Ave, Glen Cove, NY 11542, United States","https://www.gohealthuc.com/northwell/locations/glen-cove?utm_source=gmb&utm_medium=organic&utm_content=northwell-glencove","+1 347-493-2941","https://www.google.com/maps/place/Northwell+Health-GoHealth+Urgent+Care/data=!4m7!3m6!1s0x89c28586e32328cb:0x3daae6939f850e49!8m2!3d40.8726041!4d-73.6242433!16s%2Fg%2F11h203gfth!19sChIJyygj44aFwokRSQ6Fn5Pmqj0?authuser=0&hl=en&rclk=1"
"Urgi Center","1.0","1","Urgent care center","269-1 76th Ave, Queens, NY 11040, United States","https://childrenshospital.northwell.edu/departments-services/pediatric-emergency-medicine/programs-services/urgi-center","+1 718-470-3800","https://www.google.com/maps/place/Urgi+Center/data=!4m7!3m6!1s0x89c26278d86417d3:0x3224a420651dca44!8m2!3d40.7527485!4d-73.707514!16s%2Fg%2F1tdq6yjg!19sChIJ0xdk2HhiwokRRModZSCkJDI?authuser=0&hl=en&rclk=1"
"HealthNeed Medical Urgent Care","4.9","51","Urgent care center","384 Grand St Front # 3, New York, NY 10002, United States","https://www.healthneeduc.com/","+1 718-888-8879","https://www.google.com/maps/place/HealthNeed+Medical+Urgent+Care/data=!4m7!3m6!1s0x89c2594bf82dc697:0xa88ce797997f1204!8m2!3d40.7164977!4d-73.9876453!16s%2Fg%2F11k5510p3h!19sChIJl8Yt-EtZwokRBBJ_mZfnjKg?authuser=0&hl=en&rclk=1"
"Silver Star Urgent Care","4.6","744","Urgent care center","102-34 Atlantic Ave, Queens, NY 11416, United States","http://silverstarurgentcare.com/","+1 516-750-0252","https://www.google.com/maps/place/Silver+Star+Urgent+Care/data=!4m7!3m6!1s0x89c2678cca4b365f:0xdcd502d4c6259e28!8m2!3d40.6897759!4d-73.8412957!16s%2Fg%2F11h5n5prbr!19sChIJXzZLyoxnwokRKJ4lxtQC1dw?authuser=0&hl=en&rclk=1"