Name,Rating,Reviews,Category,Address,Website,Phone,Url
"CityMD Long Island City Urgent Care - Queens","4.0","377","Urgent care center","25-18 Queens Plaza S, Long Island City, NY 11101, United States","https://www.citymd.com/urgent-care-locations/ny/long-island-city?utm_source=google&utm_medium=GMB_listings&utm_campaign=citymd_locations_GMB_listings","+1 646-647-1261","https://www.google.com/maps/place/CityMD+Long+Island+City+Urgent+Care+-+Queens/data=!4m7!3m6!1s0x89c2596041a81125:0x7cb19fe1611ebc1c!8m2!3d40.7501729!4d-73.9400167!16s%2Fg%2F11h5dvbkmv!19sChIJJRGoQWBZwokRHLweYeGfsXw?authuser=0&hl=en&rclk=1"
"Northwell Health-GoHealth Urgent Care","3.5","13","Urgent care center","25-01 Jackson Ave Suite 100, Queens, NY 11101, United States","https://www.gohealthuc.com/northwell/locations/long-island-city?utm_source=gmb&utm_medium=organic&utm_content=northwell-longislandcity","+1 347-588-4725","https://www.google.com/maps/place/Northwell+Health-GoHealth+Urgent+Care/data=!4m7!3m6!1s0x89c259a28655fc9d:0x444fc987934e8941!8m2!3d40.7472594!4d-73.9443527!16s%2Fg%2F11vbtn222y!19sChIJnfxVhqJZwokRQYlOk4fJT0Q?authuser=0&hl=en&rclk=1"
"HealthNeed Medical Urgent Care","4.9","105","Urgent care center","5-33 48th Ave, Queens, NY 11101, United States","https://www.healthneeduc.com/","+1 718-888-1117","https://www.google.com/maps/place/HealthNeed+Medical+Urgent+Care/data=!4m7!3m6!1s0x89c25923de2c5dab:0xa96085d95a46ac3c!8m2!3d40.744508!4d-73.954626!16s%2Fg%2F11khf57by1!19sChIJq10s3iNZwokRPKxGWtmFYKk?authuser=0&hl=en&rclk=1"
"Urgent-MD","4.3","561","Urgent care center","380 Rockaway Turnpike, Cedarhurst, NY 11516, United States","http://www.urgent-md.com/","+1 516-858-4399","https://www.google.com/maps/place/Urgent-MD/data=!4m7!3m6!1s0x89c265c4aa63e311:0x6596a9592074b173!8m2!3d40.6258594!4d-73.7357957!16s%2Fg%2F1ptvyktqt!19sChIJEeNjqsRlwokRc7F0IFmplmU?authuser=0&hl=en&rclk=1"
"Northwell Health-GoHealth Urgent Care","4.4","514","Urgent care center","37-01 Broadway, Queens, NY 11103, United States","https://www.gohealthuc.com/northwell/locations/astoria?utm_source=gmb&utm_medium=organic&utm_content=northwell-astoria","+1 929-265-5990","https://www.google.com/maps/place/Northwell+Health-GoHealth+Urgent+Care/data=!4m7!3m6!1s0x89c25f3bc71435c3:0x3d6c0bf4557e7331!8m2!3d40.7598249!4d-73.9203442!16s%2Fg%2F11c13mbyj5!19sChIJwzUUxztfwokRMXN-VfQLbD0?authuser=0&hl=en&rclk=1"
"Northwell Health-GoHealth Urgent Care","4.6","794","Urgent care center","41-19 Bell Blvd, Queens, NY 11361, United States","https://www.gohealthuc.com/northwell/locations/bayside?utm_source=gmb&utm_medium=organic&utm_content=northwell-bayside","+1 929-373-4480","https://www.google.com/maps/place/Northwell+Health-GoHealth+Urgent+Care/data=!4m7!3m6!1s0x89c261e00c4aac13:0xb4dba5b3fed0aceb!8m2!3d40.763035!4d-73.770481!16s%2Fg%2F11c1q8cw23!19sChIJE6xKDOBhwokR66zQ_rOl27Q?authuser=0&hl=en&rclk=1"
"UMD Urgent Care - LIC","3.6","127","Urgent care center","5-35 50th Ave, Queens, NY 11101, United States","http://www.umdcare.com/","+1 718-472-5900","https://www.google.com/maps/place/UMD+Urgent+Care+-+LIC/data=!4m7!3m6!1s0x89c25923729e8813:0x9f8b208869e3b512!8m2!3d40.7430778!4d-73.9550181!16s%2Fg%2F11cm0mzn6t!19sChIJE4ieciNZwokRErXjaYggi58?authuser=0&hl=en&rclk=1"
"Northwell Health-GoHealth Urgent Care","4.7","533","Urgent care center","365 Flatbush Ave, Brooklyn, NY 11238, United States","https://www.gohealthuc.com/northwell/locations/park-slope?utm_source=gmb&utm_medium=organic&utm_content=northwell-parkslope","+1 347-871-9485","https://www.google.com/maps/place/Northwell+Health-GoHealth+Urgent+Care/data=!4m7!3m6!1s0x89c25ba87d0e73f7:0xd50df174db0fe931!8m2!3d40.6768534!4d-73.9720108!16s%2Fg%2F11fy4p0fw7!19sChIJ93MOfahbwokRMekP23TxDdU?authuser=0&hl=en&rclk=1"
"Urgent Care Lawrence | Urgent Care Clinic 11559 | Medical Office","4.7","545","Urgent care center","625 Rockaway Turnpike, Lawrence, NY 11559, United States","https://silverstarurgentcare.com/","+1 516-750-0252","https://www.google.com/maps/place/Urgent+Care+Lawrence+%7C+Urgent+Care+Clinic+11559+%7C+Medical+Office/data=!4m7!3m6!1s0x89c2651b5513edcd:0xb022c2d71c475b72!8m2!3d40.6318913!4d-73.7397456!16s%2Fg%2F11j30xs9hb!19sChIJze0TVRtlwokRcltHHNfCIrA?authuser=0&hl=en&rclk=1"
"Nao Medical - Long Island City 36th Ave., Urgent Care","4.5","197","Urgent care center","30-07 36th Ave, Queens, NY 11106, United States","https://www.naomedical.com/locations/urgent-care-long-island-city-queens-nyc-new-york/","+1 917-310-3371","https://www.google.com/maps/place/Nao+Medical+-+Long+Island+City+36th+Ave.,+Urgent+Care/data=!4m7!3m6!1s0x89c25f92603aedcd:0xf39ba4db58424ba6!8m2!3d40.7569294!4d-73.9301804!16s%2Fg%2F11p_1s6b7k!19sChIJze06YJJfwokRpktCWNukm_M?authuser=0&hl=en&rclk=1"
"Centers Urgent Care of Middle Village","4.5","1,366","Urgent care center","6122g Fresh Pond Rd, Queens, NY 11379, United States","https://centersurgentcare.net/centers-urgent-care-of-middle-village/","+1 718-502-3000","https://www.google.com/maps/place/Centers+Urgent+Care+of+Middle+Village/data=!4m7!3m6!1s0x89c25e9aa8772c2f:0xe60bdd99baa3ea7f!8m2!3d40.713865!4d-73.901525!16s%2Fg%2F11b7gn_xgv!19sChIJLyx3qJpewokRf-qjupndC-Y?authuser=0&hl=en&rclk=1"
"Northwell Health-GoHealth Urgent Care","4.5","941","Urgent care center","102-29 Queens Blvd, Queens, NY 11375, United States","https://www.gohealthuc.com/northwell/locations/forest-hills?utm_source=gmb&utm_medium=organic&utm_content=northwell-foresthills","+1 718-502-9798","https://www.google.com/maps/place/Northwell+Health-GoHealth+Urgent+Care/data=!4m7!3m6!1s0x89c25e259b59605d:0xc723fc179ba19070!8m2!3d40.725683!4d-73.850369!16s%2Fg%2F11b6gpbsx2!19sChIJXWBZmyVewokRcJChmxf8I8c?authuser=0&hl=en&rclk=1"
"Optum Urgent Care - Howard Beach","3.3","139","Urgent care center","164-50 Cross Bay Blvd, Queens, NY 11414, United States","https://east.optum.com/locations/urgent-care-howard-beach/?&utm_source=google-my-business&utm_medium=organic-search&utm_campaign=urgent-care-location-directory","+1 718-848-8412","https://www.google.com/maps/place/Optum+Urgent+Care+-+Howard+Beach/data=!4m7!3m6!1s0x89c2674779680357:0x9f2dc68b95823c7!8m2!3d40.6492386!4d-73.8378101!16s%2Fg%2F11sh1njk8p!19sChIJVwNoeUdnwokRxyNYuWjc8gk?authuser=0&hl=en&rclk=1"
"Excel Urgent Care of Howard Beach","4.5","2,966","Urgent care center","157-40 Cross Bay Blvd, Queens, NY 11414, United States","https://excel-urgentcare.com/","+1 917-300-6945","https://www.google.com/maps/place/Excel+Urgent+Care+of+Howard+Beach/data=!4m7!3m6!1s0x89c2677de6759aab:0x7cc22bfa457e559b!8m2!3d40.6612174!4d-73.8408476!16s%2Fg%2F11bw3dlw97!19sChIJq5p15n1nwokRm1V-Rforwnw?authuser=0&hl=en&rclk=1"
"Centers Urgent Care of Astoria","4.7","259","Urgent care center","27-15 30th Ave., Queens, NY 11102, United States","https://centersurgentcare.net/centers-urgent-care-of-astoria/","+1 718-685-2300","https://www.google.com/maps/place/Centers+Urgent+Care+of+Astoria/data=!4m7!3m6!1s0x89c25fb9904e8dc5:0xcfba09a862f1403!8m2!3d40.7681652!4d-73.9234676!16s%2Fg%2F11syt_y8zv!19sChIJxY1OkLlfwokRAxQvhpqg-ww?authuser=0&hl=en&rclk=1"
"CityMD Sunnyside Urgent Care- Queens","4.0","190","Urgent care center","47-16 Greenpoint Ave, Sunnyside, NY 11104, United States","https://www.citymd.com/urgent-care-locations/ny/sunnyside?utm_source=google&utm_medium=GMB_listings&utm_campaign=citymd_locations_GMB_listings","+1 718-571-9332","https://www.google.com/maps/place/CityMD+Sunnyside+Urgent+Care-+Queens/data=!4m7!3m6!1s0x89c25f69832ac9a5:0xca7fb0c39afbd71e!8m2!3d40.7424074!4d-73.917267!16s%2Fg%2F11r0y3dgrl!19sChIJpckqg2lfwokRHtf7msOwf8o?authuser=0&hl=en&rclk=1"
"Northwell Health-GoHealth Urgent Care","4.3","284","Urgent care center","1555 1st Ave., New York, NY 10028, United States","https://www.gohealthuc.com/northwell/locations/east-81st?utm_source=gmb&utm_medium=organic&utm_content=northwell-east81st","+1 212-897-1995","https://www.google.com/maps/place/Northwell+Health-GoHealth+Urgent+Care/data=!4m7!3m6!1s0x89c258b917e75bc5:0x70a0591820f88fe6!8m2!3d40.773599!4d-73.952133!16s%2Fg%2F11c5s8lwbb!19sChIJxVvnF7lYwokR5o_4IBhZoHA?authuser=0&hl=en&rclk=1"
"Northwell Health-GoHealth Urgent Care","4.1","229","Urgent care center","41 E 8th St, New York, NY 10003, United States","https://www.gohealthuc.com/northwell/locations/greenwich-village?utm_source=gmb&utm_medium=organic&utm_content=northwell-greenwichvillage","+1 212-897-1991","https://www.google.com/maps/place/Northwell+Health-GoHealth+Urgent+Care/data=!4m7!3m6!1s0x89c2599a04d631eb:0xd8cd2b37800f24be!8m2!3d40.731428!4d-73.994061!16s%2Fg%2F11cn92rf22!19sChIJ6zHWBJpZwokRviQPgDcrzdg?authuser=0&hl=en&rclk=1"
"Rapid MD Urgent Care","3.9","300","Urgent care center","217-14 Merrick Blvd, Queens, NY 11413, United States","https://www.rapid-md.com/","+1 718-618-6196","https://www.google.com/maps/place/Rapid+MD+Urgent+Care/data=!4m7!3m6!1s0x89c266aba3a0149d:0xd92a87d0622109ee!8m2!3d40.6796082!4d-73.7519458!16s%2Fg%2F11b634c4zz!19sChIJnRSgo6tmwokR7gkhYtCHKtk?authuser=0&hl=en&rclk=1"
"Forest Urgent Care Forest hills Queens","4.5","258","Urgent care center","112-01 75th Ave, Forest Hills, NY 11375, United States","https://www.foresturgentcare.com/","+1 718-268-6808","https://www.google.com/maps/place/Forest+Urgent+Care+Forest+hills+Queens/data=!4m7!3m6!1s0x89c25e20a6327321:0x378bb1150b1c2c4!8m2!3d40.7191494!4d-73.8372301!16s%2Fg%2F1vj603mr!19sChIJIXMypiBewokRxMKxUBG7eAM?authuser=0&hl=en&rclk=1"
"CityMD Astoria Urgent Care - Queens","4.1","719","Urgent care center","31-11 Steinway St, Astoria, NY 11103, United States","https://www.citymd.com/urgent-care-locations/ny/astoria?utm_source=google&utm_medium=GMB_listings&utm_campaign=citymd_locations_GMB_listings","+1 718-475-2345","https://www.google.com/maps/place/CityMD+Astoria+Urgent+Care+-+Queens/data=!4m7!3m6!1s0x89c25f3ea16bec29:0xc4e06c38d1e1a881!8m2!3d40.760811!4d-73.917148!16s%2Fg%2F1ptxh1pdq!19sChIJKexroT5fwokRgajh0Ths4MQ?authuser=0&hl=en&rclk=1"
"Urgent Care Briarwood | Silver Star Urgent Care","4.7","145","Urgent care center","138-07 Queens Blvd, Queens, NY 11435, United States","http://www.silverstarurgentcare.com/","+1 516-750-0252","https://www.google.com/maps/place/Urgent+Care+Briarwood+%7C+Silver+Star+Urgent+Care/data=!4m7!3m6!1s0x89c261c975dbd407:0x71d7784233d62dd5!8m2!3d40.7088118!4d-73.8182837!16s%2Fg%2F11syv046b9!19sChIJB9TbdclhwokR1S3WM0J413E?authuser=0&hl=en&rclk=1"
"Northwell Health-GoHealth Urgent Care","4.5","568","Urgent care center","2689 Broadway, New York, NY 10025, United States","https://www.gohealthuc.com/northwell/locations/west-103rd?utm_source=gmb&utm_medium=organic&utm_content=northwell-w103rd","+1 718-619-8261","https://www.google.com/maps/place/Northwell+Health-GoHealth+Urgent+Care/data=!4m7!3m6!1s0x89c2f625b9f6da35:0x1e12bdb7af5ae803!8m2!3d40.7989626!4d-73.9690456!16s%2Fg%2F1q646s91w!19sChIJNdr2uSX2wokRA-har7e9Eh4?authuser=0&hl=en&rclk=1"
"Northwell Health-GoHealth Urgent Care","4.4","568","Urgent care center","175 E 96th St, New York, NY 10128, United States","https://www.gohealthuc.com/northwell/locations/east-96th?utm_source=gmb&utm_medium=organic&utm_content=northwell-east96th","+1 718-948-4942","https://www.google.com/maps/place/Northwell+Health-GoHealth+Urgent+Care/data=!4m7!3m6!1s0x89c258a66fa8d5fd:0x41f6dbf6de1105ba!8m2!3d40.7856768!4d-73.9495346!16s%2Fg%2F11bwqllqdg!19sChIJ_dWob6ZYwokRugUR3vbb9kE?authuser=0&hl=en&rclk=1"
"CityMD Ditmars Urgent Care - Queens","3.9","328","Urgent care center","22-48 31st St, Astoria, NY 11105, United States","https://www.citymd.com/urgent-care-locations/ny/ditmars?utm_source=google&utm_medium=GMB_listings&utm_campaign=citymd_locations_GMB_listings","+1 718-571-9192","https://www.google.com/maps/place/CityMD+Ditmars+Urgent+Care+-+Queens/data=!4m7!3m6!1s0x89c25f67f757c697:0xc44f8ef65182f470!8m2!3d40.775315!4d-73.9122378!16s%2Fg%2F11gh48xzkp!19sChIJl8ZX92dfwokRcPSCUfaOT8Q?authuser=0&hl=en&rclk=1"
"Northwell Health-GoHealth Urgent Care","4.2","371","Urgent care center","199 Amsterdam Ave, New York, NY 10023, United States","https://www.gohealthuc.com/northwell/locations/w-69th?utm_source=gmb&utm_medium=organic&utm_content=northwell-w69th","+1 212-721-4200","https://www.google.com/maps/place/Northwell+Health-GoHealth+Urgent+Care/data=!4m7!3m6!1s0x89c2588a9d95764d:0x6686ce52c1a1cfab!8m2!3d40.776423!4d-73.982804!16s%2Fg%2F1tf6n37q!19sChIJTXaVnYpYwokRq8-hwVLOhmY?authuser=0&hl=en&rclk=1"
"New York Urgent Care | Walk In Urgent Care Center in Long Island","3.5","151","Urgent care center","251-05 Jericho Turnpike, Queens, NY 11426, United States","https://nyucc.com/?utm_source=local&utm_medium=organic&utm_campaign=gmb&utm_content=website","+1 718-962-2273","https://www.google.com/maps/place/New+York+Urgent+Care+%7C+Walk+In+Urgent+Care+Center+in+Long+Island/data=!4m7!3m6!1s0x89c26245675e680d:0xe7c2de1fbf2b2ca9!8m2!3d40.727251!4d-73.7138489!16s%2Fg%2F11xc78zn9!19sChIJDWheZ0ViwokRqSwrvx_ewuc?authuser=0&hl=en&rclk=1"
"MyDoc Urgent Care - Forest Hills, Queens","4.7","1,268","Urgent care center","116-20 Queens Blvd, Forest Hills, NY 11375, United States","https://mydocurgentcare.com/?UTM_source=GMB_listing&UTM_medium=organic","+1 718-401-1510","https://www.google.com/maps/place/MyDoc+Urgent+Care+-+Forest+Hills,+Queens/data=!4m7!3m6!1s0x89c25f36aaaaaaab:0x78f416476e1bd600!8m2!3d40.7155202!4d-73.8332558!16s%2Fg%2F1pp2txh6f!19sChIJq6qqqjZfwokRANYbbkcW9Hg?authuser=0&hl=en&rclk=1"
"CityMD Rego Park Urgent Care - Queens","4.1","488","Urgent care center","91-19 Queens Blvd, Elmhurst, NY 11373, United States","https://www.citymd.com/urgent-care-locations/ny/rego-park?utm_source=google&utm_medium=GMB_listings&utm_campaign=citymd_locations_GMB_listings","+1 646-647-1253","https://www.google.com/maps/place/CityMD+Rego+Park+Urgent+Care+-+Queens/data=!4m7!3m6!1s0x89c25fba7c2f8783:0x40dbc750003671ca!8m2!3d40.7337861!4d-73.8698025!16s%2Fg%2F11gvwn36ft!19sChIJg4cvfLpfwokRynE2AFDH20A?authuser=0&hl=en&rclk=1"
"Nao Medical - Jamaica Urgent Care","4.4","493","Urgent care center","90-18 Sutphin Blvd, Queens, NY 11435, United States","https://naomedical.com/sites/urgent-care-jamaica-walk-in-clinic-medical-center-nyc-11435","+1 917-310-3371","https://www.google.com/maps/place/Nao+Medical+-+Jamaica+Urgent+Care/data=!4m7!3m6!1s0x89c2616cbd14ca1b:0x6b5191cb88b01122!8m2!3d40.702451!4d-73.808505!16s%2Fg%2F11k5nwyp_y!19sChIJG8oUvWxhwokRIhGwiMuRUWs?authuser=0&hl=en&rclk=1"
"CityMD Ridgewood Urgent Care- Queens","4.1","64","Urgent care center","5626 Myrtle Ave, Ridgewood, NY 11385, United States","https://www.citymd.com/urgent-care-locations/ny/ridgewood?utm_source=google&utm_medium=GMB_listings&utm_campaign=citymd_locations_GMB_listings","+1 718-571-9714","https://www.google.com/maps/place/CityMD+Ridgewood+Urgent+Care-+Queens/data=!4m7!3m6!1s0x89c25d4afc6cba49:0x281aa249f54952e4!8m2!3d40.700079!4d-73.905186!16s%2Fg%2F11pv31ynlx!19sChIJSbps_EpdwokR5FJJ9UmiGig?authuser=0&hl=en&rclk=1"
"+MEDRITE East Harlem Urgent Care - Manhattan","4.8","115","Urgent care center","203 E 109th St, New York, NY 10029, United States","https://medriteurgentcare.com/center/medrite-east-harlem-urgent-care-manhattan/","+1 212-658-1075","https://www.google.com/maps/place/%2BMEDRITE+East+Harlem+Urgent+Care+-+Manhattan/data=!4m7!3m6!1s0x89c2f76a8bd25f97:0x8314d0ec8d9d8dca!8m2!3d40.7935043!4d-73.9426525!16s%2Fg%2F11t7l40l6y!19sChIJl1_Si2r3wokRyo2djezQFIM?authuser=0&hl=en&rclk=1"
"Centers Urgent Care of Flatbush","4.8","1,380","Urgent care center","1811 Avenue J, Brooklyn, NY 11230, United States","https://centersurgentcare.net/centers-urgent-care-of-flatbush/","+1 718-819-6780","https://www.google.com/maps/place/Centers+Urgent+Care+of+Flatbush/data=!4m7!3m6!1s0x89c245a7cbff083f:0x14d4f893ae8770d3!8m2!3d40.6257173!4d-73.958123!16s%2Fg%2F11frnsb63k!19sChIJPwj_y6dFwokR03CHrpP41BQ?authuser=0&hl=en&rclk=1"
"Chai Urgent Care - East Elmhurst, NY","3.8","88","Urgent care center","75-37 31st Ave, Queens, NY 11370, United States","https://www.chaicare.org/urgent-care/locations/queens/east-elmhurst/","+1 929-565-2424","https://www.google.com/maps/place/Chai+Urgent+Care+-+East+Elmhurst,+NY/data=!4m7!3m6!1s0x89c25f2b4b785d49:0xa4072f396b6b54ae!8m2!3d40.7597225!4d-73.8922905!16s%2Fg%2F11rgs05r6y!19sChIJSV14SytfwokRrlRrazkvB6Q?authuser=0&hl=en&rclk=1"
"CityMD Fresh Meadows Urgent Care - Queens","4.1","653","Urgent care center","61-18 188th St, Fresh Meadows, NY 11365, United States","https://www.citymd.com/urgent-care-locations/ny/fresh-meadows?utm_source=google&utm_medium=GMB_listings&utm_campaign=citymd_locations_GMB_listings","+1 718-489-5003","https://www.google.com/maps/place/CityMD+Fresh+Meadows+Urgent+Care+-+Queens/data=!4m7!3m6!1s0x89c261b10526454f:0xa1035cf7c92355c!8m2!3d40.7399637!4d-73.7867669!16s%2Fg%2F11b8_014n2!19sChIJT0UmBbFhwokRXDWSfM81EAo?authuser=0&hl=en&rclk=1"
"24 Hour Urgent Care Mill Basin","4.2","10","Urgent care center","5002 Flatlands Ave suite #355, Brooklyn, NY 11234, United States","","+1 929-999-6482","https://www.google.com/maps/place/24+Hour+Urgent+Care+Mill+Basin/data=!4m7!3m6!1s0x880025551e6394c9:0x7310469f8071d7d5!8m2!3d40.6260885!4d-73.9274496!16s%2Fg%2F11vd6ngtw8!19sChIJyZRjHlUlAIgR1ddxgJ9GEHM?authuser=0&hl=en&rclk=1"
"Hillside Urgent Care","3.8","85","Urgent care center","164 03 Hillside Ave., Queens, NY 11432, United States","http://www.hillsideurgentcare.com/","+1 718-554-8072","https://www.google.com/maps/place/Hillside+Urgent+Care/data=!4m7!3m6!1s0x89c260e09e09a7e9:0x5d86d36b936b5d7a!8m2!3d40.7090747!4d-73.7988979!16s%2Fg%2F11bx1tbgtf!19sChIJ6acJnuBgwokRel1rk2vThl0?authuser=0&hl=en&rclk=1"
"Brookdale Urgent Care Center","2.4","118","Urgent care center","1235 Linden Blvd, Brooklyn, NY 11212, United States","","+1 718-975-8368","https://www.google.com/maps/place/Brookdale+Urgent+Care+Center/data=!4m7!3m6!1s0x89c25c92dda0e691:0x8f4d21ed7b076e89!8m2!3d40.6544567!4d-73.9133729!16s%2Fg%2F11b5pjt_wr!19sChIJkeag3ZJcwokRiW4He-0hTY8?authuser=0&hl=en&rclk=1"
"Centers Urgent Care of Forest Hills","4.6","126","Urgent care center","64-02 108th St, Queens, NY 11375, United States","https://centersurgentcare.net/forest-hills/?UTM_source=GMB_listing&UTM_medium=organic","+1 718-395-3788","https://www.google.com/maps/place/Centers+Urgent+Care+of+Forest+Hills/data=!4m7!3m6!1s0x89c25f24d64d4d6b:0x604c70d0dd430d99!8m2!3d40.7326875!4d-73.8499775!16s%2Fg%2F11k9sc1sx8!19sChIJa01N1iRfwokRmQ1D3dBwTGA?authuser=0&hl=en&rclk=1"
"CityMD Brooklyn Heights Urgent Care - Brooklyn","4.2","320","Urgent care center","135 Montague St, Brooklyn, NY 11201, United States","https://www.citymd.com/urgent-care-locations/ny/brooklyn-heights?utm_source=google&utm_medium=GMB_listings&utm_campaign=citymd_locations_GMB_listings","+1 646-346-7918","https://www.google.com/maps/place/CityMD+Brooklyn+Heights+Urgent+Care+-+Brooklyn/data=!4m7!3m6!1s0x89c25a486258923d:0xff6d498a32f61d2b!8m2!3d40.6949034!4d-73.9938962!16s%2Fg%2F11gblfdth7!19sChIJPZJYYkhawokRKx32MopJbf8?authuser=0&hl=en&rclk=1"
"CityMD Bushwick Urgent Care - Brooklyn","4.0","536","Urgent care center","399 Knickerbocker Ave, Brooklyn, NY 11237, United States","https://www.citymd.com/urgent-care-locations/ny/bushwick?utm_source=google&utm_medium=GMB_listings&utm_campaign=citymd_locations_GMB_listings","+1 718-571-9168","https://www.google.com/maps/place/CityMD+Bushwick+Urgent+Care+-+Brooklyn/data=!4m7!3m6!1s0x89c25c1bbbbc0ea9:0x711d223544ef7200!8m2!3d40.7002212!4d-73.9203219!16s%2Fg%2F11gczwwsj6!19sChIJqQ68uxtcwokRAHLvRDUiHXE?authuser=0&hl=en&rclk=1"
"Nao Medical - Astoria Urgent Care","4.3","1,349","Urgent care center","37-15 23rd Ave, Queens, NY 11105, United States","https://www.naomedical.com/locations/urgent-care-astoria-queens-nyc-new-york/","+1 917-310-3371","https://www.google.com/maps/place/Nao+Medical+-+Astoria+Urgent+Care/data=!4m7!3m6!1s0x89c25f68fd75a897:0xfcbcef722ee8f4e!8m2!3d40.7718485!4d-73.908785!16s%2Fg%2F1wfcq1kk!19sChIJl6h1_WhfwokRTo_uIvfOyw8?authuser=0&hl=en&rclk=1"
"Queens Urgent Care","4.2","859","Urgent care center","178-11 Union Tpke, Queens, NY 11366, United States","","+1 718-480-1233","https://www.google.com/maps/place/Queens+Urgent+Care/data=!4m7!3m6!1s0x89c26100ba0291f5:0xd30d97d78ff78fc6!8m2!3d40.726567!4d-73.7897419!16s%2Fg%2F11byx847yf!19sChIJ9ZECugBhwokRxo_3j9eXDdM?authuser=0&hl=en&rclk=1"
"HealthNeed Medical Urgent Care","3.5","206","Urgent care center","136-21 Roosevelt Ave, Flushing, NY 11354, United States","http://www.healthneeduc.com/","+1 718-888-1808","https://www.google.com/maps/place/HealthNeed+Medical+Urgent+Care/data=!4m7!3m6!1s0x89c260102ec78c27:0x7a25a9b113be5497!8m2!3d40.7599986!4d-73.8293434!16s%2Fg%2F11gf1q488t!19sChIJJ4zHLhBgwokRl1S-E7GpJXo?authuser=0&hl=en&rclk=1"
"CityMD Greenpoint Urgent Care - Brooklyn","4.0","314","Urgent care center","795 Manhattan Ave, Brooklyn, NY 11222, United States","https://www.citymd.com/urgent-care-locations/ny/greenpoint?utm_source=google&utm_medium=GMB_listings&utm_campaign=citymd_locations_GMB_listings","+1 718-489-3549","https://www.google.com/maps/place/CityMD+Greenpoint+Urgent+Care+-+Brooklyn/data=!4m7!3m6!1s0x89c25946cbe11293:0x3c378a44bc342055!8m2!3d40.7276435!4d-73.9532604!16s%2Fg%2F11cmj4s27w!19sChIJkxLhy0ZZwokRVSA0vESKNzw?authuser=0&hl=en&rclk=1"
"Nao Medical - Jackson Heights Urgent Care","4.3","1,167","Urgent care center","80-10 Northern Blvd, Queens, NY 11372, United States","https://naomedical.com/sites/urgent-care-jackson-heights-walk-in-medical-clinic-northern-blvd","+1 917-310-3371","https://www.google.com/maps/place/Nao+Medical+-+Jackson+Heights+Urgent+Care/data=!4m7!3m6!1s0x89c25fa73c87d825:0x9985fc4d511a1b4b!8m2!3d40.7551578!4d-73.8868976!16s%2Fg%2F11g_h_y7l!19sChIJJdiHPKdfwokRSxsaUU38hZk?authuser=0&hl=en&rclk=1"
"Kāmin Health - Union Medical Urgent Care","4.2","586","Urgent care center","184-20 Union Tpke, Queens, NY 11366, United States","","+1 718-575-0974","https://www.google.com/maps/place/K%C4%81min+Health+-+Union+Medical+Urgent+Care/data=!4m7!3m6!1s0x89c261a7d1c663ff:0xb137c3a3132cb7b4!8m2!3d40.7280463!4d-73.7836836!16s%2Fg%2F1pzry89wj!19sChIJ_2PG0adhwokRtLcsE6PDN7E?authuser=0&hl=en&rclk=1"
"HealthNeed Medical Urgent Care","4.9","51","Urgent care center","384 Grand St Front # 3, New York, NY 10002, United States","https://www.healthneeduc.com/","+1 718-888-8879","https://www.google.com/maps/place/HealthNeed+Medical+Urgent+Care/data=!4m7!3m6!1s0x89c2594bf82dc697:0xa88ce797997f1204!8m2!3d40.7164977!4d-73.9876453!16s%2Fg%2F11k5510p3h!19sChIJl8Yt-EtZwokRBBJ_mZfnjKg?authuser=0&hl=en&rclk=1"
"+MEDRITE Tribeca Urgent Care - Manhattan","4.6","178","Urgent care center","139 Chambers St, New York, NY 10007, United States","https://medriteurgentcare.com/center/medrite-tribeca-urgent-care/","+1 212-785-0001","https://www.google.com/maps/place/%2BMEDRITE+Tribeca+Urgent+Care+-+Manhattan/data=!4m7!3m6!1s0x89c25b69f8eeee9b:0xbb595ac3bf91c4cc!8m2!3d40.7158865!4d-74.0094997!16s%2Fg%2F11p73c0nqd!19sChIJm-7u-GlbwokRzMSRv8NaWbs?authuser=0&hl=en&rclk=1"
"AFC Urgent Care Howard Beach","4.7","1,034","Urgent care center","135-25 79th St, Queens, NY 11414, United States","https://www.afcurgentcare.com/howard-beach/?utm_source=GMB&utm_medium=organic&utm_campaign=HowardBeach","+1 718-925-3475","https://www.google.com/maps/place/AFC+Urgent+Care+Howard+Beach/data=!4m7!3m6!1s0x89c25d6ba1c1e973:0x2126d640ed8b9a64!8m2!3d40.6712718!4d-73.8559655!16s%2Fg%2F11fn7jm_0p!19sChIJc-nBoWtdwokRZJqL7UDWJiE?authuser=0&hl=en&rclk=1"
"ModernMD Urgent Care","4.6","1,131","Urgent care center","366 Knickerbocker Ave, Brooklyn, NY 11237, United States","http://modernmduc.com/","+1 646-604-8160","https://www.google.com/maps/place/ModernMD+Urgent+Care/data=!4m7!3m6!1s0x89c25c1b0bcd6fd7:0xeba3725f2feba229!8m2!3d40.700389!4d-73.9215019!16s%2Fg%2F11c0vbwwmx!19sChIJ12_NCxtcwokRKaLrL19yo-s?authuser=0&hl=en&rclk=1"
"Mount Sinai-Union Square, Urgent Care","3.7","124","Urgent care center","10 Union Square E, New York, NY 10003, United States","https://www.mountsinai.org/locations/union-square/urgent-care?utm_source=Yext&utm_medium=local_listing&utm_campaign=MSUSUrgentCare&y_source=1_ODQwMzU3NS03MTUtbG9jYXRpb24ud2Vic2l0ZQ%3D%3D","+1 212-844-6000","https://www.google.com/maps/place/Mount+Sinai-Union+Square,+Urgent+Care/data=!4m7!3m6!1s0x89c25998c6a132bb:0x5a408122d7a047d9!8m2!3d40.7348085!4d-73.9896073!16s%2Fg%2F11gbwl633p!19sChIJuzKhxphZwokR2Ueg1yKBQFo?authuser=0&hl=en&rclk=1"
"CityMD Jackson Heights Urgent Care - Queens","4.0","674","Urgent care center","73-02 Roosevelt Ave, Jackson Heights, NY 11372, United States","https://www.citymd.com/urgent-care-locations/ny/jackson-heights?utm_source=google&utm_medium=GMB_listings&utm_campaign=citymd_locations_GMB_listings","+1 718-475-2351","https://www.google.com/maps/place/CityMD+Jackson+Heights+Urgent+Care+-+Queens/data=!4m7!3m6!1s0x89c25f01286bbe2f:0x3d800aedfda43c4f!8m2!3d40.7466047!4d-73.8921359!16s%2Fg%2F11b5zt0x1j!19sChIJL75rKAFfwokRTzyk_e0KgD0?authuser=0&hl=en&rclk=1"
"CityMD Maspeth Urgent Care - Queens","4.0","488","Urgent care center","74-25 Grand Ave, Maspeth, NY 11373, United States","https://www.citymd.com/urgent-care-locations/ny/maspeth?utm_source=google&utm_medium=GMB_listings&utm_campaign=citymd_locations_GMB_listings","+1 718-803-2273","https://www.google.com/maps/place/CityMD+Maspeth+Urgent+Care+-+Queens/data=!4m7!3m6!1s0x89c25e586c1e6a9d:0x8f51ff25c7e2608c!8m2!3d40.7308708!4d-73.88748!16s%2Fg%2F1v2pr3vk!19sChIJnWoebFhewokRjGDixyX_UY8?authuser=0&hl=en&rclk=1"
"CityMD Cobble Hill Urgent Care - Brooklyn","4.2","240","Urgent care center","228-230 Court St, Brooklyn, NY 11201, United States","https://www.citymd.com/urgent-care-locations/ny/cobble-hill?utm_source=google&utm_medium=GMB_listings&utm_campaign=citymd_locations_GMB_listings","+1 718-280-5362","https://www.google.com/maps/place/CityMD+Cobble+Hill+Urgent+Care+-+Brooklyn/data=!4m7!3m6!1s0x89c25a500ccba16f:0xa381cf0cebff311a!8m2!3d40.686293!4d-73.994238!16s%2Fg%2F11b6rz345y!19sChIJb6HLDFBawokRGjH_6wzPgaM?authuser=0&hl=en&rclk=1"
"Silver Star Urgent Care","4.6","744","Urgent care center","102-34 Atlantic Ave, Queens, NY 11416, United States","http://silverstarurgentcare.com/","+1 516-750-0252","https://www.google.com/maps/place/Silver+Star+Urgent+Care/data=!4m7!3m6!1s0x89c2678cca4b365f:0xdcd502d4c6259e28!8m2!3d40.6897759!4d-73.8412957!16s%2Fg%2F11h5n5prbr!19sChIJXzZLyoxnwokRKJ4lxtQC1dw?authuser=0&hl=en&rclk=1"
"CityMD Woodhaven Urgent Care- Queens","4.2","121","Urgent care center","91-07 Jamaica Ave, Woodhaven, NY 11421, United States","https://www.citymd.com/urgent-care-locations/ny/woodhaven?utm_source=google&utm_medium=GMB_listings&utm_campaign=citymd_locations_GMB_listings","+1 929-476-0443","https://www.google.com/maps/place/CityMD+Woodhaven+Urgent+Care-+Queens/data=!4m7!3m6!1s0x89c25d4d858fd739:0xd972e11edc2ba64a!8m2!3d40.6932918!4d-73.8535144!16s%2Fg%2F11sh1ffpp5!19sChIJOdePhU1dwokRSqYr3B7hctk?authuser=0&hl=en&rclk=1"
"CityMD Fulton Urgent Care - NYC","4.2","390","Urgent care center","138 Fulton St, New York, NY 10038, United States","https://www.citymd.com/urgent-care-locations/ny/fulton?utm_source=google&utm_medium=GMB_listings&utm_campaign=citymd_locations_GMB_listings","+1 212-271-4896","https://www.google.com/maps/place/CityMD+Fulton+Urgent+Care+-+NYC/data=!4m7!3m6!1s0x89c25a183ed5cbaf:0x94c47e4e7106d651!8m2!3d40.7103247!4d-74.0083319!16s%2Fg%2F11c5zzblsq!19sChIJr8vVPhhawokRUdYGcU5-xJQ?authuser=0&hl=en&rclk=1"
"CityMD Auburndale Urgent Care - Queens","4.2","439","Urgent care center","191-20 Northern Blvd, Flushing, NY 11358, United States","https://www.citymd.com/urgent-care-locations/ny/auburndale?utm_source=google&utm_medium=GMB_listings&utm_campaign=citymd_locations_GMB_listings","+1 718-224-8855","https://www.google.com/maps/place/CityMD+Auburndale+Urgent+Care+-+Queens/data=!4m7!3m6!1s0x89c261de0a25d63d:0x6e7184839d1a8d16!8m2!3d40.7575684!4d-73.7903857!16s%2Fg%2F1tg_x_tt!19sChIJPdYlCt5hwokRFo0anYOEcW4?authuser=0&hl=en&rclk=1"
"HealthNeed Medical Urgent Care","4.3","49","Urgent care center","139-11 Franklin Ave, Queens, NY 11355, United States","https://www.healthneeduc.com/","+1 718-888-9909","https://www.google.com/maps/place/HealthNeed+Medical+Urgent+Care/data=!4m7!3m6!1s0x89c2612d4e6a988d:0x4cf0353b597929f4!8m2!3d40.75547!4d-73.825287!16s%2Fg%2F11rv0mytpd!19sChIJjZhqTi1hwokR9Cl5WTs18Ew?authuser=0&hl=en&rclk=1"
"ModernMD Urgent Care","4.7","1,568","Urgent care center","1248 Fulton St, Brooklyn, NY 11216, United States","http://modernmduc.com/","+1 646-604-8130","https://www.google.com/maps/place/ModernMD+Urgent+Care/data=!4m7!3m6!1s0x89c25b9a602e49dd:0x4619a341ff63dc0d!8m2!3d40.6802909!4d-73.9506958!16s%2Fg%2F11ckqrrmf7!19sChIJ3UkuYJpbwokRDdxj_0GjGUY?authuser=0&hl=en&rclk=1"
"CityMD Jamaica Urgent Care - Queens","4.3","881","Urgent care center","162-21 Jamaica Ave, Jamaica, NY 11432, United States","https://www.citymd.com/urgent-care-locations/ny/jamaica?utm_source=google&utm_medium=GMB_listings&utm_campaign=citymd_locations_GMB_listings","+1 718-571-9116","https://www.google.com/maps/place/CityMD+Jamaica+Urgent+Care+-+Queens/data=!4m7!3m6!1s0x89c260df2589f473:0x83a77ac442be9d7e!8m2!3d40.7048512!4d-73.797057!16s%2Fg%2F11dzw3_scc!19sChIJc_SJJd9gwokRfp2-QsR6p4M?authuser=0&hl=en&rclk=1"
"LevelUp MD Forest Hills Occupational Health","4.4","84","Urgent care center","107-40 Queens Blvd, Queens, NY 11375, United States","https://levelupuc.com/location/forest-hills-ny-107-40-queens-blvd/","+1 718-964-6288","https://www.google.com/maps/place/LevelUp+MD+Forest+Hills+Occupational+Health/data=!4m7!3m6!1s0x89c25fb3091a6697:0xd52556d7da5ac9a3!8m2!3d40.7215039!4d-73.8447787!16s%2Fg%2F11t7zmx7v8!19sChIJl2YaCbNfwokRo8la2tdWJdU?authuser=0&hl=en&rclk=1"
"CityMD Boerum Hill Urgent Care - Brooklyn","4.1","382","Urgent care center","457 Atlantic Ave, Brooklyn, NY 11217, United States","https://www.citymd.com/urgent-care-locations/ny/boerum-hill?utm_source=google&utm_medium=GMB_listings&utm_campaign=citymd_locations_GMB_listings","+1 718-530-1144","https://www.google.com/maps/place/CityMD+Boerum+Hill+Urgent+Care+-+Brooklyn/data=!4m7!3m6!1s0x89c25bb2af6f9de1:0xe27a39f9997a2dae!8m2!3d40.686189!4d-73.982309!16s%2Fg%2F1ptw1pzd9!19sChIJ4Z1vr7JbwokRri16mfk5euI?authuser=0&hl=en&rclk=1"
"Doc Care Q1- Primary Care, Urgent Care & Telemedicine","4.5","665","Medical clinic","66-55 Fresh Pond Rd, Queens, NY 11385, United States","http://doccareny.com/","+1 718-497-1919","https://www.google.com/maps/place/Doc+Care+Q1-+Primary+Care,+Urgent+Care+%26+Telemedicine/data=!4m7!3m6!1s0x89c25e839980cd85:0x39a45497fe2b1dc5!8m2!3d40.7073435!4d-73.8971245!16s%2Fg%2F1tdk1hzg!19sChIJhc2AmYNewokRxR0r_pdUpDk?authuser=0&hl=en&rclk=1"
"+MEDRITE Jamaica Urgent Care - Queens","4.5","190","Urgent care center","160-15 Jamaica Ave, Queens, NY 11432, United States","https://medriteurgentcare.com/center/medrite-jamaica-urgent-care/","+1 718-908-7222","https://www.google.com/maps/place/%2BMEDRITE+Jamaica+Urgent+Care+-+Queens/data=!4m7!3m6!1s0x89c261d1ff609e79:0x7f7c8d9ddc3e66ae!8m2!3d40.7041396!4d-73.7987909!16s%2Fg%2F11rz59wpj2!19sChIJeZ5g_9FhwokRrmY-3J2NfH8?authuser=0&hl=en&rclk=1"
"DocGo On-Demand Urgent Care","4.9","109","Urgent care center","","https://docgo.com/ondemand","+1 844-443-6246","https://www.google.com/maps/place/DocGo+On-Demand+Urgent+Care/data=!4m7!3m6!1s0x467405ce384f1303:0x73e3e207a57f8650!8m2!3d40.7332041!4d-73.8411824!16s%2Fg%2F11s38qrn08!19sChIJAxNPOM4FdEYRUIZ_pQfi43M?authuser=0&hl=en&rclk=1"
"ModernMD Urgent Care","4.7","1,617","Urgent care center","68 Graham Ave, Brooklyn, NY 11206, United States","http://modernmduc.com/","+1 646-604-8120","https://www.google.com/maps/place/ModernMD+Urgent+Care/data=!4m7!3m6!1s0x89c25bfbdea8801b:0xd85dbc38e3cc10b4!8m2!3d40.7033359!4d-73.9422048!16s%2Fg%2F11bw46rpdh!19sChIJG4Co3vtbwokRtBDM4zi8Xdg?authuser=0&hl=en&rclk=1"
"CityMD NoHo Urgent Care - NYC","3.9","214","Urgent care center","654 Broadway, New York, NY 10012, United States","https://www.citymd.com/urgent-care-locations/ny/noho?utm_source=google&utm_medium=GMB_listings&utm_campaign=citymd_locations_GMB_listings","+1 646-647-1251","https://www.google.com/maps/place/CityMD+NoHo+Urgent+Care+-+NYC/data=!4m7!3m6!1s0x89c259fcb7e68ea1:0xb0b350462f6165b6!8m2!3d40.7269!4d-73.99535!16s%2Fg%2F11g_x43277!19sChIJoY7mt_xZwokRtmVhL0ZQs7A?authuser=0&hl=en&rclk=1"
"+MEDRITE Clinton Hill Urgent Care - Brooklyn","4.5","862","Urgent care center","504 Myrtle Ave, Brooklyn, NY 11205, United States","https://medriteurgentcare.com/center/medrite-clinton-hill-urgent-care/","+1 718-400-9633","https://www.google.com/maps/place/%2BMEDRITE+Clinton+Hill+Urgent+Care+-+Brooklyn/data=!4m7!3m6!1s0x89c25baef5ab29b7:0x973fd44629351267!8m2!3d40.6933732!4d-73.964833!16s%2Fg%2F11h3njdrtd!19sChIJtymr9a5bwokRZxI1KUbUP5c?authuser=0&hl=en&rclk=1"
"CityMD Bergen Beach Urgent Care - Brooklyn","4.0","748","Urgent care center","2183A Ralph Ave, Brooklyn, NY 11234, United States","https://www.citymd.com/urgent-care-locations/ny/bergen-beach?utm_source=google&utm_medium=GMB_listings&utm_campaign=citymd_locations_GMB_listings","+1 718-571-9225","https://www.google.com/maps/place/CityMD+Bergen+Beach+Urgent+Care+-+Brooklyn/data=!4m7!3m6!1s0x89c2434b3ed92703:0xa400f5d4789600cd!8m2!3d40.6267006!4d-73.9171063!16s%2Fg%2F11hd77_d2p!19sChIJAyfZPktDwokRzQCWeNT1AKQ?authuser=0&hl=en&rclk=1"
"AFC Urgent Care Valley Stream","4.8","207","Urgent care center","1585 Dutch Broadway, Valley Stream, NY 11580, United States","https://www.afcurgentcare.com/valley-stream/?UTM_source=GMB_listing&UTM_medium=organic","+1 516-490-6300","https://www.google.com/maps/place/AFC+Urgent+Care+Valley+Stream/data=!4m7!3m6!1s0x89c263e23a1ac559:0xe67a71d4922b65bc!8m2!3d40.6863783!4d-73.7016547!16s%2Fg%2F11p6k2z_h9!19sChIJWcUaOuJjwokRvGUrktRxeuY?authuser=0&hl=en&rclk=1"
"UMD URGENT CARE-BILLING DEPARTMENT","","","Urgent care center","","","+1 212-242-4333","https://www.google.com/maps/place/UMD+URGENT+CARE-BILLING+DEPARTMENT/data=!4m7!3m6!1s0x2f7890dd49fabd01:0x9efa3333ec4eab85!8m2!3d46.423669!4d-129.9427086!16s%2Fg%2F11kc7y74vj!19sChIJAb36Sd2QeC8RhatO7DMz-p4?authuser=0&hl=en&rclk=1"
"CityMD Lower East Side Urgent Care - NYC","4.3","482","Urgent care center","138 Delancey St, New York, NY 10002, United States","https://www.citymd.com/urgent-care-locations/ny/lower-east-side?utm_source=google&utm_medium=GMB_listings&utm_campaign=citymd_locations_GMB_listings","+1 212-609-2541","https://www.google.com/maps/place/CityMD+Lower+East+Side+Urgent+Care+-+NYC/data=!4m7!3m6!1s0x89c25980e3ad6f23:0xfd2d709e90083bc6!8m2!3d40.7184065!4d-73.9869387!16s%2Fg%2F11b8v9s9x8!19sChIJI2-t44BZwokRxjsIkJ5wLf0?authuser=0&hl=en&rclk=1"
"Kāmin Health - Crown Heights Urgent Care","4.6","708","Urgent care center","555 Lefferts Ave, Brooklyn, NY 11225, United States","","+1 718-360-8074","https://www.google.com/maps/place/K%C4%81min+Health+-+Crown+Heights+Urgent+Care/data=!4m7!3m6!1s0x89c25b7b9fce8023:0x36739679f9e8b58f!8m2!3d40.6629969!4d-73.942953!16s%2Fg%2F11cny0pxnc!19sChIJI4DOn3tbwokRj7Xo-XmWczY?authuser=0&hl=en&rclk=1"
"MYDOC Urgent Care - Jackson Heights, Queens","4.8","317","Urgent care center","76-27 37th Ave, Queens, NY 11372, United States","https://mydocurgentcare.com/jackson-heights/","+1 718-569-0071","https://www.google.com/maps/place/MYDOC+Urgent+Care+-+Jackson+Heights,+Queens/data=!4m7!3m6!1s0x89c25f549f8a0029:0x41e3c62e704f14fe!8m2!3d40.749502!4d-73.8892349!16s%2Fg%2F11sdn_bggl!19sChIJKQCKn1RfwokR_hRPcC7G40E?authuser=0&hl=en&rclk=1"
"CityMD Financial District Urgent Care - NYC","4.1","223","Urgent care center","24 Broad St, New York, NY 10005, United States","https://www.citymd.com/urgent-care-locations/ny/financial-district?utm_source=google&utm_medium=GMB_listings&utm_campaign=citymd_locations_GMB_listings","+1 646-647-1259","https://www.google.com/maps/place/CityMD+Financial+District+Urgent+Care+-+NYC/data=!4m7!3m6!1s0x89c25bfd50e6c5d7:0x35dde028e5d63d1a!8m2!3d40.7064941!4d-74.0112665!16s%2Fg%2F11hz_kvwp6!19sChIJ18XmUP1bwokRGj3W5Sjg3TU?authuser=0&hl=en&rclk=1"
"CityMD Williamsburg Urgent Care - Brooklyn","3.9","381","Urgent care center","154 N 7th St, Brooklyn, NY 11249, United States","https://www.citymd.com/urgent-care-locations/ny/williamsburg?utm_source=google&utm_medium=GMB_listings&utm_campaign=citymd_locations_GMB_listings","+1 718-414-2013","https://www.google.com/maps/place/CityMD+Williamsburg+Urgent+Care+-+Brooklyn/data=!4m7!3m6!1s0x89c2595deece969b:0xeca2c2ad5af4aa4e!8m2!3d40.7180335!4d-73.958328!16s%2Fg%2F11b5yr23w9!19sChIJm5bO7l1ZwokRTqr0Wq3Couw?authuser=0&hl=en&rclk=1"
"Mount Sinai Doctors-Urgent Care & Multispecialty, Upper West Side","3.9","223","Urgent care center","638 Columbus Ave, New York, NY 10024, United States","https://www.mountsinai.org/locations/msd-upper-west-side?utm_source=Yext&utm_medium=local_listing&utm_campaign=UWSUrgentCare&y_source=1_MTgwODM3MC03MTUtbG9jYXRpb24ud2Vic2l0ZQ%3D%3D","+1 212-828-3250","https://www.google.com/maps/place/Mount+Sinai+Doctors-Urgent+Care+%26+Multispecialty,+Upper+West+Side/data=!4m7!3m6!1s0x89c2589cc2b562a1:0xa95d898b4d1f2351!8m2!3d40.7896225!4d-73.9701614!16s%2Fg%2F11cfjfpsj!19sChIJoWK1wpxYwokRUSMfTYuJXak?authuser=0&hl=en&rclk=1"
"ModernMD Urgent Care - Woodhaven","4.8","1,225","Urgent care center","8922 Jamaica Ave, Queens, NY 11421, United States","http://modernmduc.com/","+1 646-604-8170","https://www.google.com/maps/place/ModernMD+Urgent+Care+-+Woodhaven/data=!4m7!3m6!1s0x89c25d2ca70cbd03:0x18eaefb80739cb17!8m2!3d40.6926205!4d-73.8547247!16s%2Fg%2F11j4dtdv2g!19sChIJA70MpyxdwokRF8s5B7jv6hg?authuser=0&hl=en&rclk=1"
"ModernMD Urgent Care","4.7","1,550","Urgent care center","436 Utica Ave, Brooklyn, NY 11213, United States","http://modernmduc.com/","+1 646-604-8150","https://www.google.com/maps/place/ModernMD+Urgent+Care/data=!4m7!3m6!1s0x89c25c83dfdcc9fb:0x18cc671374d58934!8m2!3d40.6638433!4d-73.9318966!16s%2Fg%2F11cn3pr54n!19sChIJ-8nc34NcwokRNInVdBNnzBg?authuser=0&hl=en&rclk=1"
"CityMD West 14th Urgent Care - NYC","4.2","485","Urgent care center","14 W 14th St, New York, NY 10011, United States","https://www.citymd.com/urgent-care-locations/ny/west-14th?utm_source=google&utm_medium=GMB_listings&utm_campaign=citymd_locations_GMB_listings","+1 212-390-0558","https://www.google.com/maps/place/CityMD+West+14th+Urgent+Care+-+NYC/data=!4m7!3m6!1s0x4065fc94afd72c47:0x8b039bcf5fb1d765!8m2!3d40.736206!4d-73.99475!16s%2Fg%2F1ptyf6bkb!19sChIJRyzXr5T8ZUARZdexX8-bA4s?authuser=0&hl=en&rclk=1"
"AFC Urgent Care Bronx 149th","4.3","240","Urgent care center","332 E 149th St, Bronx, NY 10451, United States","https://www.afcurgentcare.com/bronx-149/?utm_source=GMB&utm_medium=organic&utm_campaign=Bronx149","+1 347-329-4010","https://www.google.com/maps/place/AFC+Urgent+Care+Bronx+149th/data=!4m7!3m6!1s0x89c2f5cf139ce277:0x84fab7fe2853a1b3!8m2!3d40.8166151!4d-73.9202812!16s%2Fg%2F11g8vxkm46!19sChIJd-KcE8_1wokRs6FTKP63-oQ?authuser=0&hl=en&rclk=1"
"CityMD Bed-Stuy Urgent Care - Brooklyn","4.1","353","Urgent care center","1243 Fulton St, Brooklyn, NY 11216, United States","https://www.citymd.com/urgent-care-locations/ny/bed-stuy?utm_source=google&utm_medium=GMB_listings&utm_campaign=citymd_locations_GMB_listings","+1 646-647-1257","https://www.google.com/maps/place/CityMD+Bed-Stuy+Urgent+Care+-+Brooklyn/data=!4m7!3m6!1s0x89c25b73e0356165:0xe2eb2155dc415971!8m2!3d40.6807195!4d-73.9518575!16s%2Fg%2F11h4cqsbk6!19sChIJZWE14HNbwokRcVlB3FUh6-I?authuser=0&hl=en&rclk=1"
"+MEDRITE Upper West Side Urgent Care - Manhattan","4.6","89","Urgent care center","2189 Broadway, New York, NY 10024, United States","https://medriteurgentcare.com/places/new-york-ny/","+1 212-931-0045","https://www.google.com/maps/place/%2BMEDRITE+Upper+West+Side+Urgent+Care+-+Manhattan/data=!4m7!3m6!1s0x89c259e9421c9af9:0x9ee9dbda0e353e68!8m2!3d40.7828228!4d-73.9810509!16s%2Fg%2F11rqz0mr7x!19sChIJ-ZocQulZwokRaD41Dtrb6Z4?authuser=0&hl=en&rclk=1"
"MiDoctor - Walk-in Urgent Care - Hell's Kitchen","4.6","615","Medical clinic","715 9th Ave, New York, NY 10019, United States","https://midochealth.com/","+1 212-757-3859","https://www.google.com/maps/place/MiDoctor+-+Walk-in+Urgent+Care+-+Hell%27s+Kitchen/data=!4m7!3m6!1s0x89c258513b10066b:0x7b2abed46f5fa54b!8m2!3d40.7627531!4d-73.9898523!16s%2Fg%2F11f15cgwsz!19sChIJawYQO1FYwokRS6Vfb9S-Kns?authuser=0&hl=en&rclk=1"
"Urgent Care at NYU Langone at Trinity","3.8","60","Urgent care center","111 Broadway, New York, NY 10006, United States","https://nyulangone.org/locations/nyu-langone-at-trinity/urgent-care-at-nyu-langone-at-trinity?cid=syn_yext&y_entity_id=1059&y_source=1_MTU2NTg2NjQtNzE1LWxvY2F0aW9uLndlYnNpdGU%3D","+1 646-461-2544","https://www.google.com/maps/place/Urgent+Care+at+NYU+Langone+at+Trinity/data=!4m7!3m6!1s0x89c25a175651255b:0xb797454decce32d6!8m2!3d40.7085227!4d-74.0112146!16s%2Fg%2F1tf16szw!19sChIJWyVRVhdawokR1jLO7E1Fl7c?authuser=0&hl=en&rclk=1"
"UMD Urgent Care -Billing Department","","","Urgent care center","","","+1 212-242-4333","https://www.google.com/maps/place/UMD+Urgent+Care+-Billing+Department/data=!4m7!3m6!1s0x4dbd0401bfa7894d:0x140d64651917b57d!8m2!3d46.423669!4d-129.9427086!16s%2Fg%2F11twpd2z_b!19sChIJTYmnvwEEvU0RfbUXGWVkDRQ?authuser=0&hl=en&rclk=1"
"CityMD Broadway Triangle Urgent Care - Brooklyn","4.3","297","Urgent care center","21 Graham Ave, Brooklyn, NY 11206, United States","https://www.citymd.com/urgent-care-locations/ny/broadway-triangle?utm_source=google&utm_medium=GMB_listings&utm_campaign=citymd_locations_GMB_listings","+1 718-571-9280","https://www.google.com/maps/place/CityMD+Broadway+Triangle+Urgent+Care+-+Brooklyn/data=!4m7!3m6!1s0x89c25bc08ffc93cf:0x1526dfd986a03082!8m2!3d40.701928!4d-73.942653!16s%2Fg%2F11jgbzhrdz!19sChIJz5P8j8BbwokRgjCghtnfJhU?authuser=0&hl=en&rclk=1"
"ModernMD Urgent Care - South Richmond Hill","4.7","251","Urgent care center","103-42 Lefferts Blvd, Queens, NY 11419, United States","https://modernmduc.com/","+1 929-468-9930","https://www.google.com/maps/place/ModernMD+Urgent+Care+-+South+Richmond+Hill/data=!4m7!3m6!1s0x89c2676e7eaa188f:0x52a802e925c1938d!8m2!3d40.6867218!4d-73.8245925!16s%2Fg%2F11rpkwv3mq!19sChIJjxiqfm5nwokRjZPBJekCqFI?authuser=0&hl=en&rclk=1"
"Midtown New York Doctors Urgent Care","4.8","1,958","Urgent care center","205 Lexington Ave, New York, NY 10016, United States","http://www.newyorkdoctorsurgentcare.com/","+1 212-684-4700","https://www.google.com/maps/place/Midtown+New+York+Doctors+Urgent+Care/data=!4m7!3m6!1s0x89c25907d24a1abd:0x2be548295e17d4ad!8m2!3d40.74516!4d-73.9802665!16s%2Fg%2F1hhhs4q5g!19sChIJvRpK0gdZwokRrdQXXilI5Ss?authuser=0&hl=en&rclk=1"
"Asisa Community Urgent Care","4.0","85","Urgent care center","667 Myrtle Ave, Brooklyn, NY 11205, United States","","+1 718-871-1111","https://www.google.com/maps/place/Asisa+Community+Urgent+Care/data=!4m7!3m6!1s0x89c25bea54292b65:0xaa7e5949739212f0!8m2!3d40.694735!4d-73.9569!16s%2Fg%2F11fxdz23vp!19sChIJZSspVOpbwokR8BKSc0lZfqo?authuser=0&hl=en&rclk=1"
"Urgent Care Center","4.9","14","Urgent care center","1576 Flatbush Ave, Brooklyn, NY 11210, United States","http://agurgentcare.com/","+1 646-693-0249","https://www.google.com/maps/place/Urgent+Care+Center/data=!4m7!3m6!1s0x89c25b52a42c1e0f:0x9c57341044c88b8d!8m2!3d40.6321452!4d-73.9473436!16s%2Fg%2F11ggvnhcrr!19sChIJDx4spFJbwokRjYvIRBA0V5w?authuser=0&hl=en&rclk=1"
"+MEDRITE Midtown East Urgent Care - Manhattan","4.5","1,321","Urgent care center","919 2nd Ave, New York, NY 10017, United States","https://medriteurgentcare.com/center/medrite-midtown-east-urgent-care/","+1 212-935-3333","https://www.google.com/maps/place/%2BMEDRITE+Midtown+East+Urgent+Care+-+Manhattan/data=!4m7!3m6!1s0x89c2590aee063ccf:0x39e09b59b759574c!8m2!3d40.7541626!4d-73.9693383!16s%2Fg%2F1q5gnh9k7!19sChIJzzwG7gpZwokRTFdZt1mb4Dk?authuser=0&hl=en&rclk=1"
"+MEDRITE Lenox Hill Urgent Care - Manhattan","4.8","246","Urgent care center","1090 3rd Ave, New York, NY 10065, United States","https://medriteurgentcare.com/center/medrite-lenox-hill-urgent-care/","+1 212-931-0200","https://www.google.com/maps/place/%2BMEDRITE+Lenox+Hill+Urgent+Care+-+Manhattan/data=!4m7!3m6!1s0x89c259fb627b184d:0x50a9d141bee8c2ea!8m2!3d40.7649422!4d-73.9643954!16s%2Fg%2F11ng6gszrs!19sChIJTRh7YvtZwokR6sLovkHRqVA?authuser=0&hl=en&rclk=1"
"Nao Medical - Crown Heights, Brooklyn Urgent Care","4.2","1,823","Urgent care center","341 Eastern Pkwy, Brooklyn, NY 11216, United States","https://www.naomedical.com/locations/urgent-care-crown-heights-brooklyn-nyc-new-york/","+1 917-310-3371","https://www.google.com/maps/place/Nao+Medical+-+Crown+Heights,+Brooklyn+Urgent+Care/data=!4m7!3m6!1s0x89c25b75127dc475:0xc895f9845f68d92!8m2!3d40.6709422!4d-73.9573604!16s%2Fg%2F11btwr95rp!19sChIJdcR9EnVbwokRko32RZhfiQw?authuser=0&hl=en&rclk=1"
"MiDoctor - Walk-in Urgent Care & Primary Care - Upper East Side","4.8","230","Urgent care center","1226 3rd Ave, New York, NY 10021, United States","https://midochealth.com/","+1 646-609-1012","https://www.google.com/maps/place/MiDoctor+-+Walk-in+Urgent+Care+%26+Primary+Care+-+Upper+East+Side/data=!4m7!3m6!1s0x89c259e5352fa9a9:0x968dcaa3e5919cd2!8m2!3d40.7691043!4d-73.9614248!16s%2Fg%2F11pzs4mc_k!19sChIJqakvNeVZwokR0pyR5aPKjZY?authuser=0&hl=en&rclk=1"
"CityMD West Harlem Urgent Care - NYC","4.2","372","Urgent care center","356 W 125th St, New York, NY 10027, United States","https://www.citymd.com/urgent-care-locations/ny/west-harlem?utm_source=google&utm_medium=GMB_listings&utm_campaign=citymd_locations_GMB_listings","+1 646-647-1267","https://www.google.com/maps/place/CityMD+West+Harlem+Urgent+Care+-+NYC/data=!4m7!3m6!1s0x89c2f72154a2a79d:0x7a3e879294569f97!8m2!3d40.8108404!4d-73.9531288!16s%2Fg%2F11hdzdz9_f!19sChIJnaeiVCH3wokRl59WlJKHPno?authuser=0&hl=en&rclk=1"
"CityMD West 125th Urgent Care - NYC","4.0","523","Urgent care center","80 W 125th St, New York, NY 10027, United States","https://www.citymd.com/urgent-care-locations/ny/west-125th?utm_source=google&utm_medium=GMB_listings&utm_campaign=citymd_locations_GMB_listings","+1 212-913-0820","https://www.google.com/maps/place/CityMD+West+125th+Urgent+Care+-+NYC/data=!4m7!3m6!1s0x89c2f60d1bf6d355:0x85722820288132f5!8m2!3d40.8073606!4d-73.9452799!16s%2Fg%2F11bw47k4jk!19sChIJVdP2Gw32wokR9TKBKCAocoU?authuser=0&hl=en&rclk=1"
"CityMD East 67th Urgent Care - NYC","4.2","460","Urgent care center","1150 3rd Ave, New York, NY 10065, United States","https://www.citymd.com/urgent-care-locations/ny/east-67th?utm_source=google&utm_medium=GMB_listings&utm_campaign=citymd_locations_GMB_listings","+1 212-933-0007","https://www.google.com/maps/place/CityMD+East+67th+Urgent+Care+-+NYC/data=!4m7!3m6!1s0x89c258e97cb971fd:0xd47df428bc83b9d9!8m2!3d40.766831!4d-73.963067!16s%2Fg%2F1hhh_z0w5!19sChIJ_XG5fOlYwokR2bmDvCj0fdQ?authuser=0&hl=en&rclk=1"
"CityMD Park Slope Urgent Care - Brooklyn","4.0","713","Urgent care center","420 5th Ave, Brooklyn, NY 11215, United States","https://www.citymd.com/urgent-care-locations/ny/park-slope?utm_source=google&utm_medium=GMB_listings&utm_campaign=citymd_locations_GMB_listings","+1 718-965-2273","https://www.google.com/maps/place/CityMD+Park+Slope+Urgent+Care+-+Brooklyn/data=!4m7!3m6!1s0x89c25afdb4731071:0xf0b4dd9bffe1b35!8m2!3d40.6701463!4d-73.9858198!16s%2Fg%2F11b5qnv3x8!19sChIJcRBztP1awokRNRv-v9lNCw8?authuser=0&hl=en&rclk=1"
"CityMD West 88th Urgent Care - NYC","3.9","573","Urgent care center","2398 Broadway, New York, NY 10024, United States","https://www.citymd.com/urgent-care-locations/ny/west-88th?utm_source=google&utm_medium=GMB_listings&utm_campaign=citymd_locations_GMB_listings","+1 212-721-2111","https://www.google.com/maps/place/CityMD+West+88th+Urgent+Care+-+NYC/data=!4m7!3m6!1s0x89c258825f072eff:0x29bd826a7c7db4fe!8m2!3d40.789278!4d-73.975273!16s%2Fg%2F1thq1mb6!19sChIJ_y4HX4JYwokR_rR9fGqCvSk?authuser=0&hl=en&rclk=1"
"+MEDRITE 5th Avenue Urgent Care - Manhattan","4.9","69","Urgent care center","437 5th Ave, New York, NY 10016, United States","https://medriteurgentcare.com/center/medrite-urgent-care/","+1 212-603-9325","https://www.google.com/maps/place/%2BMEDRITE+5th+Avenue+Urgent+Care+-+Manhattan/data=!4m7!3m6!1s0x89c259e54de6c0d9:0x1c17f8f4c7745780!8m2!3d40.7513674!4d-73.9821582!16s%2Fg%2F11trtmp4h9!19sChIJ2cDmTeVZwokRgFd0x_T4Fxw?authuser=0&hl=en&rclk=1"
"Forest Urgent Care LIC and Forest Hills","4.5","148","Urgent care center","10-11 49th Ave, Queens, NY 11101, United States","https://www.foresturgentcare.com/","+1 718-268-6808","https://www.google.com/maps/place/Forest+Urgent+Care+LIC+and+Forest+Hills/data=!4m7!3m6!1s0x89c259247e03a353:0x607db693d6912816!8m2!3d40.7434772!4d-73.9532805!16s%2Fg%2F11c318yzqg!19sChIJU6MDfiRZwokRFiiR1pO2fWA?authuser=0&hl=en&rclk=1"
"CityMD West 69th Urgent Care - NYC","4.1","380","Urgent care center","2025 Broadway, New York, NY 10023, United States","https://www.citymd.com/urgent-care-locations/ny/west-69th?utm_source=google&utm_medium=GMB_listings&utm_campaign=citymd_locations_GMB_listings","+1 212-390-8812","https://www.google.com/maps/place/CityMD+West+69th+Urgent+Care+-+NYC/data=!4m7!3m6!1s0x89c2588a86529eb1:0x36441afcd924737d!8m2!3d40.7766565!4d-73.9824637!16s%2Fg%2F11b6r_x0b4!19sChIJsZ5ShopYwokRfXMk2fwaRDY?authuser=0&hl=en&rclk=1"
"ModernMD Urgent Care - City Line","4.7","1,897","Urgent care center","1169 Liberty Ave, Brooklyn, NY 11208, United States","https://modernmduc.com/","+1 646-604-8180","https://www.google.com/maps/place/ModernMD+Urgent+Care+-+City+Line/data=!4m7!3m6!1s0x89c25dbff8292055:0xfd3ff629cef6689f!8m2!3d40.6790148!4d-73.8661467!16s%2Fg%2F11hd9kpgvg!19sChIJVSAp-L9dwokRn2j2zin2P_0?authuser=0&hl=en&rclk=1"
"CityMD Edgewater Urgent Care - New Jersey","3.7","334","Urgent care center","461 River Rd, Edgewater, NJ 07020, United States","https://www.citymd.com/urgent-care-locations/nj/edgewater?utm_source=google&utm_medium=GMB_listings&utm_campaign=citymd_locations_GMB_listings","+1 551-497-5681","https://www.google.com/maps/place/CityMD+Edgewater+Urgent+Care+-+New+Jersey/data=!4m7!3m6!1s0x89c2f7522976c769:0x43c5b6157662d68f!8m2!3d40.811952!4d-73.9860758!16s%2Fg%2F11fvw_vmhq!19sChIJacd2KVL3wokRj9ZidhW2xUM?authuser=0&hl=en&rclk=1"
"CityMD Mott Haven Urgent Care - Bronx","4.4","111","Urgent care center","571 E 138th St, Bronx, NY 10454, United States","https://www.citymd.com/urgent-care-locations/ny/mott-haven?utm_source=google&utm_medium=GMB_listings&utm_campaign=citymd_locations_GMB_listings","+1 718-571-9421","https://www.google.com/maps/place/CityMD+Mott+Haven+Urgent+Care+-+Bronx/data=!4m7!3m6!1s0x89c2f5695ec2ff5d:0x35cae2f4e117c880!8m2!3d40.8069212!4d-73.9172463!16s%2Fg%2F11ll7czmn6!19sChIJXf_CXmn1wokRgMgX4fTiyjU?authuser=0&hl=en&rclk=1"
"CityMD East 50th Urgent Care - NYC","4.2","365","Urgent care center","952 2nd Ave, New York, NY 10022, United States","https://www.citymd.com/urgent-care-locations/ny/east-50th?utm_source=google&utm_medium=GMB_listings&utm_campaign=citymd_locations_GMB_listings","+1 212-271-4864","https://www.google.com/maps/place/CityMD+East+50th+Urgent+Care+-+NYC/data=!4m7!3m6!1s0x89c258e257ab4d2d:0xc40604440bd5b029!8m2!3d40.7549254!4d-73.9681041!16s%2Fg%2F11c0rtqpkx!19sChIJLU2rV-JYwokRKbDVC0QEBsQ?authuser=0&hl=en&rclk=1"
"+MEDRITE Park Slope Urgent Care - Brooklyn","4.5","439","Urgent care center","245 4th Ave, Brooklyn, NY 11215, United States","https://medriteurgentcare.com/center/medrite-park-slope-urgent-care/","+1 718-407-1270","https://www.google.com/maps/place/%2BMEDRITE+Park+Slope+Urgent+Care+-+Brooklyn/data=!4m7!3m6!1s0x89c25b0197035673:0xa1c333913788a96d!8m2!3d40.6763144!4d-73.9833705!16s%2Fg%2F11lgdv7qmk!19sChIJc1YDlwFbwokRbamIN5Ezw6E?authuser=0&hl=en&rclk=1"
"+MEDRITE Williamsburg Urgent Care - Brooklyn","4.6","218","Urgent care center","416 Metropolitan Ave, Brooklyn, NY 11211, United States","https://medriteurgentcare.com/places/williamsburg/","+1 718-550-6222","https://www.google.com/maps/place/%2BMEDRITE+Williamsburg+Urgent+Care+-+Brooklyn/data=!4m7!3m6!1s0x89c2599e71a45839:0x31826efaab8d1fce!8m2!3d40.7137111!4d-73.9548376!16s%2Fg%2F11sh54qv_0!19sChIJOVikcZ5ZwokRzh-Nq_pugjE?authuser=0&hl=en&rclk=1"
"Northwell Health-GoHealth Urgent Care","3.6","128","Urgent care center","2628 Broadway, New York, NY 10025, United States","https://www.gohealthuc.com/northwell/locations/w-100th?utm_source=gmb&utm_medium=organic&utm_content=northwell-w100th","+1 212-897-1992","https://www.google.com/maps/place/Northwell+Health-GoHealth+Urgent+Care/data=!4m7!3m6!1s0x89c2f6266cb8d6cf:0x79b69f95741275!8m2!3d40.7968481!4d-73.9698647!16s%2Fg%2F11cn7x69d3!19sChIJz9a4bCb2wokRdRJ0lZ-2eQA?authuser=0&hl=en&rclk=1"
"Optum Urgent Care - Yorkville","4.3","410","Urgent care center","1601 3rd Ave, New York, NY 10128, United States","https://east.optum.com/locations/urgent-care-yorkville/?&utm_source=google-my-business&utm_medium=organic-search&utm_campaign=urgent-care-location-directory","+1 646-692-6272","https://www.google.com/maps/place/Optum+Urgent+Care+-+Yorkville/data=!4m7!3m6!1s0x89c259f6b2cfff57:0x6c517ccf47fc5af2!8m2!3d40.781306!4d-73.9514716!16s%2Fg%2F11cry2qf1d!19sChIJV__PsvZZwokR8lr8R898UWw?authuser=0&hl=en&rclk=1"
"AFC Urgent Care Throgs Neck","4.5","1,064","Urgent care center","843 Hutchinson Riv Pkwy, Bronx, NY 10465, United States","https://www.afcurgentcare.com/bronx-throgs-neck/?utm_source=GMB&utm_medium=organic&utm_campaign=Bronx","+1 718-925-4400","https://www.google.com/maps/place/AFC+Urgent+Care+Throgs+Neck/data=!4m7!3m6!1s0x89c28b320ee973d1:0xd5d6316f08a7eb66!8m2!3d40.823606!4d-73.8366684!16s%2Fg%2F11b6s_5x2b!19sChIJ0XPpDjKLwokRZuunCG8x1tU?authuser=0&hl=en&rclk=1"
"CityMD Prospect Heights Urgent Care - Brooklyn","4.2","351","Urgent care center","288 Flatbush Ave, Brooklyn, NY 11217, United States","https://www.citymd.com/urgent-care-locations/ny/prospect-heights?utm_source=google&utm_medium=GMB_listings&utm_campaign=citymd_locations_GMB_listings","+1 718-656-1290","https://www.google.com/maps/place/CityMD+Prospect+Heights+Urgent+Care+-+Brooklyn/data=!4m7!3m6!1s0x89c25ba8e6bd1beb:0xd3c9bb8fd2728689!8m2!3d40.67823!4d-73.9736084!16s%2Fg%2F11bw4j6gp8!19sChIJ6xu95qhbwokRiYZy0o-7ydM?authuser=0&hl=en&rclk=1"
"CityMD Sunset Park Urgent Care - Brooklyn","4.3","364","Urgent care center","5024 5th Ave, Brooklyn, NY 11220, United States","https://www.citymd.com/urgent-care-locations/ny/sunset-park?utm_source=google&utm_medium=GMB_listings&utm_campaign=citymd_locations_GMB_listings","+1 718-571-9251","https://www.google.com/maps/place/CityMD+Sunset+Park+Urgent+Care+-+Brooklyn/data=!4m7!3m6!1s0x89c25ba3f5f10461:0xffadd50222d921a5!8m2!3d40.644786!4d-74.0110768!16s%2Fg%2F11ghqcth_n!19sChIJYQTx9aNbwokRpSHZIgLVrf8?authuser=0&hl=en&rclk=1"
"Nao Medical - Williamsburg Urgent Care","4.3","378","Urgent care center","308 Graham Ave, Brooklyn, NY 11211, United States","https://naomedical.com/sites/urgent-care-williamsburg-walk-in-clinic-graham-ave-bushwick-nyc","+1 917-310-3371","https://www.google.com/maps/place/Nao+Medical+-+Williamsburg+Urgent+Care/data=!4m7!3m6!1s0x89c2592e64b7cfc3:0xeea61b0cbbfc8eb2!8m2!3d40.7130162!4d-73.9438907!16s%2Fg%2F11rgrs4_1_!19sChIJw8-3ZC5ZwokRso78uwwbpu4?authuser=0&hl=en&rclk=1"
"CityMD Ozone Park Urgent Care - Queens","3.8","424","Urgent care center","102-02 Liberty Ave, Ozone Park, NY 11417, United States","https://www.citymd.com/urgent-care-locations/ny/ozone-park?utm_source=google&utm_medium=GMB_listings&utm_campaign=citymd_locations_GMB_listings","+1 718-571-9265","https://www.google.com/maps/place/CityMD+Ozone+Park+Urgent+Care+-+Queens/data=!4m7!3m6!1s0x89c26784d20afbbf:0x7db72c6da60bd8dd!8m2!3d40.6812243!4d-73.8383524!16s%2Fg%2F11fv38xfl7!19sChIJv_sK0oRnwokR3dgLpm0st30?authuser=0&hl=en&rclk=1"
"CityMD West 57th Urgent Care - NYC","4.1","668","Urgent care center","315 W 57th St, New York, NY 10019, United States","https://www.citymd.com/urgent-care-locations/ny/west-57th?utm_source=google&utm_medium=GMB_listings&utm_campaign=citymd_locations_GMB_listings","+1 212-315-2330","https://www.google.com/maps/place/CityMD+West+57th+Urgent+Care+-+NYC/data=!4m7!3m6!1s0x89c258586506e723:0xf4d4937374e3aea2!8m2!3d40.767328!4d-73.983792!16s%2Fg%2F11rxjcb72!19sChIJI-cGZVhYwokRoq7jdHOT1PQ?authuser=0&hl=en&rclk=1"
"CityMD Flatbush Urgent Care - Brooklyn","4.4","531","Urgent care center","2125 Nostrand Ave, Brooklyn, NY 11210, United States","https://www.citymd.com/urgent-care-locations/ny/flatbush?utm_source=google&utm_medium=GMB_listings&utm_campaign=citymd_locations_GMB_listings","+1 718-489-3557","https://www.google.com/maps/place/CityMD+Flatbush+Urgent+Care+-+Brooklyn/data=!4m7!3m6!1s0x89c25b52820db8ed:0x2c800e5fb2663f5b!8m2!3d40.6335201!4d-73.9475708!16s%2Fg%2F11dymnslbg!19sChIJ7bgNglJbwokRWz9msl8OgCw?authuser=0&hl=en&rclk=1"