Name,Rating,Reviews,Category,Address,Website,Phone,Url
"Doral Health & Wellness","4.9","225","Urgent care center","331 Knickerbocker Ave, Brooklyn, NY 11237, United States","https://doraluc.org/","+1 718-400-1444","https://www.google.com/maps/place/Doral+Health+%26+Wellness/data=!4m7!3m6!1s0x89c25dbb938f2acf:0x5aefc2cd2c83b9b3!8m2!3d40.7013794!4d-73.9223492!16s%2Fg%2F11s9dvcpzx!19sChIJzyqPk7tdwokRs7mDLM3C71o?authuser=0&hl=en&rclk=1"
"CityMD Jamaica Urgent Care - Queens","4.3","881","Urgent care center","162-21 Jamaica Ave, Jamaica, NY 11432, United States","https://www.citymd.com/urgent-care-locations/ny/jamaica?utm_source=google&utm_medium=GMB_listings&utm_campaign=citymd_locations_GMB_listings","+1 718-571-9116","https://www.google.com/maps/place/CityMD+Jamaica+Urgent+Care+-+Queens/data=!4m7!3m6!1s0x89c260df2589f473:0x83a77ac442be9d7e!8m2!3d40.7048512!4d-73.797057!16s%2Fg%2F11dzw3_scc!19sChIJc_SJJd9gwokRfp2-QsR6p4M?authuser=0&hl=en&rclk=1"
"CityMD Rego Park Urgent Care - Queens","4.1","488","Urgent care center","91-19 Queens Blvd, Elmhurst, NY 11373, United States","https://www.citymd.com/urgent-care-locations/ny/rego-park?utm_source=google&utm_medium=GMB_listings&utm_campaign=citymd_locations_GMB_listings","+1 646-647-1253","https://www.google.com/maps/place/CityMD+Rego+Park+Urgent+Care+-+Queens/data=!4m7!3m6!1s0x89c25fba7c2f8783:0x40dbc750003671ca!8m2!3d40.7337861!4d-73.8698025!16s%2Fg%2F11gvwn36ft!19sChIJg4cvfLpfwokRynE2AFDH20A?authuser=0&hl=en&rclk=1"
"Northwell Health-GoHealth Urgent Care","4.5","941","Urgent care center","102-29 Queens Blvd, Queens, NY 11375, United States","https://www.gohealthuc.com/northwell/locations/forest-hills?utm_source=gmb&utm_medium=organic&utm_content=northwell-foresthills","+1 718-502-9798","https://www.google.com/maps/place/Northwell+Health-GoHealth+Urgent+Care/data=!4m7!3m6!1s0x89c25e259b59605d:0xc723fc179ba19070!8m2!3d40.725683!4d-73.850369!16s%2Fg%2F11b6gpbsx2!19sChIJXWBZmyVewokRcJChmxf8I8c?authuser=0&hl=en&rclk=1"
"Centers Urgent Care of Middle Village","4.5","1,366","Urgent care center","6122g Fresh Pond Rd, Queens, NY 11379, United States","https://centersurgentcare.net/centers-urgent-care-of-middle-village/","+1 718-502-3000","https://www.google.com/maps/place/Centers+Urgent+Care+of+Middle+Village/data=!4m7!3m6!1s0x89c25e9aa8772c2f:0xe60bdd99baa3ea7f!8m2!3d40.713865!4d-73.901525!16s%2Fg%2F11b7gn_xgv!19sChIJLyx3qJpewokRf-qjupndC-Y?authuser=0&hl=en&rclk=1"
"Forest Urgent Care Forest hills Queens","4.5","258","Urgent care center","112-01 75th Ave, Forest Hills, NY 11375, United States","https://www.foresturgentcare.com/","+1 718-268-6808","https://www.google.com/maps/place/Forest+Urgent+Care+Forest+hills+Queens/data=!4m7!3m6!1s0x89c25e20a6327321:0x378bb1150b1c2c4!8m2!3d40.7191494!4d-73.8372301!16s%2Fg%2F1vj603mr!19sChIJIXMypiBewokRxMKxUBG7eAM?authuser=0&hl=en&rclk=1"
"CityMD Springfield Gardens Urgent Care- Queens","4.0","262","Urgent care center","130-20 Farmers Blvd, Jamaica, NY 11434, United States","https://www.citymd.com/urgent-care-locations/ny/springfield-gardens?utm_source=google&utm_medium=GMB_listings&utm_campaign=citymd_locations_GMB_listings","+1 646-518-8263","https://www.google.com/maps/place/CityMD+Springfield+Gardens+Urgent+Care-+Queens/data=!4m7!3m6!1s0x89c26746b1660b1d:0xadbd88df92b5ad6e!8m2!3d40.6792204!4d-73.7619894!16s%2Fg%2F11pc7strrg!19sChIJHQtmsUZnwokRbq21kt-Iva0?authuser=0&hl=en&rclk=1"
"AFC Urgent Care Queens Village","4.9","189","Urgent care center","23315 Hillside Ave., Queens, NY 11427, United States","https://www.afcurgentcare.com/queens-village/?UTM_source=GMB_listing&UTM_medium=organic","+1 718-210-1940","https://www.google.com/maps/place/AFC+Urgent+Care+Queens+Village/data=!4m7!3m6!1s0x89c26319fc0ab81f:0xda314718f24dda4e!8m2!3d40.7337175!4d-73.7365971!16s%2Fg%2F11twq_dxvd!19sChIJH7gK_BljwokRTtpN8hhHMdo?authuser=0&hl=en&rclk=1"
"CityMD Fresh Meadows Urgent Care - Queens","4.1","653","Urgent care center","61-18 188th St, Fresh Meadows, NY 11365, United States","https://www.citymd.com/urgent-care-locations/ny/fresh-meadows?utm_source=google&utm_medium=GMB_listings&utm_campaign=citymd_locations_GMB_listings","+1 718-489-5003","https://www.google.com/maps/place/CityMD+Fresh+Meadows+Urgent+Care+-+Queens/data=!4m7!3m6!1s0x89c261b10526454f:0xa1035cf7c92355c!8m2!3d40.7399637!4d-73.7867669!16s%2Fg%2F11b8_014n2!19sChIJT0UmBbFhwokRXDWSfM81EAo?authuser=0&hl=en&rclk=1"
"Northwell Health-GoHealth Urgent Care","4.7","669","Urgent care center","58-28 99th St, Queens, NY 11368, United States","https://www.gohealthuc.com/northwell/locations/lefrak-city?utm_source=gmb&utm_medium=organic&utm_content=northwell-lefrakcity","+1 718-502-9867","https://www.google.com/maps/place/Northwell+Health-GoHealth+Urgent+Care/data=!4m7!3m6!1s0x89c25e33560a3def:0x1fc49897cd718c34!8m2!3d40.7370907!4d-73.8597719!16s%2Fg%2F11bw5yxb2d!19sChIJ7z0KVjNewokRNIxxzZeYxB8?authuser=0&hl=en&rclk=1"
"+MEDRITE Jamaica Urgent Care - Queens","4.5","190","Urgent care center","160-15 Jamaica Ave, Queens, NY 11432, United States","https://medriteurgentcare.com/center/medrite-jamaica-urgent-care/","+1 718-908-7222","https://www.google.com/maps/place/%2BMEDRITE+Jamaica+Urgent+Care+-+Queens/data=!4m7!3m6!1s0x89c261d1ff609e79:0x7f7c8d9ddc3e66ae!8m2!3d40.7041396!4d-73.7987909!16s%2Fg%2F11rz59wpj2!19sChIJeZ5g_9FhwokRrmY-3J2NfH8?authuser=0&hl=en&rclk=1"
"MYDOC Urgent Care - Jackson Heights, Queens","4.8","317","Urgent care center","76-27 37th Ave, Queens, NY 11372, United States","https://mydocurgentcare.com/jackson-heights/","+1 718-569-0071","https://www.google.com/maps/place/MYDOC+Urgent+Care+-+Jackson+Heights,+Queens/data=!4m7!3m6!1s0x89c25f549f8a0029:0x41e3c62e704f14fe!8m2!3d40.749502!4d-73.8892349!16s%2Fg%2F11sdn_bggl!19sChIJKQCKn1RfwokR_hRPcC7G40E?authuser=0&hl=en&rclk=1"
"Chai Urgent Care - East Elmhurst, NY","3.8","88","Urgent care center","75-37 31st Ave, Queens, NY 11370, United States","https://www.chaicare.org/urgent-care/locations/queens/east-elmhurst/","+1 929-565-2424","https://www.google.com/maps/place/Chai+Urgent+Care+-+East+Elmhurst,+NY/data=!4m7!3m6!1s0x89c25f2b4b785d49:0xa4072f396b6b54ae!8m2!3d40.7597225!4d-73.8922905!16s%2Fg%2F11rgs05r6y!19sChIJSV14SytfwokRrlRrazkvB6Q?authuser=0&hl=en&rclk=1"
"Northwell Health-GoHealth Urgent Care","4.4","31","Urgent care center","108-40 Queens Blvd, Queens, NY 11375, United States","https://www.gohealthuc.com/northwell/locations/forest-hills-71st?utm_source=gmb&utm_medium=organic&utm_content=northwell-foresthills","+1 347-571-5149","https://www.google.com/maps/place/Northwell+Health-GoHealth+Urgent+Care/data=!4m7!3m6!1s0x89c25f869a22fdb7:0x6069d345b112b3ad!8m2!3d40.7205214!4d-73.8426032!16s%2Fg%2F11v60xt_rj!19sChIJt_0imoZfwokRrbMSsUXTaWA?authuser=0&hl=en&rclk=1"
"ModernMD Urgent Care - Woodhaven","4.8","1,225","Urgent care center","8922 Jamaica Ave, Queens, NY 11421, United States","http://modernmduc.com/","+1 646-604-8170","https://www.google.com/maps/place/ModernMD+Urgent+Care+-+Woodhaven/data=!4m7!3m6!1s0x89c25d2ca70cbd03:0x18eaefb80739cb17!8m2!3d40.6926205!4d-73.8547247!16s%2Fg%2F11j4dtdv2g!19sChIJA70MpyxdwokRF8s5B7jv6hg?authuser=0&hl=en&rclk=1"
"ModernMD Urgent Care - Jackson Heights","4.7","402","Urgent care center","37-33 82nd St, Queens, NY 11372, United States","http://modernmduc.com/","+1 646-604-8190","https://www.google.com/maps/place/ModernMD+Urgent+Care+-+Jackson+Heights/data=!4m7!3m6!1s0x89c25f8fc04ce003:0xdfe96ca29822083d!8m2!3d40.7487213!4d-73.8838633!16s%2Fg%2F11q1s99193!19sChIJA-BMwI9fwokRPQgimKJs6d8?authuser=0&hl=en&rclk=1"
"CityMD Corona Urgent Care - Queens","4.3","374","Urgent care center","37-26 Junction Blvd, Corona, NY 11368, United States","https://www.citymd.com/urgent-care-locations/ny/corona?utm_source=google&utm_medium=GMB_listings&utm_campaign=citymd_locations_GMB_listings","+1 718-571-9310","https://www.google.com/maps/place/CityMD+Corona+Urgent+Care+-+Queens/data=!4m7!3m6!1s0x89c25f105ce18379:0x3b3761cb6d4e2bd2!8m2!3d40.7507383!4d-73.8707154!16s%2Fg%2F11ghy2lcst!19sChIJeYPhXBBfwokR0itObcthNzs?authuser=0&hl=en&rclk=1"
"AFC Urgent Care Bayside","5.0","144","Urgent care center","213-04 Northern Blvd, Queens, NY 11361, United States","https://www.afcurgentcare.com/bayside/","+1 929-744-1197","https://www.google.com/maps/place/AFC+Urgent+Care+Bayside/data=!4m7!3m6!1s0x89c26130ace21d7d:0xe63d94a4333f5fed!8m2!3d40.7596355!4d-73.7700879!16s%2Fg%2F11kh_qgjyy!19sChIJfR3irDBhwokR7V8_M6SUPeY?authuser=0&hl=en&rclk=1"
"+MEDRITE Astoria Urgent Care - Queens","4.7","124","Urgent care center","33-02 30th Ave., Queens, NY 11103, United States","https://medriteurgentcare.com/center/medrite-astoria-urgent-care/","+1 718-813-0111","https://www.google.com/maps/place/%2BMEDRITE+Astoria+Urgent+Care+-+Queens/data=!4m7!3m6!1s0x89c25f1d54aa0329:0x66e1315fbb92e000!8m2!3d40.7658861!4d-73.9197573!16s%2Fg%2F11s_z0nwyg!19sChIJKQOqVB1fwokRAOCSu18x4WY?authuser=0&hl=en&rclk=1"
"CityMD Astoria Urgent Care - Queens","4.1","719","Urgent care center","31-11 Steinway St, Astoria, NY 11103, United States","https://www.citymd.com/urgent-care-locations/ny/astoria?utm_source=google&utm_medium=GMB_listings&utm_campaign=citymd_locations_GMB_listings","+1 718-475-2345","https://www.google.com/maps/place/CityMD+Astoria+Urgent+Care+-+Queens/data=!4m7!3m6!1s0x89c25f3ea16bec29:0xc4e06c38d1e1a881!8m2!3d40.760811!4d-73.917148!16s%2Fg%2F1ptxh1pdq!19sChIJKexroT5fwokRgajh0Ths4MQ?authuser=0&hl=en&rclk=1"
"CityMD Woodhaven Urgent Care- Queens","4.2","121","Urgent care center","91-07 Jamaica Ave, Woodhaven, NY 11421, United States","https://www.citymd.com/urgent-care-locations/ny/woodhaven?utm_source=google&utm_medium=GMB_listings&utm_campaign=citymd_locations_GMB_listings","+1 929-476-0443","https://www.google.com/maps/place/CityMD+Woodhaven+Urgent+Care-+Queens/data=!4m7!3m6!1s0x89c25d4d858fd739:0xd972e11edc2ba64a!8m2!3d40.6932918!4d-73.8535144!16s%2Fg%2F11sh1ffpp5!19sChIJOdePhU1dwokRSqYr3B7hctk?authuser=0&hl=en&rclk=1"
"CityMD Ditmars Urgent Care - Queens","3.9","328","Urgent care center","22-48 31st St, Astoria, NY 11105, United States","https://www.citymd.com/urgent-care-locations/ny/ditmars?utm_source=google&utm_medium=GMB_listings&utm_campaign=citymd_locations_GMB_listings","+1 718-571-9192","https://www.google.com/maps/place/CityMD+Ditmars+Urgent+Care+-+Queens/data=!4m7!3m6!1s0x89c25f67f757c697:0xc44f8ef65182f470!8m2!3d40.775315!4d-73.9122378!16s%2Fg%2F11gh48xzkp!19sChIJl8ZX92dfwokRcPSCUfaOT8Q?authuser=0&hl=en&rclk=1"
"Northwell Health-GoHealth Urgent Care","4.4","31","Urgent care center","108-40 Queens Blvd, Queens, NY 11375, United States","https://www.gohealthuc.com/northwell/locations/forest-hills-71st?utm_source=gmb&utm_medium=organic&utm_content=northwell-foresthills","+1 347-571-5149","https://www.google.com/maps/place/Northwell+Health-GoHealth+Urgent+Care/data=!4m7!3m6!1s0x89c25f869a22fdb7:0x6069d345b112b3ad!8m2!3d40.7205214!4d-73.8426032!16s%2Fg%2F11v60xt_rj!19sChIJt_0imoZfwokRrbMSsUXTaWA?authuser=0&hl=en&rclk=1"
"+MEDRITE Astoria Urgent Care - Queens","4.7","124","Urgent care center","33-02 30th Ave., Queens, NY 11103, United States","https://medriteurgentcare.com/center/medrite-astoria-urgent-care/","+1 718-813-0111","https://www.google.com/maps/place/%2BMEDRITE+Astoria+Urgent+Care+-+Queens/data=!4m7!3m6!1s0x89c25f1d54aa0329:0x66e1315fbb92e000!8m2!3d40.7658861!4d-73.9197573!16s%2Fg%2F11s_z0nwyg!19sChIJKQOqVB1fwokRAOCSu18x4WY?authuser=0&hl=en&rclk=1"
"CityMD Ridgewood Urgent Care- Queens","4.1","64","Urgent care center","5626 Myrtle Ave, Ridgewood, NY 11385, United States","https://www.citymd.com/urgent-care-locations/ny/ridgewood?utm_source=google&utm_medium=GMB_listings&utm_campaign=citymd_locations_GMB_listings","+1 718-571-9714","https://www.google.com/maps/place/CityMD+Ridgewood+Urgent+Care-+Queens/data=!4m7!3m6!1s0x89c25d4afc6cba49:0x281aa249f54952e4!8m2!3d40.700079!4d-73.905186!16s%2Fg%2F11pv31ynlx!19sChIJSbps_EpdwokR5FJJ9UmiGig?authuser=0&hl=en&rclk=1"
"CityMD Long Island City Urgent Care - Queens","4.0","377","Urgent care center","25-18 Queens Plaza S, Long Island City, NY 11101, United States","https://www.citymd.com/urgent-care-locations/ny/long-island-city?utm_source=google&utm_medium=GMB_listings&utm_campaign=citymd_locations_GMB_listings","+1 646-647-1261","https://www.google.com/maps/place/CityMD+Long+Island+City+Urgent+Care+-+Queens/data=!4m7!3m6!1s0x89c2596041a81125:0x7cb19fe1611ebc1c!8m2!3d40.7501729!4d-73.9400167!16s%2Fg%2F11h5dvbkmv!19sChIJJRGoQWBZwokRHLweYeGfsXw?authuser=0&hl=en&rclk=1"
"CityMD Ozone Park Urgent Care - Queens","3.8","424","Urgent care center","102-02 Liberty Ave, Ozone Park, NY 11417, United States","https://www.citymd.com/urgent-care-locations/ny/ozone-park?utm_source=google&utm_medium=GMB_listings&utm_campaign=citymd_locations_GMB_listings","+1 718-571-9265","https://www.google.com/maps/place/CityMD+Ozone+Park+Urgent+Care+-+Queens/data=!4m7!3m6!1s0x89c26784d20afbbf:0x7db72c6da60bd8dd!8m2!3d40.6812243!4d-73.8383524!16s%2Fg%2F11fv38xfl7!19sChIJv_sK0oRnwokR3dgLpm0st30?authuser=0&hl=en&rclk=1"
"AFC Urgent Care Bayside","5.0","144","Urgent care center","213-04 Northern Blvd, Queens, NY 11361, United States","https://www.afcurgentcare.com/bayside/","+1 929-744-1197","https://www.google.com/maps/place/AFC+Urgent+Care+Bayside/data=!4m7!3m6!1s0x89c26130ace21d7d:0xe63d94a4333f5fed!8m2!3d40.7596355!4d-73.7700879!16s%2Fg%2F11kh_qgjyy!19sChIJfR3irDBhwokR7V8_M6SUPeY?authuser=0&hl=en&rclk=1"
"CityMD Bayside Urgent Care - Queens","4.1","361","Urgent care center","42-01 Bell Blvd, Bayside, NY 11361, United States","https://www.citymd.com/urgent-care-locations/ny/bayside?utm_source=google&utm_medium=GMB_listings&utm_campaign=citymd_locations_GMB_listings","+1 718-571-9341","https://www.google.com/maps/place/CityMD+Bayside+Urgent+Care+-+Queens/data=!4m7!3m6!1s0x89c261e069506f79:0x595ad6d049ad73c3!8m2!3d40.7625841!4d-73.7702399!16s%2Fg%2F11f2wbq6cb!19sChIJeW9QaeBhwokRw3OtSdDWWlk?authuser=0&hl=en&rclk=1"
"CityMD Flushing Urgent Care - Queens","3.7","23","Urgent care center","136-57 Roosevelt Ave Suite 150, Flushing, NY 11354, United States","https://www.citymd.com/urgent-care-locations/ny/flushing?utm_source=google&utm_medium=GMB_listings&utm_campaign=citymd_locations_GMB_listings","+1 929-476-0463","https://www.google.com/maps/place/CityMD+Flushing+Urgent+Care+-+Queens/data=!4m7!3m6!1s0x89c261757a7eafdb:0xcee40569fec7428b!8m2!3d40.7602887!4d-73.8280886!16s%2Fg%2F11sf0lqg20!19sChIJ269-enVhwokRi0LH_mkF5M4?authuser=0&hl=en&rclk=1"
"CityMD Auburndale Urgent Care - Queens","4.2","439","Urgent care center","191-20 Northern Blvd, Flushing, NY 11358, United States","https://www.citymd.com/urgent-care-locations/ny/auburndale?utm_source=google&utm_medium=GMB_listings&utm_campaign=citymd_locations_GMB_listings","+1 718-224-8855","https://www.google.com/maps/place/CityMD+Auburndale+Urgent+Care+-+Queens/data=!4m7!3m6!1s0x89c261de0a25d63d:0x6e7184839d1a8d16!8m2!3d40.7575684!4d-73.7903857!16s%2Fg%2F1tg_x_tt!19sChIJPdYlCt5hwokRFo0anYOEcW4?authuser=0&hl=en&rclk=1"
"ModernMD Urgent Care - South Richmond Hill","4.7","251","Urgent care center","103-42 Lefferts Blvd, Queens, NY 11419, United States","https://modernmduc.com/","+1 929-468-9930","https://www.google.com/maps/place/ModernMD+Urgent+Care+-+South+Richmond+Hill/data=!4m7!3m6!1s0x89c2676e7eaa188f:0x52a802e925c1938d!8m2!3d40.6867218!4d-73.8245925!16s%2Fg%2F11rpkwv3mq!19sChIJjxiqfm5nwokRjZPBJekCqFI?authuser=0&hl=en&rclk=1"
"Northwell Health-GoHealth Urgent Care","4.5","205","Urgent care center","134-34 Springfield Blvd, Queens, NY 11413, United States","https://www.gohealthuc.com/northwell/locations/springfield-gardens?utm_source=gmb&utm_medium=organic&utm_content=northwell-springfield-gardens","+1 315-610-6973","https://www.google.com/maps/place/Northwell+Health-GoHealth+Urgent+Care/data=!4m7!3m6!1s0x89c2674e21d7a59f:0x194a199f625876!8m2!3d40.6796292!4d-73.7552725!16s%2Fg%2F11rkg9fhp3!19sChIJn6XXIU5nwokRdlhinxlKGQA?authuser=0&hl=en&rclk=1"
"Northwell Health-GoHealth Urgent Care","4.5","577","Urgent care center","55-05 Myrtle Ave, Queens, NY 11385, United States","https://www.gohealthuc.com/northwell/locations/ridgewood?utm_source=gmb&utm_medium=organic&utm_content=northwell-ridgewood","+1 718-502-9063","https://www.google.com/maps/place/Northwell+Health-GoHealth+Urgent+Care/data=!4m7!3m6!1s0x89c25c2161ed89b9:0x74d189dcd238480d!8m2!3d40.700168!4d-73.9083107!16s%2Fg%2F11byts2m_3!19sChIJuYntYSFcwokRDUg40tyJ0XQ?authuser=0&hl=en&rclk=1"
"Rapid MD Urgent Care","3.9","300","Urgent care center","217-14 Merrick Blvd, Queens, NY 11413, United States","https://www.rapid-md.com/","+1 718-618-6196","https://www.google.com/maps/place/Rapid+MD+Urgent+Care/data=!4m7!3m6!1s0x89c266aba3a0149d:0xd92a87d0622109ee!8m2!3d40.6796082!4d-73.7519458!16s%2Fg%2F11b634c4zz!19sChIJnRSgo6tmwokR7gkhYtCHKtk?authuser=0&hl=en&rclk=1"
"Centers Urgent Care of Astoria","4.7","259","Urgent care center","27-15 30th Ave., Queens, NY 11102, United States","https://centersurgentcare.net/centers-urgent-care-of-astoria/","+1 718-685-2300","https://www.google.com/maps/place/Centers+Urgent+Care+of+Astoria/data=!4m7!3m6!1s0x89c25fb9904e8dc5:0xcfba09a862f1403!8m2!3d40.7681652!4d-73.9234676!16s%2Fg%2F11syt_y8zv!19sChIJxY1OkLlfwokRAxQvhpqg-ww?authuser=0&hl=en&rclk=1"
"AFC Urgent Care Flushing","4.6","244","Urgent care center","133-37 41st Ave, Queens, NY 11355, United States","https://www.afcurgentcare.com/flushing/?UTM_source=GMB_listing&UTM_medium=organic","+1 347-783-6008","https://www.google.com/maps/place/AFC+Urgent+Care+Flushing/data=!4m7!3m6!1s0x89c2613a11b7a5f7:0x89136636ca7302d9!8m2!3d40.7579758!4d-73.8302502!16s%2Fg%2F11rkg5yp1h!19sChIJ96W3ETphwokR2QJzyjZmE4k?authuser=0&hl=en&rclk=1"
"LevelUp MD Forest Hills Occupational Health","4.4","84","Urgent care center","107-40 Queens Blvd, Queens, NY 11375, United States","https://levelupuc.com/location/forest-hills-ny-107-40-queens-blvd/","+1 718-964-6288","https://www.google.com/maps/place/LevelUp+MD+Forest+Hills+Occupational+Health/data=!4m7!3m6!1s0x89c25fb3091a6697:0xd52556d7da5ac9a3!8m2!3d40.7215039!4d-73.8447787!16s%2Fg%2F11t7zmx7v8!19sChIJl2YaCbNfwokRo8la2tdWJdU?authuser=0&hl=en&rclk=1"
"Kāmin Health - Union Medical Urgent Care","4.2","586","Urgent care center","184-20 Union Tpke, Queens, NY 11366, United States","","+1 718-575-0974","https://www.google.com/maps/place/K%C4%81min+Health+-+Union+Medical+Urgent+Care/data=!4m7!3m6!1s0x89c261a7d1c663ff:0xb137c3a3132cb7b4!8m2!3d40.7280463!4d-73.7836836!16s%2Fg%2F1pzry89wj!19sChIJ_2PG0adhwokRtLcsE6PDN7E?authuser=0&hl=en&rclk=1"
"Excel Urgent Care of Howard Beach","4.5","2,966","Urgent care center","157-40 Cross Bay Blvd, Queens, NY 11414, United States","https://excel-urgentcare.com/","+1 917-300-6945","https://www.google.com/maps/place/Excel+Urgent+Care+of+Howard+Beach/data=!4m7!3m6!1s0x89c2677de6759aab:0x7cc22bfa457e559b!8m2!3d40.6612174!4d-73.8408476!16s%2Fg%2F11bw3dlw97!19sChIJq5p15n1nwokRm1V-Rforwnw?authuser=0&hl=en&rclk=1"
"AFC Urgent Care Howard Beach","4.7","1,034","Urgent care center","135-25 79th St, Queens, NY 11414, United States","https://www.afcurgentcare.com/howard-beach/?utm_source=GMB&utm_medium=organic&utm_campaign=HowardBeach","+1 718-925-3475","https://www.google.com/maps/place/AFC+Urgent+Care+Howard+Beach/data=!4m7!3m6!1s0x89c25d6ba1c1e973:0x2126d640ed8b9a64!8m2!3d40.6712718!4d-73.8559655!16s%2Fg%2F11fn7jm_0p!19sChIJc-nBoWtdwokRZJqL7UDWJiE?authuser=0&hl=en&rclk=1"
"Northwell Health-GoHealth Urgent Care","4.6","794","Urgent care center","41-19 Bell Blvd, Queens, NY 11361, United States","https://www.gohealthuc.com/northwell/locations/bayside?utm_source=gmb&utm_medium=organic&utm_content=northwell-bayside","+1 929-373-4480","https://www.google.com/maps/place/Northwell+Health-GoHealth+Urgent+Care/data=!4m7!3m6!1s0x89c261e00c4aac13:0xb4dba5b3fed0aceb!8m2!3d40.763035!4d-73.770481!16s%2Fg%2F11c1q8cw23!19sChIJE6xKDOBhwokR66zQ_rOl27Q?authuser=0&hl=en&rclk=1"
"Nao Medical - Astoria Urgent Care","4.3","1,349","Urgent care center","37-15 23rd Ave, Queens, NY 11105, United States","https://www.naomedical.com/locations/urgent-care-astoria-queens-nyc-new-york/","+1 917-310-3371","https://www.google.com/maps/place/Nao+Medical+-+Astoria+Urgent+Care/data=!4m7!3m6!1s0x89c25f68fd75a897:0xfcbcef722ee8f4e!8m2!3d40.7718485!4d-73.908785!16s%2Fg%2F1wfcq1kk!19sChIJl6h1_WhfwokRTo_uIvfOyw8?authuser=0&hl=en&rclk=1"
"MyDoc Urgent Care - Forest Hills, Queens","4.7","1,268","Urgent care center","116-20 Queens Blvd, Forest Hills, NY 11375, United States","https://mydocurgentcare.com/?UTM_source=GMB_listing&UTM_medium=organic","+1 718-401-1510","https://www.google.com/maps/place/MyDoc+Urgent+Care+-+Forest+Hills,+Queens/data=!4m7!3m6!1s0x89c25f36aaaaaaab:0x78f416476e1bd600!8m2!3d40.7155202!4d-73.8332558!16s%2Fg%2F1pp2txh6f!19sChIJq6qqqjZfwokRANYbbkcW9Hg?authuser=0&hl=en&rclk=1"
"Essen Health Care Urgent Care","3.2","90","Medical office","8989 Union Tpke, Queens, NY 11385, United States","http://www.essenhealthcare.com/","+1 718-583-7736","https://www.google.com/maps/place/Essen+Health+Care+Urgent+Care/data=!4m7!3m6!1s0x89c25e0fd97ab837:0x173fb51048411b57!8m2!3d40.7072925!4d-73.8552721!16s%2Fg%2F11bx8cqzp3!19sChIJN7h62Q9ewokRVxtBSBC1Pxc?authuser=0&hl=en&rclk=1"
"UMD Urgent Care - LIC","3.6","127","Urgent care center","5-35 50th Ave, Queens, NY 11101, United States","http://www.umdcare.com/","+1 718-472-5900","https://www.google.com/maps/place/UMD+Urgent+Care+-+LIC/data=!4m7!3m6!1s0x89c25923729e8813:0x9f8b208869e3b512!8m2!3d40.7430778!4d-73.9550181!16s%2Fg%2F11cm0mzn6t!19sChIJE4ieciNZwokRErXjaYggi58?authuser=0&hl=en&rclk=1"
"ModernMD Urgent Care - Ridgewood","4.6","249","Urgent care center","67-21 Fresh Pond Rd, Queens, NY 11385, United States","http://modernmduc.com/","+1 929-468-9920","https://www.google.com/maps/place/ModernMD+Urgent+Care+-+Ridgewood/data=!4m7!3m6!1s0x89c25f77ad6faa05:0x4f7ff5036331b209!8m2!3d40.7054647!4d-73.8962722!16s%2Fg%2F11rhwg6c43!19sChIJBapvrXdfwokRCbIxYwP1f08?authuser=0&hl=en&rclk=1"
"Queens Urgent Care","4.2","859","Urgent care center","178-11 Union Tpke, Queens, NY 11366, United States","","+1 718-480-1233","https://www.google.com/maps/place/Queens+Urgent+Care/data=!4m7!3m6!1s0x89c26100ba0291f5:0xd30d97d78ff78fc6!8m2!3d40.726567!4d-73.7897419!16s%2Fg%2F11byx847yf!19sChIJ9ZECugBhwokRxo_3j9eXDdM?authuser=0&hl=en&rclk=1"
"Optum Urgent Care - College Point","4.2","736","Urgent care center","13201 14th Ave, Queens, NY 11356, United States","https://east.optum.com/locations/urgent-care-college-point/?&utm_source=google-my-business&utm_medium=organic-search&utm_campaign=urgent-care-location-directory","+1 917-285-2158","https://www.google.com/maps/place/Optum+Urgent+Care+-+College+Point/data=!4m7!3m6!1s0x89c28ab3d99e63a5:0x78e59c18a7519b9a!8m2!3d40.786508!4d-73.836219!16s%2Fg%2F11bx567j1p!19sChIJpWOe2bOKwokRmptRpxic5Xg?authuser=0&hl=en&rclk=1"
"Northwell Health-GoHealth Urgent Care","4.4","514","Urgent care center","37-01 Broadway, Queens, NY 11103, United States","https://www.gohealthuc.com/northwell/locations/astoria?utm_source=gmb&utm_medium=organic&utm_content=northwell-astoria","+1 929-265-5990","https://www.google.com/maps/place/Northwell+Health-GoHealth+Urgent+Care/data=!4m7!3m6!1s0x89c25f3bc71435c3:0x3d6c0bf4557e7331!8m2!3d40.7598249!4d-73.9203442!16s%2Fg%2F11c13mbyj5!19sChIJwzUUxztfwokRMXN-VfQLbD0?authuser=0&hl=en&rclk=1"
"Optum Urgent Care - Howard Beach","3.3","139","Urgent care center","164-50 Cross Bay Blvd, Queens, NY 11414, United States","https://east.optum.com/locations/urgent-care-howard-beach/?&utm_source=google-my-business&utm_medium=organic-search&utm_campaign=urgent-care-location-directory","+1 718-848-8412","https://www.google.com/maps/place/Optum+Urgent+Care+-+Howard+Beach/data=!4m7!3m6!1s0x89c2674779680357:0x9f2dc68b95823c7!8m2!3d40.6492386!4d-73.8378101!16s%2Fg%2F11sh1njk8p!19sChIJVwNoeUdnwokRxyNYuWjc8gk?authuser=0&hl=en&rclk=1"
"DocGo On-Demand Urgent Care","4.9","109","Urgent care center","","https://docgo.com/ondemand","+1 844-443-6246","https://www.google.com/maps/place/DocGo+On-Demand+Urgent+Care/data=!4m7!3m6!1s0x467405ce384f1303:0x73e3e207a57f8650!8m2!3d40.7332041!4d-73.8411824!16s%2Fg%2F11s38qrn08!19sChIJAxNPOM4FdEYRUIZ_pQfi43M?authuser=0&hl=en&rclk=1"
"Nao Medical - Jackson Heights Urgent Care","4.3","1,167","Urgent care center","80-10 Northern Blvd, Queens, NY 11372, United States","https://naomedical.com/sites/urgent-care-jackson-heights-walk-in-medical-clinic-northern-blvd","+1 917-310-3371","https://www.google.com/maps/place/Nao+Medical+-+Jackson+Heights+Urgent+Care/data=!4m7!3m6!1s0x89c25fa73c87d825:0x9985fc4d511a1b4b!8m2!3d40.7551578!4d-73.8868976!16s%2Fg%2F11g_h_y7l!19sChIJJdiHPKdfwokRSxsaUU38hZk?authuser=0&hl=en&rclk=1"
"25 Liberty Urgent Care","1.4","17","Urgent care center","125-7 Liberty Ave, South Richmond Hill, NY 11419, United States","","+1 917-941-0172","https://www.google.com/maps/place/25+Liberty+Urgent+Care/data=!4m7!3m6!1s0x89c2674a0dae5879:0x6ca66a7aa0b3128b!8m2!3d40.6883704!4d-73.819027!16s%2Fg%2F11ddx72sgf!19sChIJeViuDUpnwokRixKzoHpqpmw?authuser=0&hl=en&rclk=1"
"Northwell Health-GoHealth Urgent Care","3.5","13","Urgent care center","25-01 Jackson Ave Suite 100, Queens, NY 11101, United States","https://www.gohealthuc.com/northwell/locations/long-island-city?utm_source=gmb&utm_medium=organic&utm_content=northwell-longislandcity","+1 347-588-4725","https://www.google.com/maps/place/Northwell+Health-GoHealth+Urgent+Care/data=!4m7!3m6!1s0x89c259a28655fc9d:0x444fc987934e8941!8m2!3d40.7472594!4d-73.9443527!16s%2Fg%2F11vbtn222y!19sChIJnfxVhqJZwokRQYlOk4fJT0Q?authuser=0&hl=en&rclk=1"
"Doc Care Q1- Primary Care, Urgent Care & Telemedicine","4.5","665","Medical clinic","66-55 Fresh Pond Rd, Queens, NY 11385, United States","http://doccareny.com/","+1 718-497-1919","https://www.google.com/maps/place/Doc+Care+Q1-+Primary+Care,+Urgent+Care+%26+Telemedicine/data=!4m7!3m6!1s0x89c25e839980cd85:0x39a45497fe2b1dc5!8m2!3d40.7073435!4d-73.8971245!16s%2Fg%2F1tdk1hzg!19sChIJhc2AmYNewokRxR0r_pdUpDk?authuser=0&hl=en&rclk=1"
"Union medical urgent care","1.0","1","Urgent care center","18606 Union Tpke, Queens, NY 11366, United States","","+1 718-575-0974","https://www.google.com/maps/place/Union+medical+urgent+care/data=!4m7!3m6!1s0x89c261638d6f3837:0xc9a3be4695a20b95!8m2!3d40.728558!4d-73.7825436!16s%2Fg%2F11v9yy6g1k!19sChIJNzhvjWNhwokRlQuilUa-o8k?authuser=0&hl=en&rclk=1"
"CityMD Jackson Heights Urgent Care - Queens","4.0","674","Urgent care center","73-02 Roosevelt Ave, Jackson Heights, NY 11372, United States","https://www.citymd.com/urgent-care-locations/ny/jackson-heights?utm_source=google&utm_medium=GMB_listings&utm_campaign=citymd_locations_GMB_listings","+1 718-475-2351","https://www.google.com/maps/place/CityMD+Jackson+Heights+Urgent+Care+-+Queens/data=!4m7!3m6!1s0x89c25f01286bbe2f:0x3d800aedfda43c4f!8m2!3d40.7466047!4d-73.8921359!16s%2Fg%2F11b5zt0x1j!19sChIJL75rKAFfwokRTzyk_e0KgD0?authuser=0&hl=en&rclk=1"
"ModernMD Urgent Care - City Line","4.7","1,897","Urgent care center","1169 Liberty Ave, Brooklyn, NY 11208, United States","https://modernmduc.com/","+1 646-604-8180","https://www.google.com/maps/place/ModernMD+Urgent+Care+-+City+Line/data=!4m7!3m6!1s0x89c25dbff8292055:0xfd3ff629cef6689f!8m2!3d40.6790148!4d-73.8661467!16s%2Fg%2F11hd9kpgvg!19sChIJVSAp-L9dwokRn2j2zin2P_0?authuser=0&hl=en&rclk=1"
"Urgent Care","4.2","10","Doctor","135-25 79th St, Howard Beach, NY 11414, United States","","+1 718-925-3475","https://www.google.com/maps/place/Urgent+Care/data=!4m7!3m6!1s0x89c25d085062a52b:0x12f2657bcd319026!8m2!3d40.6707772!4d-73.8557598!16s%2Fg%2F11fs2ynftz!19sChIJK6ViUAhdwokRJpAxzXtl8hI?authuser=0&hl=en&rclk=1"
"Urgent Care Briarwood | Silver Star Urgent Care","4.7","145","Urgent care center","138-07 Queens Blvd, Queens, NY 11435, United States","http://www.silverstarurgentcare.com/","+1 516-750-0252","https://www.google.com/maps/place/Urgent+Care+Briarwood+%7C+Silver+Star+Urgent+Care/data=!4m7!3m6!1s0x89c261c975dbd407:0x71d7784233d62dd5!8m2!3d40.7088118!4d-73.8182837!16s%2Fg%2F11syv046b9!19sChIJB9TbdclhwokR1S3WM0J413E?authuser=0&hl=en&rclk=1"
"CityMD Maspeth Urgent Care - Queens","4.0","488","Urgent care center","74-25 Grand Ave, Maspeth, NY 11373, United States","https://www.citymd.com/urgent-care-locations/ny/maspeth?utm_source=google&utm_medium=GMB_listings&utm_campaign=citymd_locations_GMB_listings","+1 718-803-2273","https://www.google.com/maps/place/CityMD+Maspeth+Urgent+Care+-+Queens/data=!4m7!3m6!1s0x89c25e586c1e6a9d:0x8f51ff25c7e2608c!8m2!3d40.7308708!4d-73.88748!16s%2Fg%2F1v2pr3vk!19sChIJnWoebFhewokRjGDixyX_UY8?authuser=0&hl=en&rclk=1"
"AG Care - Jamaica, Queens","3.8","121","Urgent care center","168-14 Jamaica Ave, Jamaica, NY 11432, United States","https://agurgentcare.com/locations/jamaica-queens-urgent-care/","+1 718-650-5553","https://www.google.com/maps/place/AG+Care+-+Jamaica,+Queens/data=!4m7!3m6!1s0x89c26121b33c7eb3:0x2370db06f25decc6!8m2!3d40.7062579!4d-73.7920702!16s%2Fg%2F11gh013z8c!19sChIJs348syFhwokRxuxd8gbbcCM?authuser=0&hl=en&rclk=1"
"Hillside Urgent Care","3.8","85","Urgent care center","164 03 Hillside Ave., Queens, NY 11432, United States","http://www.hillsideurgentcare.com/","+1 718-554-8072","https://www.google.com/maps/place/Hillside+Urgent+Care/data=!4m7!3m6!1s0x89c260e09e09a7e9:0x5d86d36b936b5d7a!8m2!3d40.7090747!4d-73.7988979!16s%2Fg%2F11bx1tbgtf!19sChIJ6acJnuBgwokRel1rk2vThl0?authuser=0&hl=en&rclk=1"
"Nao Medical - Long Island City 36th Ave., Urgent Care","4.5","197","Urgent care center","30-07 36th Ave, Queens, NY 11106, United States","https://www.naomedical.com/locations/urgent-care-long-island-city-queens-nyc-new-york/","+1 917-310-3371","https://www.google.com/maps/place/Nao+Medical+-+Long+Island+City+36th+Ave.,+Urgent+Care/data=!4m7!3m6!1s0x89c25f92603aedcd:0xf39ba4db58424ba6!8m2!3d40.7569294!4d-73.9301804!16s%2Fg%2F11p_1s6b7k!19sChIJze06YJJfwokRpktCWNukm_M?authuser=0&hl=en&rclk=1"
"+MEDRITE Midtown East Urgent Care - Manhattan","4.5","1,321","Urgent care center","919 2nd Ave, New York, NY 10017, United States","https://medriteurgentcare.com/center/medrite-midtown-east-urgent-care/","+1 212-935-3333","https://www.google.com/maps/place/%2BMEDRITE+Midtown+East+Urgent+Care+-+Manhattan/data=!4m7!3m6!1s0x89c2590aee063ccf:0x39e09b59b759574c!8m2!3d40.7541626!4d-73.9693383!16s%2Fg%2F1q5gnh9k7!19sChIJzzwG7gpZwokRTFdZt1mb4Dk?authuser=0&hl=en&rclk=1"
"Dr. Waiho Lum","4.7","93","Emergency care physician","112-01 75th Ave, Queens, NY 11375, United States","https://www.foresturgentcare.com/?utm_source=gmb_auth","+1 718-268-6808","https://www.google.com/maps/place/Dr.+Waiho+Lum/data=!4m7!3m6!1s0x89c25e20a6327321:0x16115b838bbaa15!8m2!3d40.7192384!4d-73.8372884!16s%2Fg%2F1hc0_s_dd!19sChIJIXMypiBewokRFaq7OLgVYQE?authuser=0&hl=en&rclk=1"
"Centers Urgent Care of Forest Hills","4.6","126","Urgent care center","64-02 108th St, Queens, NY 11375, United States","https://centersurgentcare.net/forest-hills/?UTM_source=GMB_listing&UTM_medium=organic","+1 718-395-3788","https://www.google.com/maps/place/Centers+Urgent+Care+of+Forest+Hills/data=!4m7!3m6!1s0x89c25f24d64d4d6b:0x604c70d0dd430d99!8m2!3d40.7326875!4d-73.8499775!16s%2Fg%2F11k9sc1sx8!19sChIJa01N1iRfwokRmQ1D3dBwTGA?authuser=0&hl=en&rclk=1"
"Chai Urgent Care","","","Urgent care center","57-09 Myrtle Ave, Ridgewood, NY 11385, United States","http://chaicare.org/","","https://www.google.com/maps/place/Chai+Urgent+Care/data=!4m7!3m6!1s0x89c25dd0bcc0675d:0xbf70b617b10691d8!8m2!3d40.7007437!4d-73.90334!16s%2Fg%2F11syc_7sn9!19sChIJXWfAvNBdwokR2JEGsRe2cL8?authuser=0&hl=en&rclk=1"
"HealthNeed Medical Urgent Care","4.9","105","Urgent care center","5-33 48th Ave, Queens, NY 11101, United States","https://www.healthneeduc.com/","+1 718-888-1117","https://www.google.com/maps/place/HealthNeed+Medical+Urgent+Care/data=!4m7!3m6!1s0x89c25923de2c5dab:0xa96085d95a46ac3c!8m2!3d40.744508!4d-73.954626!16s%2Fg%2F11khf57by1!19sChIJq10s3iNZwokRPKxGWtmFYKk?authuser=0&hl=en&rclk=1"
"Nao Medical - Jamaica Urgent Care","4.4","493","Urgent care center","90-18 Sutphin Blvd, Queens, NY 11435, United States","https://naomedical.com/sites/urgent-care-jamaica-walk-in-clinic-medical-center-nyc-11435","+1 917-310-3371","https://www.google.com/maps/place/Nao+Medical+-+Jamaica+Urgent+Care/data=!4m7!3m6!1s0x89c2616cbd14ca1b:0x6b5191cb88b01122!8m2!3d40.702451!4d-73.808505!16s%2Fg%2F11k5nwyp_y!19sChIJG8oUvWxhwokRIhGwiMuRUWs?authuser=0&hl=en&rclk=1"
"Rockwell Health Center","4.9","63","Urgent care center","3-1 27th Ave, Queens, NY 11102, United States","http://rockwellhc.com/","+1 718-599-9094","https://www.google.com/maps/place/Rockwell+Health+Center/data=!4m7!3m6!1s0x89c25fcdb4bbeda9:0x8492aed00b75fed8!8m2!3d40.7750809!4d-73.9340788!16s%2Fg%2F11tg8mfd6d!19sChIJqe27tM1fwokR2P51C9CukoQ?authuser=0&hl=en&rclk=1"
"UMD Urgent Care - ASTORIA","3.6","120","Urgent care center","32-74 Steinway St Suite 101, Queens, NY 11103, United States","http://www.umdcare.com/","+1 718-721-0101","https://www.google.com/maps/place/UMD+Urgent+Care+-+ASTORIA/data=!4m7!3m6!1s0x89c25f3b3d240379:0x6e223520110c9780!8m2!3d40.7572136!4d-73.9206185!16s%2Fg%2F1th5kcq9!19sChIJeQMkPTtfwokRgJcMESA1Im4?authuser=0&hl=en&rclk=1"
"ModernMD Urgent Care","4.7","1,617","Urgent care center","68 Graham Ave, Brooklyn, NY 11206, United States","http://modernmduc.com/","+1 646-604-8120","https://www.google.com/maps/place/ModernMD+Urgent+Care/data=!4m7!3m6!1s0x89c25bfbdea8801b:0xd85dbc38e3cc10b4!8m2!3d40.7033359!4d-73.9422048!16s%2Fg%2F11bw46rpdh!19sChIJG4Co3vtbwokRtBDM4zi8Xdg?authuser=0&hl=en&rclk=1"
"Quick Solve Medical Urgent Care","4.3","87","Urgent care center","35-08 Junction Blvd, Flushing, NY 11368, United States","http://www.quicksolveurgentcare.com/","+1 917-832-6999","https://www.google.com/maps/place/Quick+Solve+Medical+Urgent+Care/data=!4m7!3m6!1s0x89c25fbbe6dd0155:0x88afe1cab7d4fe81!8m2!3d40.753004!4d-73.8717974!16s%2Fg%2F11b6gpgdk3!19sChIJVQHd5rtfwokRgf7Ut8rhr4g?authuser=0&hl=en&rclk=1"
"Emergency","5.0","1","Urgent care center","8900 Van Wyck Expy, Richmond Hill, NY 11418, United States","","","https://www.google.com/maps/place/Emergency/data=!4m7!3m6!1s0x89c260c842a790f9:0x56ef958dc76f0ed4!8m2!3d40.7003396!4d-73.8158595!16s%2Fg%2F1hdzkqdyw!19sChIJ-ZCnQshgwokR1A5vx42V71Y?authuser=0&hl=en&rclk=1"
"Kāmin Health - Crown Heights Urgent Care","4.6","708","Urgent care center","555 Lefferts Ave, Brooklyn, NY 11225, United States","","+1 718-360-8074","https://www.google.com/maps/place/K%C4%81min+Health+-+Crown+Heights+Urgent+Care/data=!4m7!3m6!1s0x89c25b7b9fce8023:0x36739679f9e8b58f!8m2!3d40.6629969!4d-73.942953!16s%2Fg%2F11cny0pxnc!19sChIJI4DOn3tbwokRj7Xo-XmWczY?authuser=0&hl=en&rclk=1"
"ModernMD Urgent Care","4.6","1,131","Urgent care center","366 Knickerbocker Ave, Brooklyn, NY 11237, United States","http://modernmduc.com/","+1 646-604-8160","https://www.google.com/maps/place/ModernMD+Urgent+Care/data=!4m7!3m6!1s0x89c25c1b0bcd6fd7:0xeba3725f2feba229!8m2!3d40.700389!4d-73.9215019!16s%2Fg%2F11c0vbwwmx!19sChIJ12_NCxtcwokRKaLrL19yo-s?authuser=0&hl=en&rclk=1"
"Kāmin Health - Telehealth Services","","","Urgent care center","","","","https://www.google.com/maps/place/K%C4%81min+Health+-+Telehealth+Services/data=!4m7!3m6!1s0x485a0ba6d5610f69:0xf261da5aec7f2ecb!8m2!3d40.6974881!4d-73.979681!16s%2Fg%2F11trxy4d5j!19sChIJaQ9h1aYLWkgRyy5_7FraYfI?authuser=0&hl=en&rclk=1"
"CityHealth Urgent Care","3.7","149","Emergency care service","85-15 126th St, Queens, NY 11415, United States","http://cityhealthpc.com/","+1 877-919-2489","https://www.google.com/maps/place/CityHealth+Urgent+Care/data=!4m7!3m6!1s0x89c260ba19c03667:0x66c57a581d8eb5eb!8m2!3d40.7038263!4d-73.825061!16s%2Fg%2F11fzl997xc!19sChIJZzbAGbpgwokR67WOHVh6xWY?authuser=0&hl=en&rclk=1"
"CityMD Lower East Side Urgent Care - NYC","4.3","482","Urgent care center","138 Delancey St, New York, NY 10002, United States","https://www.citymd.com/urgent-care-locations/ny/lower-east-side?utm_source=google&utm_medium=GMB_listings&utm_campaign=citymd_locations_GMB_listings","+1 212-609-2541","https://www.google.com/maps/place/CityMD+Lower+East+Side+Urgent+Care+-+NYC/data=!4m7!3m6!1s0x89c25980e3ad6f23:0xfd2d709e90083bc6!8m2!3d40.7184065!4d-73.9869387!16s%2Fg%2F11b8v9s9x8!19sChIJI2-t44BZwokRxjsIkJ5wLf0?authuser=0&hl=en&rclk=1"
"HealthNeed Medical Urgent Care","3.5","206","Urgent care center","136-21 Roosevelt Ave, Flushing, NY 11354, United States","http://www.healthneeduc.com/","+1 718-888-1808","https://www.google.com/maps/place/HealthNeed+Medical+Urgent+Care/data=!4m7!3m6!1s0x89c260102ec78c27:0x7a25a9b113be5497!8m2!3d40.7599986!4d-73.8293434!16s%2Fg%2F11gf1q488t!19sChIJJ4zHLhBgwokRl1S-E7GpJXo?authuser=0&hl=en&rclk=1"
"UMD Care - Northern","3.4","193","Urgent care center","164-18 Northern Blvd, Queens, NY 11358, United States","http://www.umdcare.com/","+1 718-939-5900","https://www.google.com/maps/place/UMD+Care+-+Northern/data=!4m7!3m6!1s0x89c2602e58fdc6ef:0xee35956906eca4c1!8m2!3d40.7602452!4d-73.8015963!16s%2Fg%2F1tgfxk24!19sChIJ78b9WC5gwokRwaTsBmmVNe4?authuser=0&hl=en&rclk=1"
"Northwell Health-GoHealth Urgent Care","4.7","533","Urgent care center","365 Flatbush Ave, Brooklyn, NY 11238, United States","https://www.gohealthuc.com/northwell/locations/park-slope?utm_source=gmb&utm_medium=organic&utm_content=northwell-parkslope","+1 347-871-9485","https://www.google.com/maps/place/Northwell+Health-GoHealth+Urgent+Care/data=!4m7!3m6!1s0x89c25ba87d0e73f7:0xd50df174db0fe931!8m2!3d40.6768534!4d-73.9720108!16s%2Fg%2F11fy4p0fw7!19sChIJ93MOfahbwokRMekP23TxDdU?authuser=0&hl=en&rclk=1"
"CityMD Park Slope Urgent Care - Brooklyn","4.0","713","Urgent care center","420 5th Ave, Brooklyn, NY 11215, United States","https://www.citymd.com/urgent-care-locations/ny/park-slope?utm_source=google&utm_medium=GMB_listings&utm_campaign=citymd_locations_GMB_listings","+1 718-965-2273","https://www.google.com/maps/place/CityMD+Park+Slope+Urgent+Care+-+Brooklyn/data=!4m7!3m6!1s0x89c25afdb4731071:0xf0b4dd9bffe1b35!8m2!3d40.6701463!4d-73.9858198!16s%2Fg%2F11b5qnv3x8!19sChIJcRBztP1awokRNRv-v9lNCw8?authuser=0&hl=en&rclk=1"
"UMD Urgent Care -Billing Department","","","Urgent care center","","","+1 212-242-4333","https://www.google.com/maps/place/UMD+Urgent+Care+-Billing+Department/data=!4m7!3m6!1s0x4dbd0401bfa7894d:0x140d64651917b57d!8m2!3d46.423669!4d-129.9427086!16s%2Fg%2F11twpd2z_b!19sChIJTYmnvwEEvU0RfbUXGWVkDRQ?authuser=0&hl=en&rclk=1"
"All Med Urgent Care","3.7","213","Urgent care center","115-20 Liberty Ave, South Richmond Hill, NY 11419, United States","https://www.allmedurgentcare.net/","+1 718-659-0400","https://www.google.com/maps/place/All+Med+Urgent+Care/data=!4m7!3m6!1s0x89c2674f00d3fe77:0xe227cf930f3effb3!8m2!3d40.6855813!4d-73.8269946!16s%2Fg%2F11fz9zckyf!19sChIJd_7TAE9nwokRs_8-D5PPJ-I?authuser=0&hl=en&rclk=1"
"Northwell Health-GoHealth Urgent Care","4.5","568","Urgent care center","2689 Broadway, New York, NY 10025, United States","https://www.gohealthuc.com/northwell/locations/west-103rd?utm_source=gmb&utm_medium=organic&utm_content=northwell-w103rd","+1 718-619-8261","https://www.google.com/maps/place/Northwell+Health-GoHealth+Urgent+Care/data=!4m7!3m6!1s0x89c2f625b9f6da35:0x1e12bdb7af5ae803!8m2!3d40.7989626!4d-73.9690456!16s%2Fg%2F1q646s91w!19sChIJNdr2uSX2wokRA-har7e9Eh4?authuser=0&hl=en&rclk=1"
"Prompt-MD Urgent Care Center Of Jersey City","4.7","1,352","Urgent care center","201 Marin Blvd Ste. 3-B, Jersey City, NJ 07302, United States","https://promptmd.com/","+1 201-413-5000","https://www.google.com/maps/place/Prompt-MD+Urgent+Care+Center+Of+Jersey+City/data=!4m7!3m6!1s0x89c25118bf82ed8b:0x41037134b4898a0f!8m2!3d40.7148665!4d-74.0438453!16s%2Fg%2F11fhrf104f!19sChIJi-2CvxhRwokRD4qJtDRxA0E?authuser=0&hl=en&rclk=1"
"New York Urgent Care | Walk In Urgent Care Center in Long Island","3.5","151","Urgent care center","251-05 Jericho Turnpike, Queens, NY 11426, United States","https://nyucc.com/?utm_source=local&utm_medium=organic&utm_campaign=gmb&utm_content=website","+1 718-962-2273","https://www.google.com/maps/place/New+York+Urgent+Care+%7C+Walk+In+Urgent+Care+Center+in+Long+Island/data=!4m7!3m6!1s0x89c26245675e680d:0xe7c2de1fbf2b2ca9!8m2!3d40.727251!4d-73.7138489!16s%2Fg%2F11xc78zn9!19sChIJDWheZ0ViwokRqSwrvx_ewuc?authuser=0&hl=en&rclk=1"
"Northwell Health-GoHealth Urgent Care","4.2","371","Urgent care center","199 Amsterdam Ave, New York, NY 10023, United States","https://www.gohealthuc.com/northwell/locations/w-69th?utm_source=gmb&utm_medium=organic&utm_content=northwell-w69th","+1 212-721-4200","https://www.google.com/maps/place/Northwell+Health-GoHealth+Urgent+Care/data=!4m7!3m6!1s0x89c2588a9d95764d:0x6686ce52c1a1cfab!8m2!3d40.776423!4d-73.982804!16s%2Fg%2F1tf6n37q!19sChIJTXaVnYpYwokRq8-hwVLOhmY?authuser=0&hl=en&rclk=1"
"+MEDRITE Clinton Hill Urgent Care - Brooklyn","4.5","862","Urgent care center","504 Myrtle Ave, Brooklyn, NY 11205, United States","https://medriteurgentcare.com/center/medrite-clinton-hill-urgent-care/","+1 718-400-9633","https://www.google.com/maps/place/%2BMEDRITE+Clinton+Hill+Urgent+Care+-+Brooklyn/data=!4m7!3m6!1s0x89c25baef5ab29b7:0x973fd44629351267!8m2!3d40.6933732!4d-73.964833!16s%2Fg%2F11h3njdrtd!19sChIJtymr9a5bwokRZxI1KUbUP5c?authuser=0&hl=en&rclk=1"
"Northwell Health-GoHealth Urgent Care","4.4","568","Urgent care center","175 E 96th St, New York, NY 10128, United States","https://www.gohealthuc.com/northwell/locations/east-96th?utm_source=gmb&utm_medium=organic&utm_content=northwell-east96th","+1 718-948-4942","https://www.google.com/maps/place/Northwell+Health-GoHealth+Urgent+Care/data=!4m7!3m6!1s0x89c258a66fa8d5fd:0x41f6dbf6de1105ba!8m2!3d40.7856768!4d-73.9495346!16s%2Fg%2F11bwqllqdg!19sChIJ_dWob6ZYwokRugUR3vbb9kE?authuser=0&hl=en&rclk=1"
"Northwell Health-GoHealth Urgent Care","4.1","229","Urgent care center","41 E 8th St, New York, NY 10003, United States","https://www.gohealthuc.com/northwell/locations/greenwich-village?utm_source=gmb&utm_medium=organic&utm_content=northwell-greenwichvillage","+1 212-897-1991","https://www.google.com/maps/place/Northwell+Health-GoHealth+Urgent+Care/data=!4m7!3m6!1s0x89c2599a04d631eb:0xd8cd2b37800f24be!8m2!3d40.731428!4d-73.994061!16s%2Fg%2F11cn92rf22!19sChIJ6zHWBJpZwokRviQPgDcrzdg?authuser=0&hl=en&rclk=1"
"HealthNeed Medical Urgent Care","5.0","16","Urgent care center","136-21 Roosevelt Ave, Queens, NY 11354, United States","http://www.healthneeduc.com/","+1 718-888-1808","https://www.google.com/maps/place/HealthNeed+Medical+Urgent+Care/data=!4m7!3m6!1s0x89c261c01c927bed:0x12a37794c5582474!8m2!3d40.7599986!4d-73.8293434!16s%2Fg%2F11l70w_d2m!19sChIJ7XuSHMBhwokRdCRYxZR3oxI?authuser=0&hl=en&rclk=1"
"Midtown New York Doctors Urgent Care","4.8","1,958","Urgent care center","205 Lexington Ave, New York, NY 10016, United States","http://www.newyorkdoctorsurgentcare.com/","+1 212-684-4700","https://www.google.com/maps/place/Midtown+New+York+Doctors+Urgent+Care/data=!4m7!3m6!1s0x89c25907d24a1abd:0x2be548295e17d4ad!8m2!3d40.74516!4d-73.9802665!16s%2Fg%2F1hhhs4q5g!19sChIJvRpK0gdZwokRrdQXXilI5Ss?authuser=0&hl=en&rclk=1"
"Silver Star Urgent Care","4.6","744","Urgent care center","102-34 Atlantic Ave, Queens, NY 11416, United States","http://silverstarurgentcare.com/","+1 516-750-0252","https://www.google.com/maps/place/Silver+Star+Urgent+Care/data=!4m7!3m6!1s0x89c2678cca4b365f:0xdcd502d4c6259e28!8m2!3d40.6897759!4d-73.8412957!16s%2Fg%2F11h5n5prbr!19sChIJXzZLyoxnwokRKJ4lxtQC1dw?authuser=0&hl=en&rclk=1"
"Mount Sinai Queens","2.4","624","General hospital","25-10 30th Ave., Long Island City, NY 11102, United States","https://www.mountsinai.org/locations/queens?utm_source=Yext&utm_medium=local_listing&utm_campaign=MSHQ&y_source=1_MTgwODM1NS03MTUtbG9jYXRpb24ud2Vic2l0ZQ%3D%3D","+1 718-932-1000","https://www.google.com/maps/place/Mount+Sinai+Queens/data=!4m7!3m6!1s0x89c25f4870578f43:0x909638963f87c55b!8m2!3d40.7680983!4d-73.9248696!16s%2Fm%2F04g3nps!19sChIJQ49XcEhfwokRW8WHP5Y4lpA?authuser=0&hl=en&rclk=1"
"CityMD East 37th Urgent Care - NYC","4.1","286","Urgent care center","561 3rd Ave, New York, NY 10016, United States","https://www.citymd.com/urgent-care-locations/ny/east-37th?utm_source=google&utm_medium=GMB_listings&utm_campaign=citymd_locations_GMB_listings","+1 212-729-4668","https://www.google.com/maps/place/CityMD+East+37th+Urgent+Care+-+NYC/data=!4m7!3m6!1s0x89c259043b60f767:0x31f7491ebbf8773b!8m2!3d40.7476708!4d-73.9764333!16s%2Fg%2F1pp2t_q46!19sChIJZ_dgOwRZwokRO3f4ux5J9zE?authuser=0&hl=en&rclk=1"
"ModernMD Urgent Care","4.7","1,550","Urgent care center","436 Utica Ave, Brooklyn, NY 11213, United States","http://modernmduc.com/","+1 646-604-8150","https://www.google.com/maps/place/ModernMD+Urgent+Care/data=!4m7!3m6!1s0x89c25c83dfdcc9fb:0x18cc671374d58934!8m2!3d40.6638433!4d-73.9318966!16s%2Fg%2F11cn3pr54n!19sChIJ-8nc34NcwokRNInVdBNnzBg?authuser=0&hl=en&rclk=1"
"24 Hour Urgent Care Mill Basin","4.2","10","Urgent care center","5002 Flatlands Ave suite #355, Brooklyn, NY 11234, United States","","+1 929-999-6482","https://www.google.com/maps/place/24+Hour+Urgent+Care+Mill+Basin/data=!4m7!3m6!1s0x880025551e6394c9:0x7310469f8071d7d5!8m2!3d40.6260885!4d-73.9274496!16s%2Fg%2F11vd6ngtw8!19sChIJyZRjHlUlAIgR1ddxgJ9GEHM?authuser=0&hl=en&rclk=1"
"Mount Sinai-Union Square, Urgent Care","3.7","124","Urgent care center","10 Union Square E, New York, NY 10003, United States","https://www.mountsinai.org/locations/union-square/urgent-care?utm_source=Yext&utm_medium=local_listing&utm_campaign=MSUSUrgentCare&y_source=1_ODQwMzU3NS03MTUtbG9jYXRpb24ud2Vic2l0ZQ%3D%3D","+1 212-844-6000","https://www.google.com/maps/place/Mount+Sinai-Union+Square,+Urgent+Care/data=!4m7!3m6!1s0x89c25998c6a132bb:0x5a408122d7a047d9!8m2!3d40.7348085!4d-73.9896073!16s%2Fg%2F11gbwl633p!19sChIJuzKhxphZwokR2Ueg1yKBQFo?authuser=0&hl=en&rclk=1"
"HealthNeed Medical Urgent Care","4.3","49","Urgent care center","139-11 Franklin Ave, Queens, NY 11355, United States","https://www.healthneeduc.com/","+1 718-888-9909","https://www.google.com/maps/place/HealthNeed+Medical+Urgent+Care/data=!4m7!3m6!1s0x89c2612d4e6a988d:0x4cf0353b597929f4!8m2!3d40.75547!4d-73.825287!16s%2Fg%2F11rv0mytpd!19sChIJjZhqTi1hwokR9Cl5WTs18Ew?authuser=0&hl=en&rclk=1"
"CityMD Bergen Beach Urgent Care - Brooklyn","4.0","748","Urgent care center","2183A Ralph Ave, Brooklyn, NY 11234, United States","https://www.citymd.com/urgent-care-locations/ny/bergen-beach?utm_source=google&utm_medium=GMB_listings&utm_campaign=citymd_locations_GMB_listings","+1 718-571-9225","https://www.google.com/maps/place/CityMD+Bergen+Beach+Urgent+Care+-+Brooklyn/data=!4m7!3m6!1s0x89c2434b3ed92703:0xa400f5d4789600cd!8m2!3d40.6267006!4d-73.9171063!16s%2Fg%2F11hd77_d2p!19sChIJAyfZPktDwokRzQCWeNT1AKQ?authuser=0&hl=en&rclk=1"
"QAllCare Urgent Care & Primary Care","3.3","110","Medical clinic","31-47 137th Street # Cf, 31-47 137th St, Queens, NY 11354, United States","http://qallcare.com/","+1 917-563-1111","https://www.google.com/maps/place/QAllCare+Urgent+Care+%26+Primary+Care/data=!4m7!3m6!1s0x89c261ece6ec7219:0xc89e0f48fc0d612a!8m2!3d40.7681985!4d-73.8308118!16s%2Fg%2F11jpcgdhgk!19sChIJGXLs5uxhwokRKmEN_EgPnsg?authuser=0&hl=en&rclk=1"
"All med urgent care PC.","3.9","12","Urgent care center","105-34 Rockaway Blvd, Queens, NY 11417, United States","https://allmedurgentcare.net/","+1 718-908-0001","https://www.google.com/maps/place/All+med+urgent+care+PC./data=!4m7!3m6!1s0x89c2677040d31f59:0x5467c9ee1037be78!8m2!3d40.6783832!4d-73.8333979!16s%2Fg%2F11q9s6t1c0!19sChIJWR_TQHBnwokReL43EO7JZ1Q?authuser=0&hl=en&rclk=1"
"DocGo On-Demand Urgent Care","4.9","217","Urgent care center","","https://docgo.com/ondemand/","+1 844-443-6246","https://www.google.com/maps/place/DocGo+On-Demand+Urgent+Care/data=!4m7!3m6!1s0x4f990e62ca346409:0xdd2fdbfc620655c4!8m2!3d40.6974881!4d-73.979681!16s%2Fg%2F11sz400pks!19sChIJCWQ0ymIOmU8RxFUGYvzbL90?authuser=0&hl=en&rclk=1"
"PM Pediatric Urgent Care","3.3","319","Pediatric clinic","70-20 Austin St, Forest Hills, NY 11375, United States","https://pmpediatriccare.com/location/pm-pediatrics-new-york-city-forest-hills/","+1 718-268-4767","https://www.google.com/maps/place/PM+Pediatric+Urgent+Care/data=!4m7!3m6!1s0x89c25e214adadecd:0x52f9ba0d2ee530a9!8m2!3d40.720603!4d-73.8465879!16s%2Fg%2F11b6m10np4!19sChIJzd7aSiFewokRqTDlLg26-VI?authuser=0&hl=en&rclk=1"
"+MEDRITE Yorkville Urgent Care - Manhattan","4.5","323","Urgent care center","1646 2nd Ave, New York, NY 10028, United States","https://medriteurgentcare.com/places/1646-second-avenue/","+1 646-866-6060","https://www.google.com/maps/place/%2BMEDRITE+Yorkville+Urgent+Care+-+Manhattan/data=!4m7!3m6!1s0x89c259e71aba12a3:0xa09947300f7fd29e!8m2!3d40.7773882!4d-73.9518025!16s%2Fg%2F11n0pnpcyq!19sChIJoxK6GudZwokRntJ_DzBHmaA?authuser=0&hl=en&rclk=1"
"Lamd Walk-In Urgent Care Medical Group","3.3","12","Medical clinic","6315 Roosevelt Ave, Queens, NY 11377, United States","","+1 718-639-3603","https://www.google.com/maps/place/Lamd+Walk-In+Urgent+Care+Medical+Group/data=!4m7!3m6!1s0x89c25f031bbf809d:0x85845f34c75ac454!8m2!3d40.7458579!4d-73.8987227!16s%2Fg%2F11gglt7fzt!19sChIJnYC_GwNfwokRVMRaxzRfhIU?authuser=0&hl=en&rclk=1"
"CityMD West 104th Urgent Care - NYC","4.0","378","Urgent care center","2710 Broadway, New York, NY 10025, United States","https://www.citymd.com/urgent-care-locations/ny/west-104th?utm_source=google&utm_medium=GMB_listings&utm_campaign=citymd_locations_GMB_listings","+1 212-658-0676","https://www.google.com/maps/place/CityMD+West+104th+Urgent+Care+-+NYC/data=!4m7!3m6!1s0x89c2f624517e35eb:0x9266d60331cddc12!8m2!3d40.7994769!4d-73.9679338!16s%2Fg%2F11b6skctrk!19sChIJ6zV-UST2wokREtzNMQPWZpI?authuser=0&hl=en&rclk=1"
"Concentra Urgent Care","4.0","515","Occupational health service","6701 Bergenline Ave, West New York, NJ 07093, United States","http://www.concentra.com/?utm_source=Yext&utm_medium=Organic&utm_campaign=Homepage%20Link","+1 201-758-9100","https://www.google.com/maps/place/Concentra+Urgent+Care/data=!4m7!3m6!1s0x89c2580956a403d9:0x60cd3e21870921df!8m2!3d40.7941945!4d-74.0126395!16s%2Fg%2F1tdkylkn!19sChIJ2QOkVglYwokR3yEJhyE-zWA?authuser=0&hl=en&rclk=1"
"PM Pediatric Urgent Care","3.4","196","Pediatric clinic","210-31 26th Ave, Queens, NY 11360, United States","https://pmpediatriccare.com/location/new-york-city-bayside/","+1 718-747-5437","https://www.google.com/maps/place/PM+Pediatric+Urgent+Care/data=!4m7!3m6!1s0x89c28a6ee82c1193:0x44c39487a67df025!8m2!3d40.7790882!4d-73.7791096!16s%2Fg%2F1td4w5wr!19sChIJkxEs6G6KwokRJfB9poeUw0Q?authuser=0&hl=en&rclk=1"
"+MEDRITE South Bronx Urgent Care - Bronx","4.8","69","Urgent care center","383 E 149th St, Bronx, NY 10455, United States","https://medriteurgentcare.com/center/medrite-south-bronx-urgent-care/","+1 212-498-9393","https://www.google.com/maps/place/%2BMEDRITE+South+Bronx+Urgent+Care+-+Bronx/data=!4m7!3m6!1s0x89c2f5d00c578d7b:0xca52cbbc0eb0ff59!8m2!3d40.8164925!4d-73.9183334!16s%2Fg%2F11tc2mg2ws!19sChIJe41XDND1wokRWf-wDrzLUso?authuser=0&hl=en&rclk=1"
"CityMD West 23rd Urgent Care - NYC","4.5","418","Urgent care center","37 W 23rd St, New York, NY 10010, United States","https://www.citymd.com/urgent-care-locations/ny/west-23rd?utm_source=google&utm_medium=GMB_listings&utm_campaign=citymd_locations_GMB_listings","+1 646-596-9267","https://www.google.com/maps/place/CityMD+West+23rd+Urgent+Care+-+NYC/data=!4m7!3m6!1s0x89c258586506e723:0xc80d15f8288d2a4e!8m2!3d40.742334!4d-73.990932!16s%2Fg%2F1hc6_4bn9!19sChIJI-cGZVhYwokRTiqNKPgVDcg?authuser=0&hl=en&rclk=1"
"MedPro Urgent & Primary Care - Woodside","","","","65-27 Roosevelt Ave #1A, Queens, NY 11377, United States","http://www.medprocare.com/","+1 718-550-2273","https://www.google.com/maps/place/MedPro+Urgent+%26+Primary+Care+-+Woodside/data=!4m7!3m6!1s0x89c25fcacb72643d:0xecb5c6d5eb52e0b2!8m2!3d40.74642!4d-73.898105!16s%2Fg%2F11rplb94pm!19sChIJPWRyy8pfwokRsuBS69XGtew?authuser=0&hl=en&rclk=1"
"AFC Urgent Care Bronx 149th","4.3","240","Urgent care center","332 E 149th St, Bronx, NY 10451, United States","https://www.afcurgentcare.com/bronx-149/?utm_source=GMB&utm_medium=organic&utm_campaign=Bronx149","+1 347-329-4010","https://www.google.com/maps/place/AFC+Urgent+Care+Bronx+149th/data=!4m7!3m6!1s0x89c2f5cf139ce277:0x84fab7fe2853a1b3!8m2!3d40.8166151!4d-73.9202812!16s%2Fg%2F11g8vxkm46!19sChIJd-KcE8_1wokRs6FTKP63-oQ?authuser=0&hl=en&rclk=1"
"MinuteClinic","2.1","7","Urgent care center","7960 Metropolitan Ave, Middle Village, NY 11379, United States","https://www.cvs.com/minuteclinic/clinic-locator/ny/middlevillage/2975.html?WT.mc_id=LS_mc_google_carenav_2975","+1 866-389-2727","https://www.google.com/maps/place/MinuteClinic/data=!4m7!3m6!1s0x89c25e6e9af00001:0x2a4fb645f8ff5390!8m2!3d40.7129475!4d-73.8717798!16s%2Fg%2F11qq_8d492!19sChIJAQDwmm5ewokRkFP_-EW2Tyo?authuser=0&hl=en&rclk=1"
"Northwell Health-GoHealth Urgent Care","4.3","284","Urgent care center","1555 1st Ave., New York, NY 10028, United States","https://www.gohealthuc.com/northwell/locations/east-81st?utm_source=gmb&utm_medium=organic&utm_content=northwell-east81st","+1 212-897-1995","https://www.google.com/maps/place/Northwell+Health-GoHealth+Urgent+Care/data=!4m7!3m6!1s0x89c258b917e75bc5:0x70a0591820f88fe6!8m2!3d40.773599!4d-73.952133!16s%2Fg%2F11c5s8lwbb!19sChIJxVvnF7lYwokR5o_4IBhZoHA?authuser=0&hl=en&rclk=1"
"Prompt-MD Urgent Care Center Of Hoboken","4.8","1,804","Urgent care center","309 1st St, Hoboken, NJ 07030, United States","http://promptmd.com/","+1 201-222-8411","https://www.google.com/maps/place/Prompt-MD+Urgent+Care+Center+Of+Hoboken/data=!4m7!3m6!1s0x89c2575eb1b95c4b:0xfb28994361640c74!8m2!3d40.7380671!4d-74.0351876!16s%2Fg%2F1tnbm0_9!19sChIJS1y5sV5XwokRdAxkYUOZKPs?authuser=0&hl=en&rclk=1"
"Prompt-MD Urgent Care Center OfWeehawken","4.8","579","Urgent care center","4100 Park Ave Suite #7A, Weehawken, NJ 07086, United States","https://promptmd.com/","+1 201-866-8001","https://www.google.com/maps/place/Prompt-MD+Urgent+Care+Center+OfWeehawken/data=!4m7!3m6!1s0x89c2596c9c864517:0xb6631aaff61e103e!8m2!3d40.7741211!4d-74.0202808!16s%2Fg%2F11qgyl_4tx!19sChIJF0WGnGxZwokRPhAe9q8aY7Y?authuser=0&hl=en&rclk=1"