Name,Rating,Reviews,Category,Address,Website,Phone,Url
"Horizon Staffing Solutions","4.0","38","Temp agency","20 Jerusalem Ave, Hicksville, NY 11801, United States","https://www.horizonstaffingsolutions.com/","+1 516-719-4080","https://www.google.com/maps/place/Horizon+Staffing+Solutions/data=!4m7!3m6!1s0x89c280e295038f31:0x842d051fb7757ec8!8m2!3d40.7669043!4d-73.5255588!16s%2Fg%2F126235j93!19sChIJMY8DleKAwokRyH51tx8FLYQ?authuser=0&hl=en&rclk=1"
"County Agency","4.9","476","Employment agency","499 Chestnut St STE 208, Cedarhurst, NY 11516, United States","https://www.countyagency.net/","+1 516-537-1155","https://www.google.com/maps/place/County+Agency/data=!4m7!3m6!1s0x89c25bde4f080ab9:0x88dfe7f4ba5bcb30!8m2!3d40.6225239!4d-73.7250743!16s%2Fg%2F1tdgl59n!19sChIJuQoIT95bwokRMMtbuvTn34g?authuser=0&hl=en&rclk=1"
"Event Staffing by Marsell, Inc","5.0","1","Temp agency","","","+1 718-506-2321","https://www.google.com/maps/place/Event+Staffing+by+Marsell,+Inc/data=!4m7!3m6!1s0x89c25dfcf987721b:0xf236c8c80c045984!8m2!3d40.9000905!4d-72.9170605!16s%2Fg%2F1t_wq8bm!19sChIJG3KH-fxdwokRhFkEDMjINvI?authuser=0&hl=en&rclk=1"
"PrideStaff","4.6","146","Employment agency","1121 Walt Whitman Rd Suite 202, Melville, NY 11747, United States","https://www.pridestaff.com/melville","+1 631-752-7777","https://www.google.com/maps/place/PrideStaff/data=!4m7!3m6!1s0x89e82a4ead897a93:0x186269ab4a9de75!8m2!3d40.7925288!4d-73.4171923!16s%2Fg%2F1td4w99_!19sChIJk3qJrU4q6IkRdd6ptJomhgE?authuser=0&hl=en&rclk=1"
"FlexStaff","4.3","59","Employment agency","1111 Marcus Ave, North New Hyde Park, NY 11042, United States","https://www.flexstaff.org/about-us/","+1 516-224-2800","https://www.google.com/maps/place/FlexStaff/data=!4m7!3m6!1s0x89c2882b34040949:0x6ded7f73d709385b!8m2!3d40.7575186!4d-73.7003652!16s%2Fg%2F11q2y_r0zv!19sChIJSQkENCuIwokRWzgJ13N_7W0?authuser=0&hl=en&rclk=1"
"One Call Staffing Inc","3.7","3","Employment agency","658 Christie St, South Hempstead, NY 11550, United States","https://onecallstaffing.org/","+1 516-489-7201","https://www.google.com/maps/place/One+Call+Staffing+Inc/data=!4m7!3m6!1s0x89c27c8d34637c29:0xafad01315480f072!8m2!3d40.6825394!4d-73.6165046!16s%2Fg%2F1tcw9322!19sChIJKXxjNI18wokRcvCAVDEBra8?authuser=0&hl=en&rclk=1"
"Express Employment Professionals","4.9","271","Employment agency","100 Jericho Quadrangle # 215, Jericho, NY 11753, United States","http://www.expresspros.com/nassaucountynorthny","+1 516-234-5932","https://www.google.com/maps/place/Express+Employment+Professionals/data=!4m7!3m6!1s0x89c287f7019190e3:0x1e0f2990467a822f!8m2!3d40.7854848!4d-73.5550673!16s%2Fg%2F11f770xgh6!19sChIJ45CRAfeHwokRL4J6RpApDx4?authuser=0&hl=en&rclk=1"
"Dragon Staffing","","","Employment agency","","http://www.dragonstaffing.com/","+1 347-780-1846","https://www.google.com/maps/place/Dragon+Staffing/data=!4m7!3m6!1s0x6089dc493b2cb6ef:0x25f0de0871e44643!8m2!3d41.3654532!4d-72.9172379!16s%2Fg%2F11kr754m0g!19sChIJ77YsO0nciWARQ0bkcQje8CU?authuser=0&hl=en&rclk=1"
"AV Staffing Solutions","5.0","1","Employment agency","255 Executive Dr Suite 303, Plainview, NY 11803, United States","http://avstaffingsolutions.com/","+1 516-743-9734","https://www.google.com/maps/place/AV+Staffing+Solutions/data=!4m7!3m6!1s0x89e82bbb0bae59e1:0x997215587349ad4f!8m2!3d40.7929208!4d-73.464886!16s%2Fg%2F11h28tvbtw!19sChIJ4VmuC7sr6IkRT61Jc1gVcpk?authuser=0&hl=en&rclk=1"
"Bequest Staffing Solutions","5.0","2","Employment agency","","http://www.bequeststaffingsolutions.com/","+1 888-237-8371","https://www.google.com/maps/place/Bequest+Staffing+Solutions/data=!4m7!3m6!1s0x244ead9688bff61f:0x9fd6ffe611819cdf!8m2!3d40.754757!4d-73.601734!16s%2Fg%2F11t28dq2zf!19sChIJH_a_iJatTiQR35yBEeb_1p8?authuser=0&hl=en&rclk=1"
"Gloria K Personnel Services","4.5","2","Employment agency","1979 Marcus Ave #100, New Hyde Park, NY 11042, United States","http://www.gloriak.net/","+1 516-487-7200","https://www.google.com/maps/place/Gloria+K+Personnel+Services/data=!4m7!3m6!1s0x89c2882999ceb2dd:0x3924c3c94f7c83e5!8m2!3d40.755027!4d-73.693562!16s%2Fg%2F1tpbcxl7!19sChIJ3bLOmSmIwokR5YN8T8nDJDk?authuser=0&hl=en&rclk=1"
"Long Island Temps","3.3","7","Temp agency","100 Duffy Ave Suite 510, Hicksville, NY 11801, United States","https://www.longislandtemps.com/","+1 516-777-8367","https://www.google.com/maps/place/Long+Island+Temps/data=!4m7!3m6!1s0x89c27d7b6f8a40b7:0x8a9a79ee3a1caee3!8m2!3d40.7663572!4d-73.5285835!16s%2Fg%2F12hpwx7j2!19sChIJt0CKb3t9wokR464cOu55moo?authuser=0&hl=en&rclk=1"
"Good Hand Employment Inc","4.4","14","Employment agency","185 Post Ave Unit A, Westbury, NY 11590, United States","","+1 516-333-7711","https://www.google.com/maps/place/Good+Hand+Employment+Inc/data=!4m7!3m6!1s0x89c2876b771c1fd9:0xecc75650918e38b3!8m2!3d40.7552485!4d-73.5880673!16s%2Fg%2F1t_wq8hg!19sChIJ2R8cd2uHwokRsziOkVBWx-w?authuser=0&hl=en&rclk=1"
"PrideStaff","5.0","89","Employment agency","218-14 Hempstead Ave Level C, Suite 1, Queens, NY 11429, United States","https://www.pridestaff.com/brooklynqueens/","+1 929-733-7200","https://www.google.com/maps/place/PrideStaff/data=!4m7!3m6!1s0x89c2632bfe3040ad:0x7adb72e287ffb3fe!8m2!3d40.7136582!4d-73.7379023!16s%2Fg%2F11sx04r7yr!19sChIJrUAw_itjwokR_rP_h-Jy23o?authuser=0&hl=en&rclk=1"
"ABC Employment Agency","3.7","9","Employment agency","2132 Bellmore Ave, Bellmore, NY 11710, United States","http://www.abcemploymentagencyoflongisland.com/","+1 516-785-3244","https://www.google.com/maps/place/ABC+Employment+Agency/data=!4m7!3m6!1s0x89c27ee8451db93b:0x61287257e4ac8c7c!8m2!3d40.6712859!4d-73.526004!16s%2Fg%2F1tgff8yf!19sChIJO7kdReh-wokRfIys5FdyKGE?authuser=0&hl=en&rclk=1"
"Bequest Staffing Solutions","","","Employment agency","","http://www.bequeststaffingsolutions.com/","+1 888-237-8371","https://www.google.com/maps/place/Bequest+Staffing+Solutions/data=!4m7!3m6!1s0x892a3992928437fb:0x59a75eb3c20cc2fc!8m2!3d42.7462195!4d-75.7700406!16s%2Fg%2F11s8lj8db1!19sChIJ-zeEkpI5KokR_MIMwrNep1k?authuser=0&hl=en&rclk=1"
"Long Island Staffing Inc","","","Employment agency","Rockville Centre, NY 11571, United States","","+1 516-431-1888","https://www.google.com/maps/place/Long+Island+Staffing+Inc/data=!4m7!3m6!1s0x89c27b5251e903cb:0x8d0ad38888dedec!8m2!3d40.6599038!4d-73.6499988!16s%2Fg%2F125_y95s8!19sChIJywPpUVJ7wokR7O2NiDit0Ag?authuser=0&hl=en&rclk=1"
"Perfect Choice Staffing","4.7","6","Employment agency","225 Crossways Park Dr, Woodbury, NY 11797, United States","http://www.perfectchoicestaffing.com/","+1 516-422-7803","https://www.google.com/maps/place/Perfect+Choice+Staffing/data=!4m7!3m6!1s0x89c2821bd8a5b0c5:0x6d0e0e33fd52264a!8m2!3d40.80784!4d-73.4828069!16s%2Fg%2F11b809qzk3!19sChIJxbCl2BuCwokRSiZS_TMODm0?authuser=0&hl=en&rclk=1"
"HumanHire","4.8","82","Employment agency","555 Broadhollow Rd, Melville, NY 11747, United States","http://www.humanhirellc.com/","+1 516-303-7700","https://www.google.com/maps/place/HumanHire/data=!4m7!3m6!1s0x89e82b4fa0ad2917:0xfc83a815d46263b2!8m2!3d40.7634578!4d-73.4225166!16s%2Fg%2F11j1g7y_p1!19sChIJFymtoE8r6IkRsmNi1BWog_w?authuser=0&hl=en&rclk=1"
"Horizon Healthcare Staffing","3.9","45","Employment agency","20 Jerusalem Ave, Hicksville, NY 11801, United States","https://www.hhstaff.com/","+1 516-326-2020","https://www.google.com/maps/place/Horizon+Healthcare+Staffing/data=!4m7!3m6!1s0x89c280e2eaabfaad:0x22af24828b3f4b43!8m2!3d40.7669008!4d-73.5255665!16s%2Fg%2F11b6dq9s3c!19sChIJrfqr6uKAwokRQ0s_i4IkryI?authuser=0&hl=en&rclk=1"
"Long Island Staffing Team","","","Employment agency","1055 Stewart Ave, Bethpage, NY 11714, United States","","+1 516-918-3698","https://www.google.com/maps/place/Long+Island+Staffing+Team/data=!4m7!3m6!1s0x89c2804a7a053f43:0x2ac211c4696b79af!8m2!3d40.7592418!4d-73.4898101!16s%2Fg%2F1wv_t3_7!19sChIJQz8FekqAwokRr3lracQRwio?authuser=0&hl=en&rclk=1"
"Empressive Staffing Agency","","","Employment agency","","","+1 516-858-9186","https://www.google.com/maps/place/Empressive+Staffing+Agency/data=!4m7!3m6!1s0xfc628ea7e6a3bf7:0x3805b51c36dbcaa1!8m2!3d40.651018!4d-73.871192!16s%2Fg%2F11sxwzz8sv!19sChIJ9ztqfuooxg8RocrbNhy1BTg?authuser=0&hl=en&rclk=1"
"Premier Staffing","","","Employment agency","1979 Marcus Ave # E102, New Hyde Park, NY 11042, United States","","+1 516-622-1660","https://www.google.com/maps/place/Premier+Staffing/data=!4m7!3m6!1s0x89c288294dd16781:0x57f30675cccbd43b!8m2!3d40.7552251!4d-73.6934286!16s%2Fg%2F1thct7z5!19sChIJgWfRTSmIwokRO9TLzHUG81c?authuser=0&hl=en&rclk=1"
"Aerotek","4.3","142","Employment agency","290 Broadhollow Rd #310e, Melville, NY 11747, United States","https://www.aerotek.com/en/locations/united-states/new-york/melville?ecid=ls_aero_bizlist_091222_seo7123124","+1 631-760-3150","https://www.google.com/maps/place/Aerotek/data=!4m7!3m6!1s0x89e82bc827ae2ae5:0xdba961620a9465b1!8m2!3d40.7837174!4d-73.4186004!16s%2Fg%2F1tlmpc1d!19sChIJ5SquJ8gr6IkRsWWUCmJhqds?authuser=0&hl=en&rclk=1"
"","","","","445 Broadhollow Rd #119, Melville, NY 11747, United States","http://www.lloydstaffing.com/","+1 631-777-7600","https://www.google.com/maps/place/Lloyd+Staffing/data=!4m7!3m6!1s0x89e82a34f3f57edf:0x549b1a7b92a1639e!8m2!3d40.7751957!4d-73.4198446!16s%2Fg%2F1tgdv52g!19sChIJ33718zQq6IkRnmOhknsam1Q?authuser=0&hl=en&rclk=1"
"All Team Staffing","2.1","7","Temp agency","781 W Merrick Rd, Valley Stream, NY 11580, United States","http://www.allteamstaffing.com/locations/nyc-queens/","+1 516-837-0777","https://www.google.com/maps/place/All+Team+Staffing/data=!4m7!3m6!1s0x89c264735348d27d:0x964efeebf4b34480!8m2!3d40.6734677!4d-73.7244693!16s%2Fg%2F1hf2l6d7c!19sChIJfdJIU3NkwokRgESz9Ov-TpY?authuser=0&hl=en&rclk=1"
"Bequest Staffing Solutions","","","Employment agency","","http://www.bequeststaffingsolutions.com/","+1 888-237-8371","https://www.google.com/maps/place/Bequest+Staffing+Solutions/data=!4m7!3m6!1s0x2b0113cd397755a3:0x9c8b2cb9bbe4c78a!8m2!3d40.073132!4d-74.4934305!16s%2Fg%2F11t28dl2t8!19sChIJo1V3Oc0TASsRisfku7ksi5w?authuser=0&hl=en&rclk=1"
"Randstad Operational Talent","3.4","47","Temp agency","1100 Franklin Ave Suite 100, 106, Garden City, NY 11530, United States","https://www.randstadusa.com/locations/garden-city_new-york/randstad-garden-city_107/?utm_source=google&utm_medium=local&utm_content=website&utm_campaign=google-business-pages&utm_term=gardencity","+1 516-741-4191","https://www.google.com/maps/place/Randstad+Operational+Talent/data=!4m7!3m6!1s0x89c27d446e42b8db:0xca288bbd3159fb5c!8m2!3d40.7313508!4d-73.636697!16s%2Fg%2F1hc19w7qt!19sChIJ27hCbkR9wokRXPtZMb2LKMo?authuser=0&hl=en&rclk=1"
"Employment Resources Inc","5.0","1","Employment agency","3333 New Hyde Park Rd, New Hyde Park, NY 11042, United States","","+1 516-365-1234","https://www.google.com/maps/place/Employment+Resources+Inc/data=!4m7!3m6!1s0x89c288372fe84f3b:0xb371b4fa6ba4f095!8m2!3d40.766748!4d-73.6927741!16s%2Fg%2F1tjtk5xx!19sChIJO0_oLzeIwokRlfCka_q0cbM?authuser=0&hl=en&rclk=1"
"GRN Nassau County","","","Employment agency","68 S Service Rd # 100, Melville, NY 11747, United States","","+1 631-577-4028","https://www.google.com/maps/place/GRN+Nassau+County/data=!4m7!3m6!1s0x89e82a3d1ccb4ead:0x6ec8cd6188dafb7a!8m2!3d40.7821156!4d-73.4392033!16s%2Fg%2F1tdfd3sm!19sChIJrU7LHD0q6IkRevvaiGHNyG4?authuser=0&hl=en&rclk=1"
"CHOICE STAFFING,INC","4.5","2","Employment agency","740 Veterans Memorial Hwy, Hauppauge, NY 11788, United States","https://www.choiceli.com/","+1 631-617-6002","https://www.google.com/maps/place/CHOICE+STAFFING,INC/data=!4m7!3m6!1s0x89e83060be400001:0x6f3d442f32c8ab86!8m2!3d40.8246193!4d-73.2338701!16s%2Fg%2F11sv1kmsd8!19sChIJAQBAvmAw6IkRhqvIMi9EPW8?authuser=0&hl=en&rclk=1"
"","","","","","http://www.sovereignstaffingsolutions.com/","+1 718-489-1752","https://www.google.com/maps/place/Sovereign+Staffing+Solutions/data=!4m7!3m6!1s0x89c2699918dff101:0x4d80f2c34a3e396!8m2!3d46.423669!4d-129.9427086!16s%2Fg%2F11ll2vb8lr!19sChIJAfHfGJlpwokRluOjNCwP2AQ?authuser=0&hl=en&rclk=1"
"Winston Staffing Services LLC","3.0","6","Temp agency","1400 Old Country Rd #418, Westbury, NY 11590, United States","http://www.winstonresources.com/","+1 516-333-3222","https://www.google.com/maps/place/Winston+Staffing+Services+LLC/data=!4m7!3m6!1s0x89c280c979d65005:0xa4bbdb1d50c9e31f!8m2!3d40.7557661!4d-73.5517715!16s%2Fg%2F1tdym3vb!19sChIJBVDWecmAwokRH-PJUB3bu6Q?authuser=0&hl=en&rclk=1"
"YAI Long Island Employment Services","3.4","5","Employment agency","475 Union Ave, Westbury, NY 11590, United States","https://www.yai.org/","+1 516-338-9264","https://www.google.com/maps/place/YAI+Long+Island+Employment+Services/data=!4m7!3m6!1s0x89c2874016a09d4f:0x46ee9f99d7234176!8m2!3d40.7556838!4d-73.5820056!16s%2Fg%2F1tgd7g2q!19sChIJT52gFkCHwokRdkEj15mf7kY?authuser=0&hl=en&rclk=1"
"Robert Half Recruiters & Employment Agency","3.1","14","Employment agency","522 RXR Plaza, Uniondale, NY 11556, United States","https://www.roberthalf.com/us/en/locations/ny-uniondale/522-rxr-plaza?utm_source=gmb_listing&utm_medium=organic&utm_campaign=local_listing","+1 516-969-8703","https://www.google.com/maps/place/Robert+Half+Recruiters+%26+Employment+Agency/data=!4m7!3m6!1s0x89c27d95235ace81:0x885a9ce358a6a115!8m2!3d40.7197402!4d-73.5836369!16s%2Fg%2F1tdvqnwz!19sChIJgc5aI5V9wokRFaGmWOOcWog?authuser=0&hl=en&rclk=1"
"Stonehenge Staffing, LLC","","","Employment agency","7 Pleasant Ave, Port Washington, NY 11050, United States","http://www.stonehengestaffing.com/","+1 516-499-8195","https://www.google.com/maps/place/Stonehenge+Staffing,+LLC/data=!4m7!3m6!1s0x89c28fcc93f0c307:0xe882600fa6c2c599!8m2!3d40.8395396!4d-73.7019272!16s%2Fg%2F11gjx80sdw!19sChIJB8Pwk8yPwokRmcXCpg9ggug?authuser=0&hl=en&rclk=1"
"NRGUSA","4.6","46","Recruiter","68 S Service Rd STE 100, Melville, NY 11747, United States","https://www.nrgusa.com/","+1 516-396-9600","https://www.google.com/maps/place/NRGUSA/data=!4m7!3m6!1s0x89e82a17b0e52fe1:0xfaf1ad647e55fcc2!8m2!3d40.7837715!4d-73.4437103!16s%2Fg%2F11ckqrc01y!19sChIJ4S_lsBcq6IkRwvxVfmSt8fo?authuser=0&hl=en&rclk=1"
"Douglas Pierce Staffing","","","Employment agency","620 Wren Ct # 1001, West Hempstead, NY 11552, United States","","","https://www.google.com/maps/place/Douglas+Pierce+Staffing/data=!4m7!3m6!1s0x89c27cb683cf0d77:0x3dca014a37238581!8m2!3d40.6842428!4d-73.6475056!16s%2Fg%2F1tf9p5j6!19sChIJdw3Pg7Z8wokRgYUjN0oByj0?authuser=0&hl=en&rclk=1"
"Lyneer Staffing Solutions","3.1","18","Employment agency","860 Long Island Ave, Deer Park, NY 11729, United States","http://www.lyneer.com/","+1 631-586-4699","https://www.google.com/maps/place/Lyneer+Staffing+Solutions/data=!4m7!3m6!1s0x89e82dcc8e78c21b:0xa69e7dbd31b622da!8m2!3d40.7633513!4d-73.3219327!16s%2Fg%2F1tg4mdrn!19sChIJG8J4jswt6IkR2iK2Mb19nqY?authuser=0&hl=en&rclk=1"
"PEAR Staffing","","","Employment agency","135 Crossways Park Dr, Woodbury, NY 11797, United States","","+1 516-496-7327","https://www.google.com/maps/place/PEAR+Staffing/data=!4m7!3m6!1s0x89c2821903ac636b:0x17dfa0446c55bdb0!8m2!3d40.8083479!4d-73.4860592!16s%2Fg%2F1vh_992d!19sChIJa2OsAxmCwokRsL1VbESg3xc?authuser=0&hl=en&rclk=1"
"","","","","188 Park Ave, Amityville, NY 11701, United States","http://www.clinicalstaffingresources.com/","+1 631-282-8500","https://www.google.com/maps/place/Clinical+Staffing+Resources/data=!4m7!3m6!1s0x89e9d4fe0206927f:0x172ef05e51443943!8m2!3d40.678016!4d-73.418003!16s%2Fg%2F1pxwf93xx!19sChIJf5IGAv7U6YkRQzlEUV7wLhc?authuser=0&hl=en&rclk=1"
"All Aces Promotional Staffing, Inc.","4.7","14","Event management company","46-28 Vernon Blvd Suite 306, Queens, NY 11101, United States","https://www.acespromo.com/?utm_source=google&utm_medium=organic&utm_campaign=gbp-listing","+1 646-829-1602","https://www.google.com/maps/place/All+Aces+Promotional+Staffing,+Inc./data=!4m7!3m6!1s0x89c259bcc50743c1:0x701d1c5ce2a9bd30!8m2!3d40.7461232!4d-73.9531976!16s%2Fg%2F11c4bd35l2!19sChIJwUMHxbxZwokRML2p4lwcHXA?authuser=0&hl=en&rclk=1"
"Employment Resources of LI","","","Employment agency","900 Merchants Concourse, Westbury, NY 11590, United States","","+1 516-745-6920","https://www.google.com/maps/place/Employment+Resources+of+LI/data=!4m7!3m6!1s0x89c28764f4fa55ab:0x73c3d0ffaf1b7189!8m2!3d40.7447817!4d-73.5916415!16s%2Fg%2F1tf3pv23!19sChIJq1X69GSHwokRiXEbr__Qw3M?authuser=0&hl=en&rclk=1"
"Premier Medical Staffing","","","Employment agency","Nassau County, 410 Jericho Turnpike, Jericho, NY 11753, United States","https://www.premiermedicalstaffing.net/contact.html","+1 516-360-3601","https://www.google.com/maps/place/Premier+Medical+Staffing/data=!4m7!3m6!1s0x89c2814221a55555:0xcd9eb5b1ece5696b!8m2!3d40.7947546!4d-73.5374443!16s%2Fg%2F11rghptkgk!19sChIJVVWlIUKBwokRa2nl7LG1ns0?authuser=0&hl=en&rclk=1"
"Linda Employment Agency","","","Employment agency","305 Willis Ave, Mineola, NY 11501, United States","","+1 516-741-1187","https://www.google.com/maps/place/Linda+Employment+Agency/data=!4m7!3m6!1s0x89c287f9fd8ffde3:0x6db9c870f69db1f8!8m2!3d40.750143!4d-73.6418964!16s%2Fg%2F1tfpkrfl!19sChIJ4_2P_fmHwokR-LGd9nDIuW0?authuser=0&hl=en&rclk=1"
"Mohamed staffing solutions llc","","","Employment agency","","http://mohamedstaffingsolutionsllc.com/?utm_source=gmb&utm_medium=referral","+1 516-309-5597","https://www.google.com/maps/place/Mohamed+staffing+solutions+llc/data=!4m7!3m6!1s0xa244bda4e4b89abd:0xdfce47f66f21f3f9!8m2!3d40.6514114!4d-76.1535438!16s%2Fg%2F11kj92_mfl!19sChIJvZq45KS9RKIR-fMhb_ZHzt8?authuser=0&hl=en&rclk=1"
"Event Staffing Inc","5.0","15","Party equipment rental service","","http://fiestawaiters.com/","+1 347-218-9445","https://www.google.com/maps/place/Event+Staffing+Inc/data=!4m7!3m6!1s0x89c2645202177d4f:0x847c1cc01316bc53!8m2!3d40.754757!4d-73.601734!16s%2Fg%2F11cp1nmz1l!19sChIJT30XAlJkwokRU7wWE8AcfIQ?authuser=0&hl=en&rclk=1"
"JobSpot","","","Employment agency","","http://www.jobspot.com/","+1 516-798-3993","https://www.google.com/maps/place/JobSpot/data=!4m4!3m3!1s0x89e9d5bd55b754ef:0xc2fe90b54ee16003!16s%2Fg%2F11c204n5bd!19sChIJ71S3Vb3V6YkRA2DhTrWQ_sI?authuser=0&hl=en&rclk=1"
"Express Employment Professionals","4.5","47","Employment agency","565 Broadhollow Rd #9e, Farmingdale, NY 11735, United States","http://www.expresspros.com/farmingdaleny","+1 631-392-1560","https://www.google.com/maps/place/Express+Employment+Professionals/data=!4m7!3m6!1s0x89e82c4a29f2005f:0x3c26e5e07ae8fffc!8m2!3d40.7193053!4d-73.4248351!16s%2Fg%2F1pty9ks8w!19sChIJXwDyKUos6IkR_P_oeuDlJjw?authuser=0&hl=en&rclk=1"
"","","","","290 Broadhollow Rd Suite 115E, Melville, NY 11747, United States","http://maximstaffing.com/","+1 516-408-9780","https://www.google.com/maps/place/Maxim+Staffing/data=!4m7!3m6!1s0x89e8309505f9a8f7:0x497b54f9171d25f4!8m2!3d40.7837093!4d-73.418792!16s%2Fg%2F11bbrk6lyw!19sChIJ96j5BZUw6IkR9CUdF_lUe0k?authuser=0&hl=en&rclk=1"
"Quality Healthcare Staffing","5.0","16","Employment agency","29-10 Thomson Ave, Queens, NY 11101, United States","http://qhstaff.com/","+1 718-400-6166","https://www.google.com/maps/place/Quality+Healthcare+Staffing/data=!4m7!3m6!1s0x89c261a4bcbd16ab:0xaf1f21691b99006e!8m2!3d40.7451291!4d-73.9377106!16s%2Fg%2F11mvr5k7tg!19sChIJqxa9vKRhwokRbgCZG2khH68?authuser=0&hl=en&rclk=1"
"","","","","1930 Veterans Memorial Hwy Suite 5 & 6, Islandia, NY 11749, United States","https://www.fisrecruitment.com/","+1 800-248-8687","https://www.google.com/maps/place/First+In+Service+Recruitment/data=!4m7!3m6!1s0x89e837d44712c1c5:0x407b0f1ce04d847c!8m2!3d40.8008782!4d-73.1755712!16s%2Fg%2F11bbrm4clj!19sChIJxcESR9Q36IkRfIRN4BwPe0A?authuser=0&hl=en&rclk=1"
"Parker + Lynch","4.9","67","Employment agency","150 Motor Pkwy Ste. 413, Hauppauge, NY 11788, United States","https://www.parkerlynch.com/locations/long-island-new-york-staffing-agencies/?utm_source=google&utm_medium=listing&utm_content=170&utm_campaign=NY&utm_keyword=Hauppauge","+1 631-273-8552","https://www.google.com/maps/place/Parker+%2B+Lynch/data=!4m7!3m6!1s0x89e831ccac5764e3:0x4bd4e986b503bf51!8m2!3d40.8073184!4d-73.2594362!16s%2Fg%2F1ptx3yk6n!19sChIJ42RXrMwx6IkRUb8DtYbp1Es?authuser=0&hl=en&rclk=1"
"Office Team","","","Temp agency","50 Charles Lindbergh Blvd #400, Uniondale, NY 11553, United States","","+1 516-229-2227","https://www.google.com/maps/place/Office+Team/data=!4m7!3m6!1s0x89c27d9afc30a37b:0x45c50f2f425af46b!8m2!3d40.7226117!4d-73.6022927!16s%2Fg%2F1tmpfw0z!19sChIJe6Mw_Jp9wokRa_RaQi8PxUU?authuser=0&hl=en&rclk=1"
"US Medical Staffing LLC","5.0","3","Employment agency","115 Broadhollow Rd #360, Melville, NY 11747, United States","https://www.usmedicalstaffing.com/","+1 631-385-1700","https://www.google.com/maps/place/US+Medical+Staffing+LLC/data=!4m7!3m6!1s0x89e82bd501a08cb9:0x867931bfdff17070!8m2!3d40.7894075!4d-73.4148022!16s%2Fg%2F1tfzsyz5!19sChIJuYygAdUr6IkRcHDx378xeYY?authuser=0&hl=en&rclk=1"
"Catering and Party Staffing Corp","5.0","10","Party equipment rental service","","http://fiestawaiters.com/","+1 718-280-9905","https://www.google.com/maps/place/Catering+and+Party+Staffing+Corp/data=!4m7!3m6!1s0x89c26448166c5ddb:0x23f6e271b825634b!8m2!3d40.662107!4d-73.7049464!16s%2Fg%2F11cnbw6wdy!19sChIJ211sFkhkwokRS2MluHHi9iM?authuser=0&hl=en&rclk=1"
"","","","","25 Melville Park Rd #115, Melville, NY 11747, United States","http://www.accessstaffing.com/","+1 631-777-2800","https://www.google.com/maps/place/Access+Staffing,+LLC./data=!4m7!3m6!1s0x89e82a34c00886f7:0xd0b4e9a022b67893!8m2!3d40.7767498!4d-73.4174744!16s%2Fg%2F1tc_m5dw!19sChIJ94YIwDQq6IkRk3i2IqDptNA?authuser=0&hl=en&rclk=1"
"RN Staffing Solutions","4.9","47","Temp agency","1672 Victory Blvd, Staten Island, NY 10314, United States","https://rnstaffingsolutions.com/","+1 718-720-7242","https://www.google.com/maps/place/RN+Staffing+Solutions/data=!4m7!3m6!1s0x89c24e8123a04bdf:0x647442f3bc28496!8m2!3d40.613121!4d-74.119323!16s%2Fg%2F1vn9p_ch!19sChIJ30ugI4FOwokRloTCOy9ERwY?authuser=0&hl=en&rclk=1"
"","","","","2000 Brentwood Rd, Brentwood, NY 11717, United States","http://tempwork247.com/","+1 631-201-1000","https://www.google.com/maps/place/T-Work+Staffing+Solution+Inc./data=!4m7!3m6!1s0x89e8315110c89273:0xcd40fe6fab181827!8m2!3d40.7794477!4d-73.2464408!16s%2Fg%2F11j22xz2x2!19sChIJc5LIEFEx6IkRJxgYq2_-QM0?authuser=0&hl=en&rclk=1"
"Napoli Employment Agency","4.5","1,052","Employment agency","7915 Roosevelt Ave #2floor, Queens, NY 11372, United States","http://www.napoliemploymentagency.com/","+1 718-565-2445","https://www.google.com/maps/place/Napoli+Employment+Agency/data=!4m7!3m6!1s0x89c25fa9a1b0859b:0x4d9f888d18f3ba78!8m2!3d40.7475999!4d-73.8860989!16s%2Fg%2F1vn9p_rg!19sChIJm4WwoalfwokReLrzGI2In00?authuser=0&hl=en&rclk=1"
"HempsteadWorks Career Center","3.4","5","Employment agency","50 Clinton St, Hempstead, NY 11550, United States","https://www.hempsteadworks.com/","+1 516-485-5000","https://www.google.com/maps/place/HempsteadWorks+Career+Center/data=!4m7!3m6!1s0x89c27d1b4d90f695:0x200788c63168f6af!8m2!3d40.7083483!4d-73.6185354!16s%2Fg%2F11mtd8y182!19sChIJlfaQTRt9wokRr_ZoMcaIByA?authuser=0&hl=en&rclk=1"
"TemPositions Opus Staffing","1.0","1","Employment agency","1860 Walt Whitman Rd, Melville, NY 11747, United States","","+1 631-756-2400","https://www.google.com/maps/place/TemPositions+Opus+Staffing/data=!4m7!3m6!1s0x89e82bb78bd39dfb:0xa3c4907fe8c429c8!8m2!3d40.7688738!4d-73.4260685!16s%2Fg%2F1tdph758!19sChIJ-53Ti7cr6IkRyCnE6H-QxKM?authuser=0&hl=en&rclk=1"
"HW Staffing Solutions","3.2","20","Employment agency","765 Smithtown Bypass, Smithtown, NY 11787, United States","http://www.hwstaffing.com/","+1 631-265-3800","https://www.google.com/maps/place/HW+Staffing+Solutions/data=!4m7!3m6!1s0x89e839eb1fd12197:0x6b5619a664af01f9!8m2!3d40.8509881!4d-73.1611697!16s%2Fg%2F1vq75x2p!19sChIJlyHRH-s56IkR-QGvZKYZVms?authuser=0&hl=en&rclk=1"
"Procare USA","3.7","12","Employment agency","560 Broadhollow Rd #304, Melville, NY 11747, United States","http://www.procareus.com/","+1 800-403-5975","https://www.google.com/maps/place/Procare+USA/data=!4m7!3m6!1s0x89e82a4ead897a93:0xb18f3627cad38fcb!8m2!3d40.7677759!4d-73.4245852!16s%2Fg%2F1pv6yf33g!19sChIJk3qJrU4q6IkRy4_Tyic2j7E?authuser=0&hl=en&rclk=1"
"Accurate Staffing Solutions","1.0","1","Employment agency","27 W Neck Rd, Huntington, NY 11743, United States","http://staffacc.com/","+1 631-424-4488","https://www.google.com/maps/place/Accurate+Staffing+Solutions/data=!4m7!3m6!1s0x89e82877c6271a3b:0xe13c478507bdb61d!8m2!3d40.8717626!4d-73.4316927!16s%2Fg%2F1tg7t124!19sChIJOxonxnco6IkRHba9B4VHPOE?authuser=0&hl=en&rclk=1"
"First Class Dental Staffing","5.0","1","Employment agency","16 Table Ln, Hicksville, NY 11801, United States","http://www.firstclassdentalstaffing.com/contact-us/","+1 516-921-0817","https://www.google.com/maps/place/First+Class+Dental+Staffing/data=!4m7!3m6!1s0x89c280966613dc05:0x75a21aaf3f98269e!8m2!3d40.7436885!4d-73.5335545!16s%2Fg%2F11c58wtrh1!19sChIJBdwTZpaAwokRniaYP68aonU?authuser=0&hl=en&rclk=1"
"Express Employment Professionals","4.3","47","Employment agency","44-02 11th St #616, Queens, NY 11101, United States","http://expresspros.com/NWQueensNY","+1 917-832-6081","https://www.google.com/maps/place/Express+Employment+Professionals/data=!4m7!3m6!1s0x89c2592c9796aaa9:0x80e59a6248041e8!8m2!3d40.7496654!4d-73.9496671!16s%2Fg%2F11b7lmn6ms!19sChIJqaqWlyxZwokR6EGAJKZZDgg?authuser=0&hl=en&rclk=1"
"Nassau County AHRC","","","Employment center","55 Grand Ave, Rockville Centre, NY 11570, United States","","+1 516-766-7020","https://www.google.com/maps/place/Nassau+County+AHRC/data=!4m7!3m6!1s0x89c27b50c0c7390b:0x574e4c0225ecc3f2!8m2!3d40.6609339!4d-73.643357!16s%2Fg%2F1tdbly1_!19sChIJCznHwFB7wokR8sPsJQJMTlc?authuser=0&hl=en&rclk=1"
"Match One Staffing","1.8","4","Employment agency","205-07 Hillside Ave. #26, Hollis, NY 11423, United States","https://www.matchonestaffing.com/","+1 718-217-1666","https://www.google.com/maps/place/Match+One+Staffing/data=!4m7!3m6!1s0x89c261771c296f9b:0xdb8c0248f8c23cc!8m2!3d40.7211628!4d-73.7603821!16s%2Fg%2F1td54bwn!19sChIJm28pHHdhwokRzCOMjyTAuA0?authuser=0&hl=en&rclk=1"
"","","","","69-06 Roosevelt Ave, Queens, NY 11377, United States","","+1 347-935-3049","https://www.google.com/maps/place/Alex+Employment+agency/data=!4m7!3m6!1s0x89c25f2e72f9a801:0x925e2bb55487877f!8m2!3d40.7461911!4d-73.895923!16s%2Fg%2F11s7wtc1jh!19sChIJAaj5ci5fwokRf4eHVLUrXpI?authuser=0&hl=en&rclk=1"
"Arjoona Staffing Inc","","","Temp agency","","","+1 347-965-3183","https://www.google.com/maps/place/Arjoona+Staffing+Inc/data=!4m7!3m6!1s0x632e7a05caaa6e87:0x66660d8487d8a843!8m2!3d40.073132!4d-74.6319291!16s%2Fg%2F11kj_gj2rn!19sChIJh26qygV6LmMRQ6jYh4QNZmY?authuser=0&hl=en&rclk=1"
"Specialty Professional Services, Corp | NYC Nurse Staffing","4.8","23","Nursing agency","17-20 Whitestone Expy #303, Queens, NY 11357, United States","http://www.thespecialty.com/","+1 718-428-3600","https://www.google.com/maps/place/Specialty+Professional+Services,+Corp+%7C+NYC+Nurse+Staffing/data=!4m7!3m6!1s0x89c28abb72faa8c5:0x4a45ea3841275262!8m2!3d40.7839149!4d-73.8254045!16s%2Fg%2F1260qj25w!19sChIJxaj6cruKwokRYlInQTjqRUo?authuser=0&hl=en&rclk=1"
"Choice Staffing Services","","","Temp agency","","","+1 631-617-6004","https://www.google.com/maps/place/Choice+Staffing+Services/data=!4m7!3m6!1s0xad7ffad02c6fc82f:0x237f5d1ccd3ec9b5!8m2!3d34.3339858!4d-97.283759!16s%2Fg%2F11kpncpkh5!19sChIJL8hvLND6f60Rtck-zRxdfyM?authuser=0&hl=en&rclk=1"
"Robert Half Recruiters & Employment Agency","1.2","6","Employment agency","58 S Service Rd 4th Floor, Melville, NY 11747, United States","https://www.roberthalf.com/us/en/locations/ny-melville/58-south-service-road?utm_source=gmb_listing&utm_medium=organic&utm_campaign=local_listing","+1 631-904-0373","https://www.google.com/maps/place/Robert+Half+Recruiters+%26+Employment+Agency/data=!4m7!3m6!1s0x89e831d25c4db903:0xeeb70d806eb83b0b!8m2!3d40.7824944!4d-73.4404153!16s%2Fg%2F1td8_4kx!19sChIJA7lNXNIx6IkRCzu4boANt-4?authuser=0&hl=en&rclk=1"
"All In One Services","4.7","209","Employment agency","25-40 27th St #2f, Astoria, NY 11102, United States","http://www.allinoneservices.com/","+1 718-267-5090","https://www.google.com/maps/place/All+In+One+Services/data=!4m7!3m6!1s0x89c25f45d4cdc05f:0x3fb8fabf41fd9a5b!8m2!3d40.771255!4d-73.9213178!16s%2Fg%2F1tgjm6bk!19sChIJX8DN1EVfwokRW5r9Qb_6uD8?authuser=0&hl=en&rclk=1"
"Express Employment Professionals","3.4","77","Employment agency","1 Rabro Dr #104, Hauppauge, NY 11788, United States","http://expresspros.com/hauppaugeny","+1 631-406-4064","https://www.google.com/maps/place/Express+Employment+Professionals/data=!4m7!3m6!1s0x89e830f03dcaf42f:0x2d4b5b5bd9bf1054!8m2!3d40.8129903!4d-73.2187471!16s%2Fg%2F1hm5g87rw!19sChIJL_TKPfAw6IkRVBC_2VtbSy0?authuser=0&hl=en&rclk=1"