Name,Rating,Reviews,Category,Address,Website,Phone,Url
"PrideStaff","5.0","89","Employment agency","218-14 Hempstead Ave Level C, Suite 1, Queens, NY 11429, United States","https://www.pridestaff.com/brooklynqueens/","+1 929-733-7200","https://www.google.com/maps/place/PrideStaff/data=!4m7!3m6!1s0x89c2632bfe3040ad:0x7adb72e287ffb3fe!8m2!3d40.7136582!4d-73.7379023!16s%2Fg%2F11sx04r7yr!19sChIJrUAw_itjwokR_rP_h-Jy23o?authuser=0&hl=en&rclk=1"
"World Wide Access Staffing Queens NY","5.0","18","Employment agency","8236 242nd St, Queens, NY 11426, United States","https://www.worldwideaccess.net/","+1 347-843-9700","https://www.google.com/maps/place/World+Wide+Access+Staffing+Queens+NY/data=!4m7!3m6!1s0x2df95ab3c2202753:0x749af0949d5783be!8m2!3d40.7364739!4d-73.7260301!16s%2Fg%2F11t0pnkt8k!19sChIJUycgwrNa-S0RvoNXnZTwmnQ?authuser=0&hl=en&rclk=1"
"Empressive Staffing Agency","4.5","26","Employment agency","9609 Springfield Blvd suite 205, Queens, NY 11429, United States","http://www.empressivestaffing.com/","+1 718-413-2025","https://www.google.com/maps/place/Empressive+Staffing+Agency/data=!4m7!3m6!1s0x89c2632bbd50afef:0x69df9eab4b0a2fa3!8m2!3d40.7183021!4d-73.7350152!16s%2Fg%2F11q8w93mpy!19sChIJ769QvStjwokRoy8KS6ue32k?authuser=0&hl=en&rclk=1"
"All In One Services","4.7","209","Employment agency","25-40 27th St #2f, Astoria, NY 11102, United States","http://www.allinoneservices.com/","+1 718-267-5090","https://www.google.com/maps/place/All+In+One+Services/data=!4m7!3m6!1s0x89c25f45d4cdc05f:0x3fb8fabf41fd9a5b!8m2!3d40.771255!4d-73.9213178!16s%2Fg%2F1tgjm6bk!19sChIJX8DN1EVfwokRW5r9Qb_6uD8?authuser=0&hl=en&rclk=1"
"Tempwork Staffing Solution, Inc.","4.3","174","Temp agency","4012 83rd St 3rd floor, Elmhurst, NY 11373, United States","http://twork247.com/","+1 718-734-0505","https://www.google.com/maps/place/Tempwork+Staffing+Solution,+Inc./data=!4m7!3m6!1s0x89c25faeccb04d03:0x7b13961d06aabef1!8m2!3d40.747296!4d-73.8831639!16s%2Fg%2F11b8_mvk0g!19sChIJA02wzK5fwokR8b6qBh2WE3s?authuser=0&hl=en&rclk=1"
"Napoli Employment Agency","4.5","1,052","Employment agency","7915 Roosevelt Ave #2floor, Queens, NY 11372, United States","http://www.napoliemploymentagency.com/","+1 718-565-2445","https://www.google.com/maps/place/Napoli+Employment+Agency/data=!4m7!3m6!1s0x89c25fa9a1b0859b:0x4d9f888d18f3ba78!8m2!3d40.7475999!4d-73.8860989!16s%2Fg%2F1vn9p_rg!19sChIJm4WwoalfwokReLrzGI2In00?authuser=0&hl=en&rclk=1"
"Z Skill Interchange Inc","4.2","74","Employment agency","37-11 74th Street Suite#203, Jackson Heights, NY 11372, United States","","+1 718-898-0401","https://www.google.com/maps/place/Z+Skill+Interchange+Inc/data=!4m7!3m6!1s0x89c25fb011a7faef:0x97a2d8422cefaaf5!8m2!3d40.748612!4d-73.891478!16s%2Fg%2F1vq9n61s!19sChIJ7_qnEbBfwokR9arvLELYopc?authuser=0&hl=en&rclk=1"
"","","","","28-48 31 Street 2nd FL, Astoria, NY 11102, United States","http://www.naimaagency.com/","+1 929-522-0542","https://www.google.com/maps/place/Naima+Employment+Agency/data=!4m7!3m6!1s0x89c25ed9343f3ecb:0xc76b96c4e735420e!8m2!3d40.7671605!4d-73.9213919!16s%2Fg%2F11bxfy4477!19sChIJyz4_NNlewokRDkI158SWa8c?authuser=0&hl=en&rclk=1"
"Specialty Professional Services, Corp | NYC Nurse Staffing","4.8","23","Nursing agency","17-20 Whitestone Expy #303, Queens, NY 11357, United States","http://www.thespecialty.com/","+1 718-428-3600","https://www.google.com/maps/place/Specialty+Professional+Services,+Corp+%7C+NYC+Nurse+Staffing/data=!4m7!3m6!1s0x89c28abb72faa8c5:0x4a45ea3841275262!8m2!3d40.7839149!4d-73.8254045!16s%2Fg%2F1260qj25w!19sChIJxaj6cruKwokRYlInQTjqRUo?authuser=0&hl=en&rclk=1"
"EL MUNDO EMPLOYMENT AGENCY","4.4","172","Employment agency","36-26 Union St, Flushing, NY 11354, United States","","+1 718-762-7742","https://www.google.com/maps/place/EL+MUNDO+EMPLOYMENT+AGENCY/data=!4m7!3m6!1s0x89c2601a9b8ce195:0x900b89c93b8c8b5a!8m2!3d40.7629896!4d-73.8280898!16s%2Fg%2F1tj2pcxf!19sChIJleGMmxpgwokRWouMO8mJC5A?authuser=0&hl=en&rclk=1"
"General Workforce Inc.","4.2","10","Employment agency","9616 101st Ave, Queens, NY 11416, United States","http://www.generalworkforce.com/","+1 718-674-6829","https://www.google.com/maps/place/General+Workforce+Inc./data=!4m7!3m6!1s0x89c25de1f752de25:0xaa976a69f871d941!8m2!3d40.6846138!4d-73.8443681!16s%2Fg%2F11fn6z2hzm!19sChIJJd5S9-FdwokRQdlx-Glql6o?authuser=0&hl=en&rclk=1"
"Golden Touch Employment Agency","2.6","26","Employment agency","5217 Van Loon St 1st floor, Queens, NY 11373, United States","http://goldentouchny.yolasite.com/","+1 718-205-0018","https://www.google.com/maps/place/Golden+Touch+Employment+Agency/data=!4m7!3m6!1s0x89c25e523992e5fd:0xee8c3a7b0a2f0b6a!8m2!3d40.7364196!4d-73.879298!16s%2Fg%2F1tj5rnl1!19sChIJ_eWSOVJewokRagsvCns6jO4?authuser=0&hl=en&rclk=1"
"Rupa Agency","4.7","57","Employment agency","7532 Broadway, Queens, NY 11373, United States","","+1 347-935-9028","https://www.google.com/maps/place/Rupa+Agency/data=!4m7!3m6!1s0x89c25ff328d22807:0x340a5aa3e36f1598!8m2!3d40.7457243!4d-73.8896147!16s%2Fg%2F11fr777y10!19sChIJByjSKPNfwokRmBVv46NaCjQ?authuser=0&hl=en&rclk=1"
"Alex Employment agency","3.7","26","Employment agency","69-06 Roosevelt Ave, Queens, NY 11377, United States","","+1 347-935-3049","https://www.google.com/maps/place/Alex+Employment+agency/data=!4m7!3m6!1s0x89c25f2e72f9a801:0x925e2bb55487877f!8m2!3d40.7461911!4d-73.895923!16s%2Fg%2F11s7wtc1jh!19sChIJAaj5ci5fwokRf4eHVLUrXpI?authuser=0&hl=en&rclk=1"
"CMP- EMPLOYMENT AGENCY - AGENCIA DE EMPLEOS","3.8","201","Employment agency","3119 35th Ave, Astoria, NY 11106, United States","http://www.cmpstaff.com/","+1 718-433-9071","https://www.google.com/maps/place/CMP-+EMPLOYMENT+AGENCY+-+AGENCIA+DE+EMPLEOS/data=!4m7!3m6!1s0x89c25f31cf70c361:0x5dd38728a05dbcf1!8m2!3d40.7579509!4d-73.9278229!16s%2Fg%2F11f1vrrgyc!19sChIJYcNwzzFfwokR8bxdoCiH010?authuser=0&hl=en&rclk=1"
"Automobile Work Force","4.0","8","Temp agency","96-16 101st Ave, Ozone Park, NY 11416, United States","","+1 718-674-6829","https://www.google.com/maps/place/Automobile+Work+Force/data=!4m7!3m6!1s0x89c25df7a223273b:0x5133455e4b6cb6b5!8m2!3d40.6846274!4d-73.8443545!16s%2Fg%2F11f4pvddwd!19sChIJOycjovddwokRtbZsS15FM1E?authuser=0&hl=en&rclk=1"
"Quality Healthcare Staffing","5.0","16","Employment agency","29-10 Thomson Ave, Queens, NY 11101, United States","http://qhstaff.com/","+1 718-400-6166","https://www.google.com/maps/place/Quality+Healthcare+Staffing/data=!4m7!3m6!1s0x89c261a4bcbd16ab:0xaf1f21691b99006e!8m2!3d40.7451291!4d-73.9377106!16s%2Fg%2F11mvr5k7tg!19sChIJqxa9vKRhwokRbgCZG2khH68?authuser=0&hl=en&rclk=1"
"","","","","118-21 Queens Blvd Suite 505, Queens, NY 11375, United States","https://www.nonprofitstaffingsolution.com/","+1 718-960-7060","https://www.google.com/maps/place/The+Nonprofit+Staffing+Solution/data=!4m7!3m6!1s0x89c2616e62f6cdb7:0xac5502a6d9ea7b8a!8m2!3d40.7150909!4d-73.831523!16s%2Fg%2F11scs01qp6!19sChIJt832Ym5hwokRinvq2aYCVaw?authuser=0&hl=en&rclk=1"
"","","","","10702 R, Jamaica Ave, Richmond Hill, NY 11418, United States","http://www.ameristarstaffingny.com/","+1 347-829-3890","https://www.google.com/maps/place/AMERISTAR+STAFFING+INC./data=!4m7!3m6!1s0x89c2675535aaebf3:0xdb0e26a733971496!8m2!3d40.695059!4d-73.8418631!16s%2Fg%2F11s0z9bc85!19sChIJ8-uqNVVnwokRlhSXM6cmDts?authuser=0&hl=en&rclk=1"
"Direct Hire Employment Agency","4.1","24","Employment agency","69-11D Roosevelt Ave, Queens, NY 11377, United States","https://www.directhireagency.com/","+1 347-688-4808","https://www.google.com/maps/place/Direct+Hire+Employment+Agency/data=!4m7!3m6!1s0x89c25f1fdf6d0d59:0x75fdb6cbdb515b1d!8m2!3d40.7466438!4d-73.8955698!16s%2Fg%2F11c6_vvxcv!19sChIJWQ1t3x9fwokRHVtR28u2_XU?authuser=0&hl=en&rclk=1"
"Cure Staffing Inc.","3.0","2","Employment agency","","http://www.curestaffing.com/","+1 646-315-3932","https://www.google.com/maps/place/Cure+Staffing+Inc./data=!4m7!3m6!1s0x89c28a8e6ea6cf79:0xd5c75a7fbb9f1e7!8m2!3d41.902259!4d-75.7700406!16s%2Fg%2F11d_xgqr6x!19sChIJec-mbo6KwokR5_G5-6d1XA0?authuser=0&hl=en&rclk=1"
"Procareer Staffing","5.0","1","Employment agency","86-26 53rd Ave, Queens, NY 11373, United States","https://www.procareerstaffing.com/?utm_source=google&utm_medium=wix_google_business_profile&utm_campaign=13096297959669764212","+1 718-440-8269","https://www.google.com/maps/place/Procareer+Staffing/data=!4m7!3m6!1s0x89c25f77b529b83d:0x35b8e56c4df1c65e!8m2!3d40.735272!4d-73.8786688!16s%2Fg%2F11t_q054w0!19sChIJPbgptXdfwokRXsbxTWzluDU?authuser=0&hl=en&rclk=1"
"Match One Staffing","1.8","4","Employment agency","205-07 Hillside Ave. #26, Hollis, NY 11423, United States","https://www.matchonestaffing.com/","+1 718-217-1666","https://www.google.com/maps/place/Match+One+Staffing/data=!4m7!3m6!1s0x89c261771c296f9b:0xdb8c0248f8c23cc!8m2!3d40.7211628!4d-73.7603821!16s%2Fg%2F1td54bwn!19sChIJm28pHHdhwokRzCOMjyTAuA0?authuser=0&hl=en&rclk=1"
"Jheny Employment Agency","2.5","89","Employment agency","6907 Roosevelt Ave, Queens, NY 11377, United States","","+1 718-205-1050","https://www.google.com/maps/place/Jheny+Employment+Agency/data=!4m7!3m6!1s0x89c25f03ea1aa7e3:0x8f7fbf2080cb631b!8m2!3d40.7464969!4d-73.8961137!16s%2Fg%2F1vn9p_qz!19sChIJ46ca6gNfwokRG2PLgCC_f48?authuser=0&hl=en&rclk=1"
"Bells Staffing Services","2.5","45","Employment agency","89-31 161st St #701, Jamaica, NY 11432, United States","https://www.bellscares.com/","+1 718-297-4441","https://www.google.com/maps/place/Bells+Staffing+Services/data=!4m7!3m6!1s0x89c260d95905691f:0x1a352466cd00c9f4!8m2!3d40.7055899!4d-73.7991801!16s%2Fg%2F11g0k19s6f!19sChIJH2kFWdlgwokR9MkAzWYkNRo?authuser=0&hl=en&rclk=1"
"Payless Staffing and Consultants, Inc.","5.0","1","Employment agency","207 27th Ave, Astoria, NY 11102, United States","https://www.paylessstaffingandconsultants.com/healthcare-staffing-contact-us","+1 347-771-2075","https://www.google.com/maps/place/Payless+Staffing+and+Consultants,+Inc./data=!4m7!3m6!1s0x89c25f4cd9c99dc5:0xc7b23b92024c5fae!8m2!3d40.7754698!4d-73.9350611!16s%2Fg%2F11f63yjgsg!19sChIJxZ3J2UxfwokRrl9MApI7ssc?authuser=0&hl=en&rclk=1"
"72 Employment Agency Inc","2.6","26","Employment agency","39-21 103rd St 2 Floor, Queens, NY 11368, United States","","+1 718-476-7900","https://www.google.com/maps/place/72+Employment+Agency+Inc/data=!4m7!3m6!1s0x89c25f015b5f8a8d:0xa8fc02d0908d21d2!8m2!3d40.7501077!4d-73.8626524!16s%2Fg%2F1th7z83g!19sChIJjYpfWwFfwokR0iGNkNAC_Kg?authuser=0&hl=en&rclk=1"
"Queens Employment Agency","1.2","32","Employment agency","89-22 Roosevelt Ave, Queens, NY 11372, United States","","+1 718-651-3427","https://www.google.com/maps/place/Queens+Employment+Agency/data=!4m7!3m6!1s0x89c25fb02750d433:0x49d96a5616146c24!8m2!3d40.7482174!4d-73.877058!16s%2Fg%2F1tdlw5sm!19sChIJM9RQJ7BfwokRJGwUFlZq2Uk?authuser=0&hl=en&rclk=1"
"Costas Employment Agency","3.3","16","Employment agency","3210 30th Ave., Astoria, NY 11102, United States","","+1 718-274-1712","https://www.google.com/maps/place/Costas+Employment+Agency/data=!4m7!3m6!1s0x89c25f478675bfdd:0x1f8ed1b1b02c6dd2!8m2!3d40.7661999!4d-73.9203175!16s%2Fg%2F1tlw9_m8!19sChIJ3b91hkdfwokR0m0ssLHRjh8?authuser=0&hl=en&rclk=1"
"ACE STAFFING AGENCY","","","Employment agency","104-11 122nd St, Queens, NY 11419, United States","http://www.acestaffingagency.com/","+1 800-535-7375","https://www.google.com/maps/place/ACE+STAFFING+AGENCY/data=!4m7!3m6!1s0x89c2676fd931b1eb:0x6d94b8a8cb82c6e6!8m2!3d40.686938!4d-73.8212064!16s%2Fg%2F11r_tbrf8b!19sChIJ67Ex2W9nwokR5saCy6i4lG0?authuser=0&hl=en&rclk=1"
"","","","","40-16 74th Street, Flushing, NY 11373, United States","","+1 718-766-5318","https://www.google.com/maps/place/Sherpa+Job+Employment+%26+Consultancy+inc/data=!4m7!3m6!1s0x89c25f014f719383:0x8c99ebfac69638b6!8m2!3d40.7462902!4d-73.8915757!16s%2Fg%2F11f12ps38b!19sChIJg5NxTwFfwokRtjiWxvrrmYw?authuser=0&hl=en&rclk=1"
"Mint Staffing Solutions","","","Temp agency","","https://mintstaffing.agency/","+1 929-647-9703","https://www.google.com/maps/place/Mint+Staffing+Solutions/data=!4m7!3m6!1s0x6c64512cce5dba7:0x29be724fcc1793b0!8m2!3d40.9219696!4d-73.8411824!16s%2Fg%2F11sc72hbyq!19sChIJp9vlzBJFxgYRsJMXzE9yvik?authuser=0&hl=en&rclk=1"
"New York Medical Staffing","4.5","8","Employment agency","245-77 62nd Ave, Queens, NY 11362, United States","https://www.1stoprecruiting.com/new-york-medical-staffing-agency/","+1 646-906-9772","https://www.google.com/maps/place/New+York+Medical+Staffing/data=!4m7!3m6!1s0x89c26302ec6302f7:0x771e809233cc72f7!8m2!3d40.7561821!4d-73.7300567!16s%2Fg%2F11j2ynpdtt!19sChIJ9wJj7AJjwokR93LMM5KAHnc?authuser=0&hl=en&rclk=1"
"","","","","46-28 Vernon Blvd Suite 306, Queens, NY 11101, United States","https://www.acespromo.com/?utm_source=google&utm_medium=organic&utm_campaign=gbp-listing","+1 646-829-1602","https://www.google.com/maps/place/All+Aces+Promotional+Staffing,+Inc./data=!4m7!3m6!1s0x89c259bcc50743c1:0x701d1c5ce2a9bd30!8m2!3d40.7461232!4d-73.9531976!16s%2Fg%2F11c4bd35l2!19sChIJwUMHxbxZwokRML2p4lwcHXA?authuser=0&hl=en&rclk=1"
"Luck Employment Agency","2.5","2","Employment agency","4007b 75th St, Queens, NY 11373, United States","","+1 347-589-9093","https://www.google.com/maps/place/Luck+Employment+Agency/data=!4m7!3m6!1s0x89c25f559de78579:0x78a487bd51cda393!8m2!3d40.7466302!4d-73.8901848!16s%2Fg%2F11p5j1jdcv!19sChIJeYXnnVVfwokRk6PNUb2HpHg?authuser=0&hl=en&rclk=1"
"Cochas Staffing LLC","","","Employment agency","","http://cochasstaffing.com/","+1 646-875-9462","https://www.google.com/maps/place/Cochas+Staffing+LLC/data=!4m7!3m6!1s0x89c25f4cc568b7ef:0x1b943aaefcc38bbc!8m2!3d46.423669!4d-129.9427086!16s%2Fg%2F11k7mljpbx!19sChIJ77doxUxfwokRvIvD_K46lBs?authuser=0&hl=en&rclk=1"
"Aegis Staffing Inc","5.0","1","Employment agency","4141 24th St, Long Island City, NY 11101, United States","","","https://www.google.com/maps/place/Aegis+Staffing+Inc/data=!4m7!3m6!1s0x89c258d434bc7d4b:0x568bdd6a7f733614!8m2!3d40.751565!4d-73.9406434!16s%2Fg%2F1tjz48nz!19sChIJS328NNRYwokRFDZzf2rdi1Y?authuser=0&hl=en&rclk=1"
"Ahava Employment Agency","3.3","19","Employment agency","54 Main St, Flushing, NY 11367, United States","","+1 718-261-4940","https://www.google.com/maps/place/Ahava+Employment+Agency/data=!4m7!3m6!1s0x89c2608cf779d933:0x6c5c2ddeb3d1d8a9!8m2!3d40.7251594!4d-73.8213341!16s%2Fg%2F1txfq20l!19sChIJM9l594xgwokRqdjRs94tXGw?authuser=0&hl=en&rclk=1"
"Vanety Employment Agency","3.0","37","Employment agency","76-03 Roosevelt Ave, Queens, NY 11372, United States","","+1 718-651-1103","https://www.google.com/maps/place/Vanety+Employment+Agency/data=!4m7!3m6!1s0x89c25fa928bf834d:0xaa1f8e1bc202f64a!8m2!3d40.7472299!4d-73.889388!16s%2Fg%2F1tf6bzkw!19sChIJTYO_KKlfwokRSvYCwhuOH6o?authuser=0&hl=en&rclk=1"
"Esther Employment Agency","4.2","39","Employment agency","136-87 Roosevelt Ave #2FL, Queens, NY 11354, United States","","+1 718-762-4001","https://www.google.com/maps/place/Esther+Employment+Agency/data=!4m7!3m6!1s0x89c26010f77df773:0x851bff2763b6a035!8m2!3d40.7605442!4d-73.8271226!16s%2Fg%2F1wc48w_2!19sChIJc_d99xBgwokRNaC2Yyf_G4U?authuser=0&hl=en&rclk=1"
"Allied Personnel Services, Inc.","3.0","1","Employment agency","118-21 Queens Blvd #610, Forest Hills, NY 11375, United States","http://www.alliedpersonnel.com/","+1 718-261-7979","https://www.google.com/maps/place/Allied+Personnel+Services,+Inc./data=!4m7!3m6!1s0x89c260983fe5a06f:0x24b070f7a7a08ead!8m2!3d40.7150909!4d-73.831523!16s%2Fg%2F1tlmp7g_!19sChIJb6DlP5hgwokRrY6gp_dwsCQ?authuser=0&hl=en&rclk=1"
"Optimus Staffing","","","Employment agency","67-43 Clyde St, Forest Hills, NY 11375, United States","http://optimusstaffing.com/","+1 929-328-6976","https://www.google.com/maps/place/Optimus+Staffing/data=!4m7!3m6!1s0x89c25e3ca01128ab:0x7a0d64da6f563590!8m2!3d40.721986!4d-73.8550797!16s%2Fg%2F11vplwcmc9!19sChIJqygRoDxewokRkDVWb9pkDXo?authuser=0&hl=en&rclk=1"
"Express Employment Professionals","4.3","47","Employment agency","44-02 11th St #616, Queens, NY 11101, United States","http://expresspros.com/NWQueensNY","+1 917-832-6081","https://www.google.com/maps/place/Express+Employment+Professionals/data=!4m7!3m6!1s0x89c2592c9796aaa9:0x80e59a6248041e8!8m2!3d40.7496654!4d-73.9496671!16s%2Fg%2F11b7lmn6ms!19sChIJqaqWlyxZwokR6EGAJKZZDgg?authuser=0&hl=en&rclk=1"
"All Nation Employment Agency","3.8","116","Employment agency","72-30 Broadway 4th floor, Jackson Heights, NY 11372, United States","","+1 718-779-4464","https://www.google.com/maps/place/All+Nation+Employment+Agency/data=!4m7!3m6!1s0x89c25f0132419931:0x6e9a86d8349de596!8m2!3d40.747!4d-73.892717!16s%2Fg%2F11bywwh26f!19sChIJMZlBMgFfwokRluWdNNiGmm4?authuser=0&hl=en&rclk=1"
"OK EMPLOYMENT AGENCY","3.9","71","Employment agency","36-38 Union St #3f, Queens, NY 11354, United States","","+1 718-321-7974","https://www.google.com/maps/place/OK+EMPLOYMENT+AGENCY/data=!4m7!3m6!1s0x89c2601a82cb11b3:0x567292fe53f136af!8m2!3d40.7626939!4d-73.8278582!16s%2Fg%2F1vfp93sp!19sChIJsxHLghpgwokRrzbxU_6SclY?authuser=0&hl=en&rclk=1"
"BRUNO STAFFING","","","Employment agency","14444 150ST #570128, Whitestone, NY 11357, United States","","+1 718-650-6990","https://www.google.com/maps/place/BRUNO+STAFFING/data=!4m7!3m6!1s0x89c28a9489aa0c2d:0xfe2c4af91d3e436d!8m2!3d40.78782!4d-73.813436!16s%2Fg%2F11rxdvdyt!19sChIJLQyqiZSKwokRbUM-HflKLP4?authuser=0&hl=en&rclk=1"
"","","","","","","+1 347-965-3183","https://www.google.com/maps/place/Arjoona+Staffing+Inc/data=!4m7!3m6!1s0x632e7a05caaa6e87:0x66660d8487d8a843!8m2!3d40.073132!4d-74.6319291!16s%2Fg%2F11kj_gj2rn!19sChIJh26qygV6LmMRQ6jYh4QNZmY?authuser=0&hl=en&rclk=1"
"Rcc staffing solutions","","","Employment agency","82-16 Roosevelt Ave, Queens, NY 11373, United States","","","https://www.google.com/maps/place/Rcc+staffing+solutions/data=!4m7!3m6!1s0x89c25f306400d279:0x8a4cb8d31c6b5aef!8m2!3d40.7475239!4d-73.8832564!16s%2Fg%2F11ks6fqj20!19sChIJedIAZDBfwokR71prHNO4TIo?authuser=0&hl=en&rclk=1"
"Bequest Staffing Solutions","5.0","2","Employment agency","","http://www.bequeststaffingsolutions.com/","+1 888-237-8371","https://www.google.com/maps/place/Bequest+Staffing+Solutions/data=!4m7!3m6!1s0x244ead9688bff61f:0x9fd6ffe611819cdf!8m2!3d40.754757!4d-73.601734!16s%2Fg%2F11t28dq2zf!19sChIJH_a_iJatTiQR35yBEeb_1p8?authuser=0&hl=en&rclk=1"
"All Team Staffing","2.1","7","Temp agency","781 W Merrick Rd, Valley Stream, NY 11580, United States","http://www.allteamstaffing.com/locations/nyc-queens/","+1 516-837-0777","https://www.google.com/maps/place/All+Team+Staffing/data=!4m7!3m6!1s0x89c264735348d27d:0x964efeebf4b34480!8m2!3d40.6734677!4d-73.7244693!16s%2Fg%2F1hf2l6d7c!19sChIJfdJIU3NkwokRgESz9Ov-TpY?authuser=0&hl=en&rclk=1"
"Avihak Employment Agency","3.7","3","Employment agency","Flushing, NY 11367, United States","","+1 718-266-7264","https://www.google.com/maps/place/Avihak+Employment+Agency/data=!4m7!3m6!1s0x89c2608baaaaaaab:0x3bfd43bf008a8eec!8m2!3d40.7295766!4d-73.8213328!16s%2Fg%2F1thxl_5j!19sChIJq6qqqotgwokR7I6KAL9D_Ts?authuser=0&hl=en&rclk=1"
"","","","","","http://mohamedstaffingsolutionsllc.com/?utm_source=gmb&utm_medium=referral","+1 516-309-5597","https://www.google.com/maps/place/Mohamed+staffing+solutions+llc/data=!4m7!3m6!1s0xa244bda4e4b89abd:0xdfce47f66f21f3f9!8m2!3d40.6514114!4d-76.1535438!16s%2Fg%2F11kj92_mfl!19sChIJvZq45KS9RKIR-fMhb_ZHzt8?authuser=0&hl=en&rclk=1"
"","","","","","http://www.sovereignstaffingsolutions.com/","+1 718-489-1752","https://www.google.com/maps/place/Sovereign+Staffing+Solutions/data=!4m7!3m6!1s0x89c2699918dff101:0x4d80f2c34a3e396!8m2!3d46.423669!4d-129.9427086!16s%2Fg%2F11ll2vb8lr!19sChIJAfHfGJlpwokRluOjNCwP2AQ?authuser=0&hl=en&rclk=1"
"Titan Staffing Systems","4.5","23","Employment center","37-57B 94th St, Queens, NY 11372, United States","https://www.titanstaffing.com/","+1 718-606-0315","https://www.google.com/maps/place/Titan+Staffing+Systems/data=!4m7!3m6!1s0x89c25f0641f7e8e1:0x4e20502a72dcf3ea!8m2!3d40.7491586!4d-73.8727014!16s%2Fg%2F11rvbp43dh!19sChIJ4ej3QQZfwokR6vPccipQIE4?authuser=0&hl=en&rclk=1"
"Care Stat Staffing","","","Employment agency","159-16 Union Turnpike Fresh Meadows Queens, Fresh Meadows, NY 11366, United States","https://www.carestatstaffing.com/contact","+1 888-550-9567","https://www.google.com/maps/place/Care+Stat+Staffing/data=!4m7!3m6!1s0x89c260f01d4fffff:0xffd5509b28917d4c!8m2!3d40.7201852!4d-73.8073975!16s%2Fg%2F11v0bxbzz8!19sChIJ__9PHfBgwokRTH2RKJtQ1f8?authuser=0&hl=en&rclk=1"
"Credible Recruitment & Staffing Agency LLC","","","Employment agency","123-12 Jamaica Avenue Richmond Hill Queens, Richmond Hill, NY 11418, United States","","+1 424-571-5962","https://www.google.com/maps/place/Credible+Recruitment+%26+Staffing+Agency+LLC/data=!4m7!3m6!1s0x89c260b10181f363:0x9470103e01195d36!8m2!3d40.7005534!4d-73.8268568!16s%2Fg%2F11t2pzq7b8!19sChIJY_OBAbFgwokRNl0ZAT4QcJQ?authuser=0&hl=en&rclk=1"
"","","","","103-05 Northern Blvd, Corona, NY 11368, United States","","+1 516-858-6287","https://www.google.com/maps/place/Health+Care+Staffing+%2F+RGHealth,+Recruitmentgroup,+Inc/data=!4m7!3m6!1s0x89c25fc0075ea35b:0x182d850032b126a!8m2!3d40.7578437!4d-73.8654066!16s%2Fg%2F1thr82gb!19sChIJW6NeB8BfwokRahIrA1DYggE?authuser=0&hl=en&rclk=1"
"Empressive Staffing Agency","","","Employment agency","","","+1 516-858-9186","https://www.google.com/maps/place/Empressive+Staffing+Agency/data=!4m7!3m6!1s0xfc628ea7e6a3bf7:0x3805b51c36dbcaa1!8m2!3d40.651018!4d-73.871192!16s%2Fg%2F11sxwzz8sv!19sChIJ9ztqfuooxg8RocrbNhy1BTg?authuser=0&hl=en&rclk=1"
"Atlas Staffing LLC","","","Employment agency","153-01 Northern Blvd, Flushing, NY 11354, United States","","+1 718-445-3436","https://www.google.com/maps/place/Atlas+Staffing+LLC/data=!4m7!3m6!1s0x89c260241d1016fb:0xb3c8680ffff104f5!8m2!3d40.7650988!4d-73.8116322!16s%2Fg%2F1txfq20g!19sChIJ-xYQHSRgwokR9QTx_w9oyLM?authuser=0&hl=en&rclk=1"
"Medical Staffing Innovations Inc.","","","Employment agency","150-50 14th Rd, Flushing, NY 11357, United States","http://medicalstaffinginnovations.com/","+1 347-382-9238","https://www.google.com/maps/place/Medical+Staffing+Innovations+Inc./data=!4m7!3m6!1s0x89c28a9371959635:0x3e63dc79cf4975ba!8m2!3d40.787914!4d-73.811482!16s%2Fg%2F11bbrms8cd!19sChIJNZaVcZOKwokRunVJz3ncYz4?authuser=0&hl=en&rclk=1"
"Affinity Medical Staffing LLC","","","Employment agency","8002 Kew Gardens Rd, Kew Gardens, NY 11415, United States","","+1 718-480-8627","https://www.google.com/maps/place/Affinity+Medical+Staffing+LLC/data=!4m7!3m6!1s0x89c2609807c9ddc7:0xe4a993a6b1fd6387!8m2!3d40.7136382!4d-73.8312384!16s%2Fg%2F1vg_86mx!19sChIJx93JB5hgwokRh2P9saaTqeQ?authuser=0&hl=en&rclk=1"
"Health 2 Heart Staffing Services","","","Employment agency","16106 89th Ave #201, Jamaica, NY 11432, United States","","+1 718-206-2240","https://www.google.com/maps/place/Health+2+Heart+Staffing+Services/data=!4m7!3m6!1s0x89c260de893abca7:0x72d0b6aedae25d!8m2!3d40.7060676!4d-73.7994013!16s%2Fg%2F1tz76x9r!19sChIJp7w6id5gwokRXeLarrbQcgA?authuser=0&hl=en&rclk=1"
"Austin Staffing","","","Employment agency","70-13 Austin St, Forest Hills, NY 11375, United States","","+1 718-575-5413","https://www.google.com/maps/place/Austin+Staffing/data=!4m7!3m6!1s0x89c25e214acdfb77:0x223555b058caa8ad!8m2!3d40.7210072!4d-73.8462258!16s%2Fg%2F11b63vxvzr!19sChIJd_vNSiFewokRrajKWLBVNSI?authuser=0&hl=en&rclk=1"
"Shan staffing inc","","","Employment agency","96-02 Northern Blvd Apt 2b, Flushing, NY 11368, United States","","+1 347-266-1627","https://www.google.com/maps/place/Shan+staffing+inc/data=!4m7!3m6!1s0x89c25fd5f8ac31dd:0x8b9bef8d0c34316a!8m2!3d40.756669!4d-73.871986!16s%2Fg%2F11kgrgg4cv!19sChIJ3TGs-NVfwokRajE0DI3vm4s?authuser=0&hl=en&rclk=1"
"BMB Employment Consultant Inc.","3.8","6","Employment agency","7232 Broadway suite 4, Queens, NY 11372, United States","","+1 929-208-0020","https://www.google.com/maps/place/BMB+Employment+Consultant+Inc./data=!4m7!3m6!1s0x89c25f00c5fab2f7:0xb903c02cab01188e!8m2!3d40.7470152!4d-73.8925905!16s%2Fg%2F11btn18r1t!19sChIJ97L6xQBfwokRjhgBqyzAA7k?authuser=0&hl=en&rclk=1"
"United Employment Agency","1.0","3","Employment agency","8904 Roosevelt Ave, Jackson Heights, NY 11372, United States","","+1 347-537-2451","https://www.google.com/maps/place/United+Employment+Agency/data=!4m7!3m6!1s0x89c25fafdbcdd727:0x57b11b491dea7244!8m2!3d40.7481135!4d-73.8776576!16s%2Fg%2F1thksm9c!19sChIJJ9fN269fwokRRHLqHUkbsVc?authuser=0&hl=en&rclk=1"
"Vesna Medical Staffing Services Inc","","","Employment agency","7215 Grand Ave, Maspeth, NY 11378, United States","","+1 718-507-6877","https://www.google.com/maps/place/Vesna+Medical+Staffing+Services+Inc/data=!4m7!3m6!1s0x89c25ef65cd5142f:0x7ff6260bdc66fceb!8m2!3d40.728661!4d-73.891236!16s%2Fg%2F1v2f1flj!19sChIJLxTVXPZewokR6_xm3Asm9n8?authuser=0&hl=en&rclk=1"
"Custom Staffing","4.4","93","Employment agency","228 E 45th St, New York, NY 10017, United States","","+1 212-818-0300","https://www.google.com/maps/place/Custom+Staffing/data=!4m7!3m6!1s0x89c25902c96097eb:0x9384efd8dbb668a7!8m2!3d40.751962!4d-73.971676!16s%2Fg%2F1tdxrcmy!19sChIJ65dgyQJZwokRp2i229jvhJM?authuser=0&hl=en&rclk=1"
"Reliable Healthcare Staffing","1.0","1","Employment agency","18705 Linden Blvd, St. Albans, NY 11412, United States","","+1 718-977-9581","https://www.google.com/maps/place/Reliable+Healthcare+Staffing/data=!4m7!3m6!1s0x89c2614f2b818e63:0x41a93b9580b0613e!8m2!3d40.692257!4d-73.765195!16s%2Fg%2F1tdvqntq!19sChIJY46BK09hwokRPmGwgJU7qUE?authuser=0&hl=en&rclk=1"
"ANR Staffing Solutions","3.0","2","Home health care service","217-02 Jamaica Ave 2nd fl, Queens Village, NY 11428, United States","http://anrstaffingsolutions.com/","+1 516-881-7658","https://www.google.com/maps/place/ANR+Staffing+Solutions/data=!4m7!3m6!1s0x89c263921949e3bf:0x1cb35e5f09b9df90!8m2!3d40.7175118!4d-73.7376973!16s%2Fg%2F11cmy7qx09!19sChIJv-NJGZJjwokRkN-5CV9esxw?authuser=0&hl=en&rclk=1"
"Vesna Medical Staffing","","","Employment agency","16310 Northern Blvd, Flushing, NY 11358, United States","","+1 718-321-7711","https://www.google.com/maps/place/Vesna+Medical+Staffing/data=!4m7!3m6!1s0x89c2602d7b155aab:0x545635600758098e!8m2!3d40.7608172!4d-73.802697!16s%2Fg%2F1tgz6d9k!19sChIJq1oVey1gwokRjglYB2A1VlQ?authuser=0&hl=en&rclk=1"
"PeopleReady","2.8","67","Temp agency","5-14 51st Ave, Queens, NY 11101, United States","https://www.peopleready.com/location/long-island-city-ny-2861?utm_campaign=gmb&utm_medium=organic&utm_source=google","+1 718-499-9675","https://www.google.com/maps/place/PeopleReady/data=!4m7!3m6!1s0x89c259232147b22f:0xacb1c1f982fadb97!8m2!3d40.7421484!4d-73.9561012!16s%2Fg%2F1tjdh39h!19sChIJL7JHISNZwokRl9v6gvnBsaw?authuser=0&hl=en&rclk=1"
"RN Staffing Solutions","4.9","47","Temp agency","1672 Victory Blvd, Staten Island, NY 10314, United States","https://rnstaffingsolutions.com/","+1 718-720-7242","https://www.google.com/maps/place/RN+Staffing+Solutions/data=!4m7!3m6!1s0x89c24e8123a04bdf:0x647442f3bc28496!8m2!3d40.613121!4d-74.119323!16s%2Fg%2F1vn9p_ch!19sChIJ30ugI4FOwokRloTCOy9ERwY?authuser=0&hl=en&rclk=1"
"Virtual Employment","5.0","1","Employment agency","","","+1 646-878-9880","https://www.google.com/maps/place/Virtual+Employment/data=!4m7!3m6!1s0x89c2592857c566b9:0xe619cf44d9e943ed!8m2!3d40.419584!4d-73.6705386!16s%2Fg%2F11byx8psb6!19sChIJuWbFVyhZwokR7UPp2UTPGeY?authuser=0&hl=en&rclk=1"
"","","","","","http://www.bequeststaffingsolutions.com/","+1 888-237-8371","https://www.google.com/maps/place/Bequest+Staffing+Solutions/data=!4m7!3m6!1s0x2b0113cd397755a3:0x9c8b2cb9bbe4c78a!8m2!3d40.073132!4d-74.4934305!16s%2Fg%2F11t28dl2t8!19sChIJo1V3Oc0TASsRisfku7ksi5w?authuser=0&hl=en&rclk=1"
"","","","","224 W 35th St suite 306 3rd floor, New York, NY 10001, United States","","+1 212-967-9695","https://www.google.com/maps/place/Elena%27s+Employment+Agency/data=!4m7!3m6!1s0x89c259adaf9ce465:0x57d3ec39effd089d!8m2!3d40.7518436!4d-73.9910022!16s%2Fg%2F1tdzs1bk!19sChIJZeScr61ZwokRnQj97zns01c?authuser=0&hl=en&rclk=1"
"Staffing 101 Group","4.8","41","Employment agency","224 W 35th St Suite 1205, New York, NY 10001, United States","https://www.staffing101group.com/","+1 929-380-7089","https://www.google.com/maps/place/Staffing+101+Group/data=!4m7!3m6!1s0x89c259ac2e4fffff:0xea0bf49ad32b016b!8m2!3d40.751858!4d-73.9912983!16s%2Fg%2F11h5q8d00t!19sChIJ__9PLqxZwokRawEr05r0C-o?authuser=0&hl=en&rclk=1"
"Robert Half Recruiters & Employment Agency","1.8","9","Employment agency","8002 Kew Gardens Rd Suite 306, Kew Gardens, NY 11415, United States","https://www.roberthalf.com/us/en/locations/ny-kew-gardens/80-02-kew-gardens-road?utm_source=gmb_listing&utm_medium=organic&utm_campaign=local_listing","+1 855-981-9852","https://www.google.com/maps/place/Robert+Half+Recruiters+%26+Employment+Agency/data=!4m7!3m6!1s0x89c2609807c9ddc7:0xc0e3c115cbaf260e!8m2!3d40.7135002!4d-73.8315285!16s%2Fg%2F1thpxrnk!19sChIJx93JB5hgwokRDiavyxXB48A?authuser=0&hl=en&rclk=1"
"Lisa Employment Agency","3.1","103","Employment agency","247 W 35th St, New York, NY 10001, United States","","+1 212-563-0822","https://www.google.com/maps/place/Lisa+Employment+Agency/data=!4m7!3m6!1s0x89c259ac35435f71:0x165c2fa5384b73e5!8m2!3d40.7525824!4d-73.9917939!16s%2Fg%2F1tdd1lyx!19sChIJcV9DNaxZwokR5XNLOKUvXBY?authuser=0&hl=en&rclk=1"
"Entourage Elite Luxury Staffing","","","Temp agency","","http://entourage-elite.com/","+1 917-408-3905","https://www.google.com/maps/place/Entourage+Elite+Luxury+Staffing/data=!4m7!3m6!1s0x606fdeb799f52191:0x1982d0abd0764f7e!8m2!3d40.6860039!4d-73.878451!16s%2Fg%2F11vdqfy0jr!19sChIJkSH1mbfeb2ARfk920KvQghk?authuser=0&hl=en&rclk=1"
"Helping Hands Employment Services","","","Employment agency","","https://helpinghandsemploymentservices.com/","+1 917-435-9954","https://www.google.com/maps/place/Helping+Hands+Employment+Services/data=!4m7!3m6!1s0x89c25f27ba592125:0xc65fbae028a9d6d2!8m2!3d40.7563148!4d-73.8845836!16s%2Fg%2F11h80m82z6!19sChIJJSFZuidfwokR0tapKOC6X8Y?authuser=0&hl=en&rclk=1"
"Green Juice Employment Agency","","","Employment agency","3750 74th Street, Jackson Heights, NY 11372, United States","","+1 646-894-5420","https://www.google.com/maps/place/Green+Juice+Employment+Agency/data=!4m7!3m6!1s0x89c25fdfa084daed:0x9f8638389496aea1!8m2!3d40.7475752!4d-73.8918208!16s%2Fg%2F11gmf2p4vf!19sChIJ7dqEoN9fwokRoa6WlDg4hp8?authuser=0&hl=en&rclk=1"
"New Solutions Staffing","5.0","70","Temp agency","1733 Sheepshead Bay Rd #39, Brooklyn, NY 11235, United States","http://www.newsolutionsstaffing.com/","+1 718-975-2860","https://www.google.com/maps/place/New+Solutions+Staffing/data=!4m7!3m6!1s0x89c2447b0468543d:0x64f2322f58c7a566!8m2!3d40.585242!4d-73.950907!16s%2Fg%2F11bv_dnmsj!19sChIJPVRoBHtEwokRZqXHWC8y8mQ?authuser=0&hl=en&rclk=1"
"BRIGHTON STAFFING INC.","","","Employment agency","1975 Linden Blvd # 111, Elmont, NY 11003, United States","http://brightonstaff.com/","+1 347-217-6176","https://www.google.com/maps/place/BRIGHTON+STAFFING+INC./data=!4m7!3m6!1s0x89c26391e306cfd3:0x45ba486287c20cb1!8m2!3d40.6876091!4d-73.7174589!16s%2Fg%2F11vshfsmsg!19sChIJ088G45FjwokRsQzCh2JIukU?authuser=0&hl=en&rclk=1"
"Admiral Staffing Inc","4.5","113","Employment agency","580 8th Ave 15th floor, New York, NY 10018, United States","http://www.admiralstaffinginc.com/","+1 212-714-3543","https://www.google.com/maps/place/Admiral+Staffing+Inc/data=!4m7!3m6!1s0x89c259a88f737acd:0x68a1aa3661114abf!8m2!3d40.754852!4d-73.9911983!16s%2Fg%2F11b66k1bqg!19sChIJzXpzj6hZwokRv0oRYTaqoWg?authuser=0&hl=en&rclk=1"
"Distinction Staffing Agency","5.0","3","Employment agency","","https://www.distinctionstaffingagency.io/","+1 908-774-2518","https://www.google.com/maps/place/Distinction+Staffing+Agency/data=!4m7!3m6!1s0x89c2f7b7372ebe8d:0x38d6855ddce2dc2c!8m2!3d46.423669!4d-129.9427086!16s%2Fg%2F11t62m9pff!19sChIJjb4uN7f3wokRLNzi3F2F1jg?authuser=0&hl=en&rclk=1"
"Healthcarestat Staffing Incorporated","","","Employment agency","256-10 Union Tpke, Floral Park, NY 11004, United States","","+1 718-343-8500","https://www.google.com/maps/place/Healthcarestat+Staffing+Incorporated/data=!4m7!3m6!1s0x89c2626fc7d64be7:0x99b7c76469e4e193!8m2!3d40.7452216!4d-73.7147109!16s%2Fg%2F11b5wrpwzb!19sChIJ50vWx29iwokRk-HkaWTHt5k?authuser=0&hl=en&rclk=1"
"Elite Medical Staffing","5.0","1","Nursing agency","21135 Jamaica Ave, Jamaica, NY 11428, United States","","+1 718-454-2038","https://www.google.com/maps/place/Elite+Medical+Staffing/data=!4m7!3m6!1s0x89c2617df3fcef39:0x8156ecd8db9aa7f7!8m2!3d40.715631!4d-73.748192!16s%2Fg%2F1tmcn4mf!19sChIJOe_8831hwokR96ea29jsVoE?authuser=0&hl=en&rclk=1"
"ProMed Staffing Resources","4.6","535","Employment agency","100 W 33rd St #1019, Manhattan, NY 10001, United States","https://www.promedstaffingresources.com/","+1 212-719-9600","https://www.google.com/maps/place/ProMed+Staffing+Resources/data=!4m7!3m6!1s0x89c259a98c2ddeff:0xe88680869b13afef!8m2!3d40.7492783!4d-73.989101!16s%2Fg%2F1tf1prht!19sChIJ_94tjKlZwokR768Tm4aAhug?authuser=0&hl=en&rclk=1"
"PA Staffing Solutions","5.0","2","Employment agency","","https://pahiring.com/?utm_source=omg-gbp&utm_medium=webclick","+1 917-966-3714","https://www.google.com/maps/place/PA+Staffing+Solutions/data=!4m7!3m6!1s0xa5580804a7d68a95:0xd9a2ebdf43b1eeea!8m2!3d40.8193196!4d-73.0576455!16s%2Fg%2F11vq164jcr!19sChIJlYrWpwQIWKUR6u6xQ9_rotk?authuser=0&hl=en&rclk=1"
"Active Staffing Services - New York, NY","3.2","191","Employment agency","is, 134 W 29th St # 903, New York, NY 10001, United States","http://www.activestaffing.com/","+1 212-244-6444","https://www.google.com/maps/place/Active+Staffing+Services+-+New+York,+NY/data=!4m7!3m6!1s0x89c259a919707dc5:0x83179eb2dc31d1bc!8m2!3d40.7471233!4d-73.9917767!16s%2Fg%2F1trxfm4r!19sChIJxX1wGalZwokRvNEx3LKeF4M?authuser=0&hl=en&rclk=1"
"The Cutting Edge Elite, Inc","4.4","19","Employment agency","","http://www.ceestaffing.com/","+1 212-706-2290","https://www.google.com/maps/place/The+Cutting+Edge+Elite,+Inc/data=!4m7!3m6!1s0x89c259acf081c83d:0x7e9eba423d06bc9e!8m2!3d33.537791!4d-96.0754425!16s%2Fg%2F1hc18bf93!19sChIJPciB8KxZwokRnrwGPUK6nn4?authuser=0&hl=en&rclk=1"
"","","","","622 3rd Ave 7th floor, New York, NY 10017, United States","https://www.noorstaffing.com/?utm_source=googlemybusiness+&utm_medium=organic&utm_campaign=GMB","+1 212-683-0045","https://www.google.com/maps/place/Noor+Staffing+Group+-+Recruiting,+Staffing+%26+Temp+Services/data=!4m7!3m6!1s0x89c2590104563467:0x22b7b36d1b2362eb!8m2!3d40.7502227!4d-73.9757276!16s%2Fg%2F11cl_jxmfl!19sChIJZzRWBAFZwokR62IjG22ztyI?authuser=0&hl=en&rclk=1"
"Aerotek","4.2","169","Employment agency","757 3rd Ave Suite 801, New York, NY 10017, United States","https://www.aerotek.com/en/locations/united-states/new-york/new-york?ecid=ls_aero_bizlist_091222_seo7123137","+1 212-588-5826","https://www.google.com/maps/place/Aerotek/data=!4m7!3m6!1s0x89c258fd4e58f74d:0x984f1bb81ad80254!8m2!3d40.7539481!4d-73.9716808!16s%2Fg%2F1tdzbb3w!19sChIJTfdYTv1YwokRVALYGrgbT5g?authuser=0&hl=en&rclk=1"
"Beacon Hill Staffing Group","4.0","104","Employment agency","104 W 40th St 8th Floor, Manhattan, NY 10018, United States","http://www.beaconhillstaffing.com/","+1 212-986-3000","https://www.google.com/maps/place/Beacon+Hill+Staffing+Group/data=!4m7!3m6!1s0x89c2590209d6421b:0x3cced20285dd677c!8m2!3d40.7535269!4d-73.9857827!16s%2Fg%2F1ptx91qs_!19sChIJG0LWCQJZwokRfGfdhQLSzjw?authuser=0&hl=en&rclk=1"
"","","","","","http://nycpss.com/","+1 646-420-3035","https://www.google.com/maps/place/Preferred+Staffing+Solutions+INC/data=!4m7!3m6!1s0x89c25bc2ce48ee99:0x62ad1ac18df9d7e!8m2!3d40.6974881!4d-73.979681!16s%2Fg%2F11g0k102mc!19sChIJme5IzsJbwokRfp3fGKzRKgY?authuser=0&hl=en&rclk=1"
"Hire Point Staffing Solutions","3.2","85","Employment agency","258 E 138th St, Bronx, NY 10451, United States","http://www.hirepointusa.com/","+1 718-401-1270","https://www.google.com/maps/place/Hire+Point+Staffing+Solutions/data=!4m7!3m6!1s0x89c2f5c58b312f77:0x25469ac8b71e9146!8m2!3d40.81115!4d-73.927837!16s%2Fg%2F1tj74js3!19sChIJdy8xi8X1wokRRpEet8iaRiU?authuser=0&hl=en&rclk=1"
"Alma Employment Agency Corporation","2.8","60","Employment agency","614 8th Ave, New York, NY 10018, United States","","+1 212-278-8227","https://www.google.com/maps/place/Alma+Employment+Agency+Corporation/data=!4m7!3m6!1s0x89c259accee63b0b:0xf80c382e89401aff!8m2!3d40.7556428!4d-73.9905955!16s%2Fg%2F1tcv_bb5!19sChIJCzvmzqxZwokR_xpAiS44DPg?authuser=0&hl=en&rclk=1"
"White Glove Placement, Inc.","3.4","8","Nursing agency","90-50 Parsons Blvd Suite 203, Queens, NY 11432, United States","https://www.whiteglovecare.com/","+1 718-387-8181","https://www.google.com/maps/place/White+Glove+Placement,+Inc./data=!4m7!3m6!1s0x89c261cac236a255:0x6899ab9754feed35!8m2!3d40.7036774!4d-73.8005417!16s%2Fg%2F11h61cmrtz!19sChIJVaI2wsphwokRNe3-VJermWg?authuser=0&hl=en&rclk=1"
"Lloyd Staffing","4.5","37","Employment agency","237 W 35th St #1103, New York, NY 10001, United States","https://www.lloydstaffing.com/","+1 212-354-8787","https://www.google.com/maps/place/Lloyd+Staffing/data=!4m7!3m6!1s0x89c25903ce155677:0x54645786d7f30c6!8m2!3d40.7525029!4d-73.9915427!16s%2Fg%2F12639m_c3!19sChIJd1YVzgNZwokRxjB_bXhFRgU?authuser=0&hl=en&rclk=1"
"Tropical Stars Hospitality Staffing","3.2","12","Temp agency","147 W 35th St, New York, NY 10001, United States","http://www.tropicalstarsusa.com/","+1 347-425-9048","https://www.google.com/maps/place/Tropical+Stars+Hospitality+Staffing/data=!4m7!3m6!1s0x89c25b6823839a47:0xde425f26a173650a!8m2!3d40.7514486!4d-73.9891093!16s%2Fg%2F11c2pql9hl!19sChIJR5qDI2hbwokRCmVzoSZfQt4?authuser=0&hl=en&rclk=1"
"Top Shelf Staffing","4.5","33","Employment agency","68 W 39th St, New York, NY 10018, United States","http://www.topshelfstaffers.com/","+1 212-842-1033","https://www.google.com/maps/place/Top+Shelf+Staffing/data=!4m7!3m6!1s0x89c259ac0726db5f:0xecdf19af80cddd5f!8m2!3d40.75268!4d-73.9851077!16s%2Fg%2F1tf6sqdb!19sChIJX9smB6xZwokRX93NgK8Z3-w?authuser=0&hl=en&rclk=1"
"Household Staffing","4.9","230","Employment agency","276 5th Ave suite 704-348, New York, NY 10001, United States","https://householdstaffing.com/","+1 212-600-2085","https://www.google.com/maps/place/Household+Staffing/data=!4m7!3m6!1s0x89c259a89db096f9:0xf21c9d14b9ad843b!8m2!3d40.745892!4d-73.986922!16s%2Fg%2F11c1r1xzpd!19sChIJ-ZawnahZwokRO4StuRSdHPI?authuser=0&hl=en&rclk=1"
"Core Staffing Services Inc","3.6","23","Employment agency","463 7th Ave #1800, New York, NY 10018, United States","http://www.employcore.com/","+1 212-766-1222","https://www.google.com/maps/place/Core+Staffing+Services+Inc/data=!4m7!3m6!1s0x89c2590199c0667d:0x1adf98c859481630!8m2!3d40.7517621!4d-73.9898149!16s%2Fg%2F1tf2yqcb!19sChIJfWbAmQFZwokRMBZIWciY3xo?authuser=0&hl=en&rclk=1"
"Tapuz Staffing LLC","4.6","14","Employment agency","31 W 34th St. 7th Floor, Suite 7068, New York, NY 10001, United States","https://www.tapuzstaffing.com/","+1 646-470-7913","https://www.google.com/maps/place/Tapuz+Staffing+LLC/data=!4m7!3m6!1s0x89c259b3e9b7ec83:0x8a43069eaa17e4d6!8m2!3d40.7495564!4d-73.9868076!16s%2Fg%2F11bzq464gj!19sChIJg-y36bNZwokR1uQXqp4GQ4o?authuser=0&hl=en&rclk=1"
"Affinity Medical Staffing","","","Employment agency","3 Grace Ave, Great Neck, NY 11021, United States","http://www.affinitymedstaff.com/healthcare-staffing-about-us","+1 516-307-0964","https://www.google.com/maps/place/Affinity+Medical+Staffing/data=!4m7!3m6!1s0x89c28999e85ab363:0xc6bb8d3a38950a42!8m2!3d40.7883968!4d-73.72854!16s%2Fg%2F11fx7w2ww6!19sChIJY7Na6JmJwokRQgqVODqNu8Y?authuser=0&hl=en&rclk=1"
"Temporary Staffing + Search LLC","4.1","7","Employment agency","","https://www.tempstaffingandsearch.com/","+1 212-856-9500","https://www.google.com/maps/place/Temporary+Staffing+%2B+Search+LLC/data=!4m7!3m6!1s0x89c2590045cfd5dd:0x3404b9429a3905fb!8m2!3d46.423669!4d-129.9427086!16s%2Fg%2F1tdkn40h!19sChIJ3dXPRQBZwokR-wU5mkK5BDQ?authuser=0&hl=en&rclk=1"
"IkDelino Healthcare Staffing Agency","5.0","1","Employment agency","","https://www.ikdelino.com/","+1 315-314-9828","https://www.google.com/maps/place/IkDelino+Healthcare+Staffing+Agency/data=!4m7!3m6!1s0x89c2f3434fc604b3:0x626cdd2ed5e2c1ef!8m2!3d41.9850606!4d-76.2082183!16s%2Fg%2F11k8q13dhd!19sChIJswTGT0PzwokR78Hi1S7dbGI?authuser=0&hl=en&rclk=1"
"Prime Staffing","3.3","98","Employment agency","450 7th Ave, New York, NY 10123, United States","http://www.primestaffingnyc.com/","+1 212-629-7200","https://www.google.com/maps/place/Prime+Staffing/data=!4m7!3m6!1s0x89c259ac774d53cd:0xf094eba3047d3980!8m2!3d40.7524595!4d-73.9861695!16s%2Fg%2F1v3kjfd6!19sChIJzVNNd6xZwokRgDl9BKPrlPA?authuser=0&hl=en&rclk=1"
"Alternate Staffing","4.4","83","Home health care service","4918 Fort Hamilton Pkwy, Brooklyn, NY 11219, United States","https://alternatestaffing.com/","+1 718-972-2500","https://www.google.com/maps/place/Alternate+Staffing/data=!4m7!3m6!1s0x89c245332e307603:0x29efeaec26b6c252!8m2!3d40.638172!4d-73.9983759!16s%2Fg%2F1vzqt4w0!19sChIJA3YwLjNFwokRUsK2Juzq7yk?authuser=0&hl=en&rclk=1"
"French Connection Staffing LLC","2.3","3","Employment agency","","http://www.frenchconnectionstaffing.com/","+1 800-307-9757","https://www.google.com/maps/place/French+Connection+Staffing+LLC/data=!4m7!3m6!1s0x89c258fc5a7ce62b:0x41f4ba60b906a026!8m2!3d46.423669!4d-129.9427086!16s%2Fg%2F11df1xx_03!19sChIJK-Z8WvxYwokRJqAGuWC69EE?authuser=0&hl=en&rclk=1"
"Talent Crown Inc","3.7","27","Employment agency","1180 6th Ave 8th Floor, New York, NY 10036, United States","https://www.talentnynj.com/","","https://www.google.com/maps/place/Talent+Crown+Inc/data=!4m7!3m6!1s0x89c259abb7eb69e1:0xb56dd787d9c8e2e2!8m2!3d40.7574701!4d-73.9817449!16s%2Fg%2F11cs4g0rb4!19sChIJ4Wnrt6tZwokR4uLI2YfXbbU?authuser=0&hl=en&rclk=1"
"DayBreak Staffing","2.6","5","Employment agency","","https://www.daybreakstaffing.com/","+1 212-557-6868","https://www.google.com/maps/place/DayBreak+Staffing/data=!4m7!3m6!1s0x89c259004f6b8d6f:0xd6b783c0664b588f!8m2!3d46.423669!4d-129.9427086!16s%2Fg%2F1tcvk02l!19sChIJb41rTwBZwokRj1hLZsCDt9Y?authuser=0&hl=en&rclk=1"
"Superior Staffing Associates","","","Employment agency","","https://superiorstaffingassociates.com/","+1 347-839-6324","https://www.google.com/maps/place/Superior+Staffing+Associates/data=!4m7!3m6!1s0x89c24359bb107b3b:0x88b63b9effaec4d1!8m2!3d40.645244!4d-73.9449976!16s%2Fg%2F11j8sxjsd4!19sChIJO3sQu1lDwokR0cSu_547tog?authuser=0&hl=en&rclk=1"
"Legacies Staffing","5.0","18","Employment agency","1460 Broadway, New York, NY 10036, United States","http://www.legaciesstaffing.com/","+1 646-262-8364","https://www.google.com/maps/place/Legacies+Staffing/data=!4m7!3m6!1s0x89c259175c1d1ce9:0x155607199330853c!8m2!3d40.7551279!4d-73.9861749!16s%2Fg%2F11fjtp2dlm!19sChIJ6RwdXBdZwokRPIUwkxkHVhU?authuser=0&hl=en&rclk=1"
"ABS Staffing Solutions","4.1","50","Employment agency","902 Broadway 6th Floor, New York, NY 10010, United States","http://www.absstaffingsolutions.com/","+1 646-568-2050","https://www.google.com/maps/place/ABS+Staffing+Solutions/data=!4m7!3m6!1s0x89c25900da7d168f:0x8d42b42430c7c7e!8m2!3d40.7393898!4d-73.989285!16s%2Fg%2F11b76d0q2s!19sChIJjxZ92gBZwokRfnwMQ0Ir1Ag?authuser=0&hl=en&rclk=1"
"Eavan Employment Agecny USA","4.8","45","Employment agency","37-13 74th Street, Queens, NY 11372, United States","","+1 9290435","https://www.google.com/maps/place/Eavan+Employment+Agecny+USA/data=!4m7!3m6!1s0x89c25f417cc84f81:0xf6c29c66e0f49763!8m2!3d40.748513!4d-73.8916041!16s%2Fg%2F11gmwtx6xf!19sChIJgU_IfEFfwokRY5f04GacwvY?authuser=0&hl=en&rclk=1"
"Mission Staffing","3.4","34","Employment agency","370 Lexington Ave, New York, NY 10017, United States","http://www.missionstaffing.com/","+1 212-758-5211","https://www.google.com/maps/place/Mission+Staffing/data=!4m7!3m6!1s0x89c25a17d554b039:0x5a2983c6a002bf5a!8m2!3d40.7506677!4d-73.9770804!16s%2Fg%2F1td5s5s0!19sChIJObBU1RdawokRWr8CoMaDKVo?authuser=0&hl=en&rclk=1"
"Destiny Household Staffing, LLC","5.0","2","Temp agency","10 E 39th St, New York, NY 10016, United States","","+1 212-354-9788","https://www.google.com/maps/place/Destiny+Household+Staffing,+LLC/data=!4m7!3m6!1s0x89c259009513d9d7:0x2981c71cfe585d48!8m2!3d40.7511008!4d-73.9816032!16s%2Fg%2F1td_clss!19sChIJ19kTlQBZwokRSF1Y_hzHgSk?authuser=0&hl=en&rclk=1"
"East New York Workforce1 Career Center","3.5","38","Employment agency","2619 Atlantic Ave, Brooklyn, NY 11207, United States","https://www1.nyc.gov/site/sbs/careers/careers.page","+1 646-606-0301","https://www.google.com/maps/place/East+New+York+Workforce1+Career+Center/data=!4m7!3m6!1s0x89c25c4e5356e4c7:0x24407dd24fe39462!8m2!3d40.6759215!4d-73.8976887!16s%2Fg%2F11c5q_v4r3!19sChIJx-RWU05cwokRYpTjT9J9QCQ?authuser=0&hl=en&rclk=1"