Name,Rating,Reviews,Category,Address,Website,Phone,Url
"Express Employment Professionals","4.3","47","Employment agency","44-02 11th St #616, Queens, NY 11101, United States","http://expresspros.com/NWQueensNY","+1 917-832-6081","https://www.google.com/maps/place/Express+Employment+Professionals/data=!4m7!3m6!1s0x89c2592c9796aaa9:0x80e59a6248041e8!8m2!3d40.7496654!4d-73.9496671!16s%2Fg%2F11b7lmn6ms!19sChIJqaqWlyxZwokR6EGAJKZZDgg?authuser=0&hl=en&rclk=1"
"","","","","1672 Victory Blvd, Staten Island, NY 10314, United States","https://rnstaffingsolutions.com/","+1 718-720-7242","https://www.google.com/maps/place/RN+Staffing+Solutions/data=!4m7!3m6!1s0x89c24e8123a04bdf:0x647442f3bc28496!8m2!3d40.613121!4d-74.119323!16s%2Fg%2F1vn9p_ch!19sChIJ30ugI4FOwokRloTCOy9ERwY?authuser=0&hl=en&rclk=1"
"New Solutions Staffing","5.0","70","Temp agency","1733 Sheepshead Bay Rd #39, Brooklyn, NY 11235, United States","http://www.newsolutionsstaffing.com/","+1 718-975-2860","https://www.google.com/maps/place/New+Solutions+Staffing/data=!4m7!3m6!1s0x89c2447b0468543d:0x64f2322f58c7a566!8m2!3d40.585242!4d-73.950907!16s%2Fg%2F11bv_dnmsj!19sChIJPVRoBHtEwokRZqXHWC8y8mQ?authuser=0&hl=en&rclk=1"
"","","","","9609 Springfield Blvd suite 205, Queens, NY 11429, United States","http://www.empressivestaffing.com/","+1 718-413-2025","https://www.google.com/maps/place/Empressive+Staffing+Agency/data=!4m7!3m6!1s0x89c2632bbd50afef:0x69df9eab4b0a2fa3!8m2!3d40.7183021!4d-73.7350152!16s%2Fg%2F11q8w93mpy!19sChIJ769QvStjwokRoy8KS6ue32k?authuser=0&hl=en&rclk=1"
"All Aces Promotional Staffing, Inc.","4.7","14","Event management company","46-28 Vernon Blvd Suite 306, Queens, NY 11101, United States","https://www.acespromo.com/?utm_source=google&utm_medium=organic&utm_campaign=gbp-listing","+1 646-829-1602","https://www.google.com/maps/place/All+Aces+Promotional+Staffing,+Inc./data=!4m7!3m6!1s0x89c259bcc50743c1:0x701d1c5ce2a9bd30!8m2!3d40.7461232!4d-73.9531976!16s%2Fg%2F11c4bd35l2!19sChIJwUMHxbxZwokRML2p4lwcHXA?authuser=0&hl=en&rclk=1"
"FlexStaff","4.3","59","Employment agency","1111 Marcus Ave, North New Hyde Park, NY 11042, United States","https://www.flexstaff.org/about-us/","+1 516-224-2800","https://www.google.com/maps/place/FlexStaff/data=!4m7!3m6!1s0x89c2882b34040949:0x6ded7f73d709385b!8m2!3d40.7575186!4d-73.7003652!16s%2Fg%2F11q2y_r0zv!19sChIJSQkENCuIwokRWzgJ13N_7W0?authuser=0&hl=en&rclk=1"
"Custom Staffing","4.4","93","Employment agency","228 E 45th St, New York, NY 10017, United States","","+1 212-818-0300","https://www.google.com/maps/place/Custom+Staffing/data=!4m7!3m6!1s0x89c25902c96097eb:0x9384efd8dbb668a7!8m2!3d40.751962!4d-73.971676!16s%2Fg%2F1tdxrcmy!19sChIJ65dgyQJZwokRp2i229jvhJM?authuser=0&hl=en&rclk=1"
"Tempwork Staffing Solution, Inc.","4.3","174","Temp agency","4012 83rd St 3rd floor, Elmhurst, NY 11373, United States","http://twork247.com/","+1 718-734-0505","https://www.google.com/maps/place/Tempwork+Staffing+Solution,+Inc./data=!4m7!3m6!1s0x89c25faeccb04d03:0x7b13961d06aabef1!8m2!3d40.747296!4d-73.8831639!16s%2Fg%2F11b8_mvk0g!19sChIJA02wzK5fwokR8b6qBh2WE3s?authuser=0&hl=en&rclk=1"
"Specialty Professional Services, Corp | NYC Nurse Staffing","4.8","23","Nursing agency","17-20 Whitestone Expy #303, Queens, NY 11357, United States","http://www.thespecialty.com/","+1 718-428-3600","https://www.google.com/maps/place/Specialty+Professional+Services,+Corp+%7C+NYC+Nurse+Staffing/data=!4m7!3m6!1s0x89c28abb72faa8c5:0x4a45ea3841275262!8m2!3d40.7839149!4d-73.8254045!16s%2Fg%2F1260qj25w!19sChIJxaj6cruKwokRYlInQTjqRUo?authuser=0&hl=en&rclk=1"
"Direct Hire Employment Agency","4.1","24","Employment agency","69-11D Roosevelt Ave, Queens, NY 11377, United States","https://www.directhireagency.com/","+1 347-688-4808","https://www.google.com/maps/place/Direct+Hire+Employment+Agency/data=!4m7!3m6!1s0x89c25f1fdf6d0d59:0x75fdb6cbdb515b1d!8m2!3d40.7466438!4d-73.8955698!16s%2Fg%2F11c6_vvxcv!19sChIJWQ1t3x9fwokRHVtR28u2_XU?authuser=0&hl=en&rclk=1"
"All In One Services","4.7","209","Employment agency","25-40 27th St #2f, Astoria, NY 11102, United States","http://www.allinoneservices.com/","+1 718-267-5090","https://www.google.com/maps/place/All+In+One+Services/data=!4m7!3m6!1s0x89c25f45d4cdc05f:0x3fb8fabf41fd9a5b!8m2!3d40.771255!4d-73.9213178!16s%2Fg%2F1tgjm6bk!19sChIJX8DN1EVfwokRW5r9Qb_6uD8?authuser=0&hl=en&rclk=1"
"Alternate Staffing","4.4","83","Home health care service","4918 Fort Hamilton Pkwy, Brooklyn, NY 11219, United States","https://alternatestaffing.com/","+1 718-972-2500","https://www.google.com/maps/place/Alternate+Staffing/data=!4m7!3m6!1s0x89c245332e307603:0x29efeaec26b6c252!8m2!3d40.638172!4d-73.9983759!16s%2Fg%2F1vzqt4w0!19sChIJA3YwLjNFwokRUsK2Juzq7yk?authuser=0&hl=en&rclk=1"
"","","","","276 5th Ave suite 704-348, New York, NY 10001, United States","https://householdstaffing.com/","+1 212-600-2085","https://www.google.com/maps/place/Household+Staffing/data=!4m7!3m6!1s0x89c259a89db096f9:0xf21c9d14b9ad843b!8m2!3d40.745892!4d-73.986922!16s%2Fg%2F11c1r1xzpd!19sChIJ-ZawnahZwokRO4StuRSdHPI?authuser=0&hl=en&rclk=1"
"Quality Healthcare Staffing","5.0","16","Employment agency","29-10 Thomson Ave, Queens, NY 11101, United States","http://qhstaff.com/","+1 718-400-6166","https://www.google.com/maps/place/Quality+Healthcare+Staffing/data=!4m7!3m6!1s0x89c261a4bcbd16ab:0xaf1f21691b99006e!8m2!3d40.7451291!4d-73.9377106!16s%2Fg%2F11mvr5k7tg!19sChIJqxa9vKRhwokRbgCZG2khH68?authuser=0&hl=en&rclk=1"
"Napoli Employment Agency","4.5","1,052","Employment agency","7915 Roosevelt Ave #2floor, Queens, NY 11372, United States","http://www.napoliemploymentagency.com/","+1 718-565-2445","https://www.google.com/maps/place/Napoli+Employment+Agency/data=!4m7!3m6!1s0x89c25fa9a1b0859b:0x4d9f888d18f3ba78!8m2!3d40.7475999!4d-73.8860989!16s%2Fg%2F1vn9p_rg!19sChIJm4WwoalfwokReLrzGI2In00?authuser=0&hl=en&rclk=1"
"Tapuz Staffing LLC","4.6","14","Employment agency","31 W 34th St. 7th Floor, Suite 7068, New York, NY 10001, United States","https://www.tapuzstaffing.com/","+1 646-470-7913","https://www.google.com/maps/place/Tapuz+Staffing+LLC/data=!4m7!3m6!1s0x89c259b3e9b7ec83:0x8a43069eaa17e4d6!8m2!3d40.7495564!4d-73.9868076!16s%2Fg%2F11bzq464gj!19sChIJg-y36bNZwokR1uQXqp4GQ4o?authuser=0&hl=en&rclk=1"
"Titan Staffing Systems","4.6","109","Temp agency","503 W 181st St, New York, NY 10033, United States","https://www.titanstaffing.com/","+1 646-832-4012","https://www.google.com/maps/place/Titan+Staffing+Systems/data=!4m7!3m6!1s0x89c2f53d91312ff5:0x80d09d4ecacb39e6!8m2!3d40.8483942!4d-73.9311926!16s%2Fg%2F11h88rx802!19sChIJ9S8xkT31wokR5jnLyk6d0IA?authuser=0&hl=en&rclk=1"
"Admiral Staffing Inc","4.5","113","Employment agency","580 8th Ave 15th floor, New York, NY 10018, United States","http://www.admiralstaffinginc.com/","+1 212-714-3543","https://www.google.com/maps/place/Admiral+Staffing+Inc/data=!4m7!3m6!1s0x89c259a88f737acd:0x68a1aa3661114abf!8m2!3d40.754852!4d-73.9911983!16s%2Fg%2F11b66k1bqg!19sChIJzXpzj6hZwokRv0oRYTaqoWg?authuser=0&hl=en&rclk=1"
"Noor Staffing Group - Recruiting, Staffing & Temp Services","4.3","272","Recruiter","622 3rd Ave 7th floor, New York, NY 10017, United States","https://www.noorstaffing.com/?utm_source=googlemybusiness+&utm_medium=organic&utm_campaign=GMB","+1 212-683-0045","https://www.google.com/maps/place/Noor+Staffing+Group+-+Recruiting,+Staffing+%26+Temp+Services/data=!4m7!3m6!1s0x89c2590104563467:0x22b7b36d1b2362eb!8m2!3d40.7502227!4d-73.9757276!16s%2Fg%2F11cl_jxmfl!19sChIJZzRWBAFZwokR62IjG22ztyI?authuser=0&hl=en&rclk=1"
"","","","","suite 7018 1460, Broadway, New York, NY 10036, United States","http://www.aysstaff.com/","+1 631-589-4174","https://www.google.com/maps/place/At+Your+Service+Staffing+-+New+York+City/data=!4m7!3m6!1s0x89c258fac19c5333:0x3a7fb5ebbc133570!8m2!3d40.7551159!4d-73.9863552!16s%2Fg%2F1ptx11pv4!19sChIJM1OcwfpYwokRcDUTvOu1fzo?authuser=0&hl=en&rclk=1"
"EL MUNDO EMPLOYMENT AGENCY","4.4","172","Employment agency","36-26 Union St, Flushing, NY 11354, United States","","+1 718-762-7742","https://www.google.com/maps/place/EL+MUNDO+EMPLOYMENT+AGENCY/data=!4m7!3m6!1s0x89c2601a9b8ce195:0x900b89c93b8c8b5a!8m2!3d40.7629896!4d-73.8280898!16s%2Fg%2F1tj2pcxf!19sChIJleGMmxpgwokRWouMO8mJC5A?authuser=0&hl=en&rclk=1"
"Alex Employment agency","3.7","26","Employment agency","69-06 Roosevelt Ave, Queens, NY 11377, United States","","+1 347-935-3049","https://www.google.com/maps/place/Alex+Employment+agency/data=!4m7!3m6!1s0x89c25f2e72f9a801:0x925e2bb55487877f!8m2!3d40.7461911!4d-73.895923!16s%2Fg%2F11s7wtc1jh!19sChIJAaj5ci5fwokRf4eHVLUrXpI?authuser=0&hl=en&rclk=1"
"Lloyd Staffing","4.5","37","Employment agency","237 W 35th St #1103, New York, NY 10001, United States","https://www.lloydstaffing.com/","+1 212-354-8787","https://www.google.com/maps/place/Lloyd+Staffing/data=!4m7!3m6!1s0x89c25903ce155677:0x54645786d7f30c6!8m2!3d40.7525029!4d-73.9915427!16s%2Fg%2F12639m_c3!19sChIJd1YVzgNZwokRxjB_bXhFRgU?authuser=0&hl=en&rclk=1"
"Aerotek","4.2","169","Employment agency","757 3rd Ave Suite 801, New York, NY 10017, United States","https://www.aerotek.com/en/locations/united-states/new-york/new-york?ecid=ls_aero_bizlist_091222_seo7123137","+1 212-588-5826","https://www.google.com/maps/place/Aerotek/data=!4m7!3m6!1s0x89c258fd4e58f74d:0x984f1bb81ad80254!8m2!3d40.7539481!4d-73.9716808!16s%2Fg%2F1tdzbb3w!19sChIJTfdYTv1YwokRVALYGrgbT5g?authuser=0&hl=en&rclk=1"
"On Target Staffing LLC","4.2","95","Employment agency","3608 New York Ave, Union City, NJ 07087, United States","http://www.ontargetstaffingllc.com/","+1 201-553-9450","https://www.google.com/maps/place/On+Target+Staffing+LLC/data=!4m7!3m6!1s0x89c25826f9366d6f:0x72c0fdca953b8d0a!8m2!3d40.773808!4d-74.0262576!16s%2Fg%2F1q62bkn42!19sChIJb202-SZYwokRCo07lcr9wHI?authuser=0&hl=en&rclk=1"
"Staffing 101 Group","4.8","41","Employment agency","224 W 35th St Suite 1205, New York, NY 10001, United States","https://www.staffing101group.com/","+1 929-380-7089","https://www.google.com/maps/place/Staffing+101+Group/data=!4m7!3m6!1s0x89c259ac2e4fffff:0xea0bf49ad32b016b!8m2!3d40.751858!4d-73.9912983!16s%2Fg%2F11h5q8d00t!19sChIJ__9PLqxZwokRawEr05r0C-o?authuser=0&hl=en&rclk=1"
"ProMed Staffing Resources","4.6","535","Employment agency","100 W 33rd St #1019, Manhattan, NY 10001, United States","https://www.promedstaffingresources.com/","+1 212-719-9600","https://www.google.com/maps/place/ProMed+Staffing+Resources/data=!4m7!3m6!1s0x89c259a98c2ddeff:0xe88680869b13afef!8m2!3d40.7492783!4d-73.989101!16s%2Fg%2F1tf1prht!19sChIJ_94tjKlZwokR768Tm4aAhug?authuser=0&hl=en&rclk=1"
"Top Shelf Staffing","4.5","33","Employment agency","68 W 39th St, New York, NY 10018, United States","http://www.topshelfstaffers.com/","+1 212-842-1033","https://www.google.com/maps/place/Top+Shelf+Staffing/data=!4m7!3m6!1s0x89c259ac0726db5f:0xecdf19af80cddd5f!8m2!3d40.75268!4d-73.9851077!16s%2Fg%2F1tf6sqdb!19sChIJX9smB6xZwokRX93NgK8Z3-w?authuser=0&hl=en&rclk=1"
"Legacies Staffing","5.0","18","Employment agency","1460 Broadway, New York, NY 10036, United States","http://www.legaciesstaffing.com/","+1 646-262-8364","https://www.google.com/maps/place/Legacies+Staffing/data=!4m7!3m6!1s0x89c259175c1d1ce9:0x155607199330853c!8m2!3d40.7551279!4d-73.9861749!16s%2Fg%2F11fjtp2dlm!19sChIJ6RwdXBdZwokRPIUwkxkHVhU?authuser=0&hl=en&rclk=1"
"Advanced Care Staffing","3.4","27","Nursing agency","1000 Gates Ave #5b, Brooklyn, NY 11221, United States","http://www.advancedcarestaffing.com/","+1 718-305-6700","https://www.google.com/maps/place/Advanced+Care+Staffing/data=!4m7!3m6!1s0x89c25be4a2ca2f75:0xfb52f4dc66b2f1!8m2!3d40.6892253!4d-73.9234589!16s%2Fg%2F1hhggs7ks!19sChIJdS_KouRbwokR8bJm3PRS-wA?authuser=0&hl=en&rclk=1"
"AppleOne Employment Services - Wall Street NYC","4.2","33","Employment agency","100 Wall St Suite 1503, New York, NY 10005, United States","http://www.appleone.com/","+1 800-564-5644","https://www.google.com/maps/place/AppleOne+Employment+Services+-+Wall+Street+NYC/data=!4m7!3m6!1s0x89c25a16193f046d:0x1f678af914a16efb!8m2!3d40.7051643!4d-74.0070399!16s%2Fg%2F1tfmp9f_!19sChIJbQQ_GRZawokR-26hFPmKZx8?authuser=0&hl=en&rclk=1"
"","","","","195 Montague St 14th floor, Brooklyn, NY 11201, United States","http://www.kithandkinnyc.com/","","https://www.google.com/maps/place/Kith+and+Kin+Household+Staffing+Agency/data=!4m7!3m6!1s0x89c25a4907d4b74f:0xbe9c03fe5049c436!8m2!3d40.694312!4d-73.991102!16s%2Fg%2F11c52qx62w!19sChIJT7fUB0lawokRNsRJUP4DnL4?authuser=0&hl=en&rclk=1"
"British American Household Staffing","4.4","126","Employment agency","Basement, 494 Greenwich St, New York, NY 10013, United States","https://bahs.com/","+1 212-966-2247","https://www.google.com/maps/place/British+American+Household+Staffing/data=!4m7!3m6!1s0x89c259895441a791:0x30dc4772c49577b0!8m2!3d40.7254698!4d-74.0094083!16s%2Fg%2F1262j08td!19sChIJkadBVIlZwokRsHeVxHJH3DA?authuser=0&hl=en&rclk=1"
"ABS Staffing Solutions","4.1","50","Employment agency","902 Broadway 6th Floor, New York, NY 10010, United States","http://www.absstaffingsolutions.com/","+1 646-568-2050","https://www.google.com/maps/place/ABS+Staffing+Solutions/data=!4m7!3m6!1s0x89c25900da7d168f:0x8d42b42430c7c7e!8m2!3d40.7393898!4d-73.989285!16s%2Fg%2F11b76d0q2s!19sChIJjxZ92gBZwokRfnwMQ0Ir1Ag?authuser=0&hl=en&rclk=1"
"PeopleReady","2.8","67","Temp agency","5-14 51st Ave, Queens, NY 11101, United States","https://www.peopleready.com/location/long-island-city-ny-2861?utm_campaign=gmb&utm_medium=organic&utm_source=google","+1 718-499-9675","https://www.google.com/maps/place/PeopleReady/data=!4m7!3m6!1s0x89c259232147b22f:0xacb1c1f982fadb97!8m2!3d40.7421484!4d-73.9561012!16s%2Fg%2F1tjdh39h!19sChIJL7JHISNZwokRl9v6gvnBsaw?authuser=0&hl=en&rclk=1"
"East New York Workforce1 Career Center","3.5","38","Employment agency","2619 Atlantic Ave, Brooklyn, NY 11207, United States","https://www1.nyc.gov/site/sbs/careers/careers.page","+1 646-606-0301","https://www.google.com/maps/place/East+New+York+Workforce1+Career+Center/data=!4m7!3m6!1s0x89c25c4e5356e4c7:0x24407dd24fe39462!8m2!3d40.6759215!4d-73.8976887!16s%2Fg%2F11c5q_v4r3!19sChIJx-RWU05cwokRYpTjT9J9QCQ?authuser=0&hl=en&rclk=1"
"New York Medical Staffing","4.5","8","Employment agency","245-77 62nd Ave, Queens, NY 11362, United States","https://www.1stoprecruiting.com/new-york-medical-staffing-agency/","+1 646-906-9772","https://www.google.com/maps/place/New+York+Medical+Staffing/data=!4m7!3m6!1s0x89c26302ec6302f7:0x771e809233cc72f7!8m2!3d40.7561821!4d-73.7300567!16s%2Fg%2F11j2ynpdtt!19sChIJ9wJj7AJjwokR93LMM5KAHnc?authuser=0&hl=en&rclk=1"
"Hire Point Staffing Solutions","3.2","85","Employment agency","258 E 138th St, Bronx, NY 10451, United States","http://www.hirepointusa.com/","+1 718-401-1270","https://www.google.com/maps/place/Hire+Point+Staffing+Solutions/data=!4m7!3m6!1s0x89c2f5c58b312f77:0x25469ac8b71e9146!8m2!3d40.81115!4d-73.927837!16s%2Fg%2F1tj74js3!19sChIJdy8xi8X1wokRRpEet8iaRiU?authuser=0&hl=en&rclk=1"
"Atrium","4.2","53","Employment agency","186 S Wood Ave #200, Iselin, NJ 08830, United States","https://www.atriumstaff.com/?utm_source=GMB&utm_medium=organic&utm_campaign=ISE_listing","+1 732-494-6900","https://www.google.com/maps/place/Atrium/data=!4m7!3m6!1s0x89c3b663fcf14cb3:0x36a54389208cbd7a!8m2!3d40.5608821!4d-74.3273119!16s%2Fg%2F1tgf44f4!19sChIJs0zx_GO2w4kRer2MIIlDpTY?authuser=0&hl=en&rclk=1"
"","","","","224 W 35th St suite 306 3rd floor, New York, NY 10001, United States","","+1 212-967-9695","https://www.google.com/maps/place/Elena%27s+Employment+Agency/data=!4m7!3m6!1s0x89c259adaf9ce465:0x57d3ec39effd089d!8m2!3d40.7518436!4d-73.9910022!16s%2Fg%2F1tdzs1bk!19sChIJZeScr61ZwokRnQj97zns01c?authuser=0&hl=en&rclk=1"
"","","","","10 E 21st St #2, New York, NY 10010, United States","https://www.adeccousa.com/locations/new-york-new-york-staffing-agencies/","+1 212-391-7000","https://www.google.com/maps/place/Adecco+Staffing/data=!4m7!3m6!1s0x89c258fe30a7b447:0x504e63d919aa47f4!8m2!3d40.7398476!4d-73.9902068!16s%2Fg%2F1tfd7x8w!19sChIJR7SnMP5YwokR9EeqGdljTlA?authuser=0&hl=en&rclk=1"
"","","","","147 W 35th St, New York, NY 10001, United States","http://www.kasplacement.com/","+1 212-348-7670","https://www.google.com/maps/place/KAS+Placement/data=!4m7!3m6!1s0x89c258bba9fdad27:0xf27847a244ae64a1!8m2!3d40.7514486!4d-73.9891093!16s%2Fg%2F1jkvvd1dz!19sChIJJ639qbtYwokRoWSuRKJHePI?authuser=0&hl=en&rclk=1"
"The Cutting Edge Elite, Inc","4.4","19","Employment agency","","http://www.ceestaffing.com/","+1 212-706-2290","https://www.google.com/maps/place/The+Cutting+Edge+Elite,+Inc/data=!4m7!3m6!1s0x89c259acf081c83d:0x7e9eba423d06bc9e!8m2!3d33.537791!4d-96.0754425!16s%2Fg%2F1hc18bf93!19sChIJPciB8KxZwokRnrwGPUK6nn4?authuser=0&hl=en&rclk=1"
"Core Staffing Services Inc","3.6","23","Employment agency","463 7th Ave #1800, New York, NY 10018, United States","http://www.employcore.com/","+1 212-766-1222","https://www.google.com/maps/place/Core+Staffing+Services+Inc/data=!4m7!3m6!1s0x89c2590199c0667d:0x1adf98c859481630!8m2!3d40.7517621!4d-73.9898149!16s%2Fg%2F1tf2yqcb!19sChIJfWbAmQFZwokRMBZIWciY3xo?authuser=0&hl=en&rclk=1"
"","","","","9616 101st Ave, Queens, NY 11416, United States","http://www.generalworkforce.com/","+1 718-674-6829","https://www.google.com/maps/place/General+Workforce+Inc./data=!4m7!3m6!1s0x89c25de1f752de25:0xaa976a69f871d941!8m2!3d40.6846138!4d-73.8443681!16s%2Fg%2F11fn6z2hzm!19sChIJJd5S9-FdwokRQdlx-Glql6o?authuser=0&hl=en&rclk=1"
"Global Hospitality & Staffing Service Agency","5.0","24","Employment agency","155 Valley Rd, Clifton, NJ 07013, United States","http://globalhospitalitystaffingservice.com/","+1 973-684-5122","https://www.google.com/maps/place/Global+Hospitality+%26+Staffing+Service+Agency/data=!4m7!3m6!1s0x89c2fe7cf9904519:0xd95f342735c113dc!8m2!3d40.8930408!4d-74.1746222!16s%2Fg%2F11cs6bcs7k!19sChIJGUWQ-Xz-wokR3BPBNSc0X9k?authuser=0&hl=en&rclk=1"
"Matrix Model Staffing","4.3","16","Modeling agency","37 Wall St Suite 14T, New York, NY 10005, United States","https://www.matrixprostaffing.com/","+1 866-359-4681","https://www.google.com/maps/place/Matrix+Model+Staffing/data=!4m7!3m6!1s0x89c25a16ee3010d3:0xaaf7e4e9822644bf!8m2!3d40.70655!4d-74.0101357!16s%2Fg%2F1tgd7fwh!19sChIJ0xAw7hZawokRv0Qmgunk96o?authuser=0&hl=en&rclk=1"
"Way To Go Staffing","4.7","83","Caterer","725 Broadway, Bayonne, NJ 07002, United States","http://waytogostaffing.com/","+1 551-233-9642","https://www.google.com/maps/place/Way+To+Go+Staffing/data=!4m7!3m6!1s0x89c25201e0dd410d:0x31c6b5becf421ce9!8m2!3d40.6699929!4d-74.1125665!16s%2Fg%2F11c431x8qc!19sChIJDUHd4AFSwokR6RxCz761xjE?authuser=0&hl=en&rclk=1"
"PrideStaff","4.6","146","Employment agency","1121 Walt Whitman Rd Suite 202, Melville, NY 11747, United States","https://www.pridestaff.com/melville","+1 631-752-7777","https://www.google.com/maps/place/PrideStaff/data=!4m7!3m6!1s0x89e82a4ead897a93:0x186269ab4a9de75!8m2!3d40.7925288!4d-73.4171923!16s%2Fg%2F1td4w99_!19sChIJk3qJrU4q6IkRdd6ptJomhgE?authuser=0&hl=en&rclk=1"
"Prime Staffing","3.3","98","Employment agency","450 7th Ave, New York, NY 10123, United States","http://www.primestaffingnyc.com/","+1 212-629-7200","https://www.google.com/maps/place/Prime+Staffing/data=!4m7!3m6!1s0x89c259ac774d53cd:0xf094eba3047d3980!8m2!3d40.7524595!4d-73.9861695!16s%2Fg%2F1v3kjfd6!19sChIJzVNNd6xZwokRgDl9BKPrlPA?authuser=0&hl=en&rclk=1"
"Catering and Party Staffing Corp","5.0","10","Party equipment rental service","","http://fiestawaiters.com/","+1 718-280-9905","https://www.google.com/maps/place/Catering+and+Party+Staffing+Corp/data=!4m7!3m6!1s0x89c26448166c5ddb:0x23f6e271b825634b!8m2!3d40.662107!4d-73.7049464!16s%2Fg%2F11cnbw6wdy!19sChIJ211sFkhkwokRS2MluHHi9iM?authuser=0&hl=en&rclk=1"
"Beacon Hill Staffing Group","4.0","104","Employment agency","104 W 40th St 8th Floor, Manhattan, NY 10018, United States","http://www.beaconhillstaffing.com/","+1 212-986-3000","https://www.google.com/maps/place/Beacon+Hill+Staffing+Group/data=!4m7!3m6!1s0x89c2590209d6421b:0x3cced20285dd677c!8m2!3d40.7535269!4d-73.9857827!16s%2Fg%2F1ptx91qs_!19sChIJG0LWCQJZwokRfGfdhQLSzjw?authuser=0&hl=en&rclk=1"
"Broadway Staffing","2.8","29","Employment agency","225 W 34th St. #1404, New York, NY 10122, United States","http://broadwaystaffing.org/","+1 212-687-0305","https://www.google.com/maps/place/Broadway+Staffing/data=!4m7!3m6!1s0x89c259a9b3117469:0x3b09cd6e7da2dc79!8m2!3d40.748384!4d-73.9854792!16s%2Fg%2F1tf7hl8y!19sChIJaXQRs6lZwokRedyifW7NCTs?authuser=0&hl=en&rclk=1"
"","","","","175 E 91st St, New York, NY 10128, United States","http://amstaffing.biz/","+1 914-262-8590","https://www.google.com/maps/place/Abigail+Madison+Nanny+And+Household+Staffing,+Inc./data=!4m7!3m6!1s0x89c258a4f3a15555:0x8b21e516c3e850f2!8m2!3d40.7823786!4d-73.9519402!16s%2Fg%2F11h3vc3w_4!19sChIJVVWh86RYwokR8lDowxblIYs?authuser=0&hl=en&rclk=1"
"New York Legal Staffing, Inc.","3.9","35","Employment agency","45 Rockefeller Plaza 20th Floor, New York, NY 10111, United States","https://www.nbocellistaffing.com/","+1 212-644-8181","https://www.google.com/maps/place/New+York+Legal+Staffing,+Inc./data=!4m7!3m6!1s0x89c258fc318e3e95:0x7a820c6ff57c54f9!8m2!3d40.7592115!4d-73.9780807!16s%2Fg%2F1tgx2ylk!19sChIJlT6OMfxYwokR-VR89W8Mgno?authuser=0&hl=en&rclk=1"
"Tandym Group - New York, NY","3.6","143","Employment agency","675 3rd Ave 5th floor, New York, NY 10017, United States","http://tandymgroup.com/","+1 212-922-1001","https://www.google.com/maps/place/Tandym+Group+-+New+York,+NY/data=!4m7!3m6!1s0x89c2590307c5176f:0x6a762697d7d15713!8m2!3d40.7509006!4d-73.9739109!16s%2Fg%2F1tfqgqjf!19sChIJbxfFBwNZwokRE1fR15cmdmo?authuser=0&hl=en&rclk=1"
"Talent Crown Inc","3.7","27","Employment agency","1180 6th Ave 8th Floor, New York, NY 10036, United States","https://www.talentnynj.com/","","https://www.google.com/maps/place/Talent+Crown+Inc/data=!4m7!3m6!1s0x89c259abb7eb69e1:0xb56dd787d9c8e2e2!8m2!3d40.7574701!4d-73.9817449!16s%2Fg%2F11cs4g0rb4!19sChIJ4Wnrt6tZwokR4uLI2YfXbbU?authuser=0&hl=en&rclk=1"
"CitiStaffing","3.6","65","Employment agency","260 Madison Ave 8th floor, New York, NY 10016, United States","http://citistaffing.com/index.php/","+1 212-661-5300","https://www.google.com/maps/place/CitiStaffing/data=!4m7!3m6!1s0x89c25901baf30e11:0xcb82257a3ac42814!8m2!3d40.7507316!4d-73.9812482!16s%2Fg%2F1tdgqrbb!19sChIJEQ7zugFZwokRFCjEOnolgss?authuser=0&hl=en&rclk=1"
"Child Care Staffing Inc","4.6","15","Employment agency","2310 65th St, Brooklyn, NY 11204, United States","","+1 718-530-9440","https://www.google.com/maps/place/Child+Care+Staffing+Inc/data=!4m7!3m6!1s0x89c244ef5fe65b8d:0x2bf326cabf1e2109!8m2!3d40.6122565!4d-73.9792839!16s%2Fg%2F11b_2tzwwl!19sChIJjVvmX-9EwokRCSEev8om8ys?authuser=0&hl=en&rclk=1"
"AMERISTAR STAFFING INC.","4.1","7","Employment agency","10702 R, Jamaica Ave, Richmond Hill, NY 11418, United States","http://www.ameristarstaffingny.com/","+1 347-829-3890","https://www.google.com/maps/place/AMERISTAR+STAFFING+INC./data=!4m7!3m6!1s0x89c2675535aaebf3:0xdb0e26a733971496!8m2!3d40.695059!4d-73.8418631!16s%2Fg%2F11s0z9bc85!19sChIJ8-uqNVVnwokRlhSXM6cmDts?authuser=0&hl=en&rclk=1"
"The Quest Organization","4.9","30","Recruiter","530 7th Ave Suite 606, New York, NY 10018, United States","http://www.questorg.com/","+1 212-971-0033","https://www.google.com/maps/place/The+Quest+Organization/data=!4m7!3m6!1s0x89c259ae62779285:0xe4da29a8fe0b2966!8m2!3d40.7540229!4d-73.9887559!16s%2Fg%2F1tfpw5jn!19sChIJhZJ3Yq5ZwokRZikL_qgp2uQ?authuser=0&hl=en&rclk=1"
"Event Staffing Inc","5.0","15","Party equipment rental service","","http://fiestawaiters.com/","+1 347-218-9445","https://www.google.com/maps/place/Event+Staffing+Inc/data=!4m7!3m6!1s0x89c2645202177d4f:0x847c1cc01316bc53!8m2!3d40.754757!4d-73.601734!16s%2Fg%2F11cp1nmz1l!19sChIJT30XAlJkwokRU7wWE8AcfIQ?authuser=0&hl=en&rclk=1"
"Lloyd Staffing","4.8","134","Employment agency","445 Broadhollow Rd #119, Melville, NY 11747, United States","http://www.lloydstaffing.com/","+1 631-777-7600","https://www.google.com/maps/place/Lloyd+Staffing/data=!4m7!3m6!1s0x89e82a34f3f57edf:0x549b1a7b92a1639e!8m2!3d40.7751957!4d-73.4198446!16s%2Fg%2F1tgdv52g!19sChIJ33718zQq6IkRnmOhknsam1Q?authuser=0&hl=en&rclk=1"
"","","","","4808 Bergenline Ave Suite 502, Union City, NJ 07087, United States","https://www.expresspros.com/unioncitynj/","+1 201-758-7960","https://www.google.com/maps/place/Express+Employment+Professionals/data=!4m7!3m6!1s0x89c259461d113d51:0x2a89ea45c8703ebc!8m2!3d40.7818847!4d-74.0212385!16s%2Fg%2F11fhvshr0g!19sChIJUT0RHUZZwokRvD5wyEXqiSo?authuser=0&hl=en&rclk=1"
"All Team Staffing","2.1","7","Temp agency","781 W Merrick Rd, Valley Stream, NY 11580, United States","http://www.allteamstaffing.com/locations/nyc-queens/","+1 516-837-0777","https://www.google.com/maps/place/All+Team+Staffing/data=!4m7!3m6!1s0x89c264735348d27d:0x964efeebf4b34480!8m2!3d40.6734677!4d-73.7244693!16s%2Fg%2F1hf2l6d7c!19sChIJfdJIU3NkwokRgESz9Ov-TpY?authuser=0&hl=en&rclk=1"
"Baron Staffing LLC.","4.4","27","Employment agency","1275 Bloomfield Ave Bldg 26 Ste 145R, Fairfield, NJ 07004, United States","http://baronstaffing.com/","+1 973-396-0308","https://www.google.com/maps/place/Baron+Staffing+LLC./data=!4m7!3m6!1s0x4066087e320a8643:0x7edb3b68ff64649e!8m2!3d40.8603768!4d-74.3174462!16s%2Fg%2F11b77dhqrz!19sChIJQ4YKMn4IZkARnmRk_2g7234?authuser=0&hl=en&rclk=1"
"Express Employment Professionals","4.1","80","Employment agency","363 US-46 Bldg 1, Ste 240, Fairfield, NJ 07004, United States","http://expresspros.com/fairfieldnj","+1 973-808-2000","https://www.google.com/maps/place/Express+Employment+Professionals/data=!4m7!3m6!1s0x89c300d996625b1d:0xa05c27ddeebd101c!8m2!3d40.8815484!4d-74.2937624!16s%2Fg%2F1thpxs2l!19sChIJHVtiltkAw4kRHBC97t0nXKA?authuser=0&hl=en&rclk=1"
"Nontraditional Employment for Women","3.9","35","Employment agency","243 W 20th St, New York, NY 10011, United States","https://www.new-nyc.org/","+1 212-627-6252","https://www.google.com/maps/place/Nontraditional+Employment+for+Women/data=!4m7!3m6!1s0x89c259bb8e74a8c1:0xcdbf53fbd6ea74a6!8m2!3d40.7431504!4d-73.9987302!16s%2Fg%2F1tctmqbr!19sChIJwah0jrtZwokRpnTq1vtTv80?authuser=0&hl=en&rclk=1"
"HumanHire","4.8","82","Employment agency","555 Broadhollow Rd, Melville, NY 11747, United States","http://www.humanhirellc.com/","+1 516-303-7700","https://www.google.com/maps/place/HumanHire/data=!4m7!3m6!1s0x89e82b4fa0ad2917:0xfc83a815d46263b2!8m2!3d40.7634578!4d-73.4225166!16s%2Fg%2F11j1g7y_p1!19sChIJFymtoE8r6IkRsmNi1BWog_w?authuser=0&hl=en&rclk=1"
"Match One Staffing","1.8","4","Employment agency","205-07 Hillside Ave. #26, Hollis, NY 11423, United States","https://www.matchonestaffing.com/","+1 718-217-1666","https://www.google.com/maps/place/Match+One+Staffing/data=!4m7!3m6!1s0x89c261771c296f9b:0xdb8c0248f8c23cc!8m2!3d40.7211628!4d-73.7603821!16s%2Fg%2F1td54bwn!19sChIJm28pHHdhwokRzCOMjyTAuA0?authuser=0&hl=en&rclk=1"
"Lisa Employment Agency","3.1","103","Employment agency","247 W 35th St, New York, NY 10001, United States","","+1 212-563-0822","https://www.google.com/maps/place/Lisa+Employment+Agency/data=!4m7!3m6!1s0x89c259ac35435f71:0x165c2fa5384b73e5!8m2!3d40.7525824!4d-73.9917939!16s%2Fg%2F1tdd1lyx!19sChIJcV9DNaxZwokR5XNLOKUvXBY?authuser=0&hl=en&rclk=1"
"United Staffing Solutions","3.6","158","Employment agency","1385 Broadway, New York, NY 10018, United States","http://www.unitedstaffingsolutions.net/","+1 800-972-9725","https://www.google.com/maps/place/United+Staffing+Solutions/data=!4m7!3m6!1s0x89c25a17489ccc47:0x1d787fef1a62f5dc!8m2!3d40.7528266!4d-73.98777!16s%2Fg%2F1hm65gfv0!19sChIJR8ycSBdawokR3PViGu9_eB0?authuser=0&hl=en&rclk=1"
"NRGUSA","4.6","46","Recruiter","68 S Service Rd STE 100, Melville, NY 11747, United States","https://www.nrgusa.com/","+1 516-396-9600","https://www.google.com/maps/place/NRGUSA/data=!4m7!3m6!1s0x89e82a17b0e52fe1:0xfaf1ad647e55fcc2!8m2!3d40.7837715!4d-73.4437103!16s%2Fg%2F11ckqrc01y!19sChIJ4S_lsBcq6IkRwvxVfmSt8fo?authuser=0&hl=en&rclk=1"
"Brickforce Staffing - WNY","3.4","29","Temp agency","6036 Bergenline Ave, West New York, NJ 07093, United States","http://www.brickforce.com/","+1 201-453-1600","https://www.google.com/maps/place/Brickforce+Staffing+-+WNY/data=!4m7!3m6!1s0x89c2580fd3c536cd:0x618edefbaa4638fc!8m2!3d40.7896647!4d-74.0154379!16s%2Fg%2F1tfm7kms!19sChIJzTbF0w9YwokR_DhGqvvejmE?authuser=0&hl=en&rclk=1"
"Cure Staffing Inc.","3.0","2","Employment agency","","http://www.curestaffing.com/","+1 646-315-3932","https://www.google.com/maps/place/Cure+Staffing+Inc./data=!4m7!3m6!1s0x89c28a8e6ea6cf79:0xd5c75a7fbb9f1e7!8m2!3d41.902259!4d-75.7700406!16s%2Fg%2F11d_xgqr6x!19sChIJec-mbo6KwokR5_G5-6d1XA0?authuser=0&hl=en&rclk=1"
"Bequest Staffing Solutions","5.0","2","Employment agency","","http://www.bequeststaffingsolutions.com/","+1 888-237-8371","https://www.google.com/maps/place/Bequest+Staffing+Solutions/data=!4m7!3m6!1s0x244ead9688bff61f:0x9fd6ffe611819cdf!8m2!3d40.754757!4d-73.601734!16s%2Fg%2F11t28dq2zf!19sChIJH_a_iJatTiQR35yBEeb_1p8?authuser=0&hl=en&rclk=1"
"Winston Staffing Services","3.7","184","Employment agency","122 E 42nd St #3, New York, NY 10168, United States","http://www.winstonresources.com/","+1 212-687-7890","https://www.google.com/maps/place/Winston+Staffing+Services/data=!4m7!3m6!1s0x89c25903ce155677:0x55536fab4ff92f93!8m2!3d40.7512462!4d-73.9766155!16s%2Fg%2F1tdbxp2p!19sChIJd1YVzgNZwokRky_5T6tvU1U?authuser=0&hl=en&rclk=1"
"Access Staffing","2.7","83","Employment agency","360 Lexington Ave 8th floor, New York, NY 10017, United States","http://www.accessstaffing.com/","+1 212-687-5440","https://www.google.com/maps/place/Access+Staffing/data=!4m7!3m6!1s0x89c25903e0aa6f87:0x35612bd57f7a88dc!8m2!3d40.750356!4d-73.977032!16s%2Fg%2F1v_s6syv!19sChIJh2-q4ANZwokR3Ih6f9UrYTU?authuser=0&hl=en&rclk=1"
"Forthright Staffing","4.4","7","Temp agency","434 W 33rd St, New York, NY 10001, United States","http://forthrightstaffing.com/","+1 646-857-9183","https://www.google.com/maps/place/Forthright+Staffing/data=!4m7!3m6!1s0x89c26293db155ff9:0xf29d799d85c6c3fe!8m2!3d40.7531368!4d-73.9982831!16s%2Fg%2F11bbx00ch8!19sChIJ-V8V25NiwokR_sPGhZ15nfI?authuser=0&hl=en&rclk=1"
"Active Staffing Services - New York, NY","3.2","191","Employment agency","is, 134 W 29th St # 903, New York, NY 10001, United States","http://www.activestaffing.com/","+1 212-244-6444","https://www.google.com/maps/place/Active+Staffing+Services+-+New+York,+NY/data=!4m7!3m6!1s0x89c259a919707dc5:0x83179eb2dc31d1bc!8m2!3d40.7471233!4d-73.9917767!16s%2Fg%2F1trxfm4r!19sChIJxX1wGalZwokRvNEx3LKeF4M?authuser=0&hl=en&rclk=1"
"Horizon Staffing Solutions","4.0","38","Temp agency","20 Jerusalem Ave, Hicksville, NY 11801, United States","https://www.horizonstaffingsolutions.com/","+1 516-719-4080","https://www.google.com/maps/place/Horizon+Staffing+Solutions/data=!4m7!3m6!1s0x89c280e295038f31:0x842d051fb7757ec8!8m2!3d40.7669043!4d-73.5255588!16s%2Fg%2F126235j93!19sChIJMY8DleKAwokRyH51tx8FLYQ?authuser=0&hl=en&rclk=1"
"Aerotek","4.3","142","Employment agency","290 Broadhollow Rd #310e, Melville, NY 11747, United States","https://www.aerotek.com/en/locations/united-states/new-york/melville?ecid=ls_aero_bizlist_091222_seo7123124","+1 631-760-3150","https://www.google.com/maps/place/Aerotek/data=!4m7!3m6!1s0x89e82bc827ae2ae5:0xdba961620a9465b1!8m2!3d40.7837174!4d-73.4186004!16s%2Fg%2F1tlmpc1d!19sChIJ5SquJ8gr6IkRsWWUCmJhqds?authuser=0&hl=en&rclk=1"
"Alma Employment Agency Corporation","2.8","60","Employment agency","614 8th Ave, New York, NY 10018, United States","","+1 212-278-8227","https://www.google.com/maps/place/Alma+Employment+Agency+Corporation/data=!4m7!3m6!1s0x89c259accee63b0b:0xf80c382e89401aff!8m2!3d40.7556428!4d-73.9905955!16s%2Fg%2F1tcv_bb5!19sChIJCzvmzqxZwokR_xpAiS44DPg?authuser=0&hl=en&rclk=1"
"Arrow Search Partners LLC","4.9","184","Employment agency","530 5th Ave, New York, NY 10036, United States","https://www.arrowsearchpartners.com/contact-us/","+1 646-992-8362","https://www.google.com/maps/place/Arrow+Search+Partners+LLC/data=!4m7!3m6!1s0x89c259ab29055555:0x696b8664f7291851!8m2!3d40.7552112!4d-73.9801333!16s%2Fg%2F11ghr15gsv!19sChIJVVUFKatZwokRURgp92SGa2k?authuser=0&hl=en&rclk=1"
"R & G Staffing","1.7","3","Employment agency","3677 White Plains Rd, Bronx, NY 10467, United States","","+1 347-346-4090","https://www.google.com/maps/place/R+%26+G+Staffing/data=!4m7!3m6!1s0x89c2f33e0777e4b7:0xd8ed9b182b0c5a67!8m2!3d40.88133!4d-73.8647174!16s%2Fg%2F1tgmx6c2!19sChIJt-R3Bz7zwokRZ1oMKxib7dg?authuser=0&hl=en&rclk=1"
"T-Work Staffing Solution Inc.","4.9","75","Employment agency","2000 Brentwood Rd, Brentwood, NY 11717, United States","http://tempwork247.com/","+1 631-201-1000","https://www.google.com/maps/place/T-Work+Staffing+Solution+Inc./data=!4m7!3m6!1s0x89e8315110c89273:0xcd40fe6fab181827!8m2!3d40.7794477!4d-73.2464408!16s%2Fg%2F11j22xz2x2!19sChIJc5LIEFEx6IkRJxgYq2_-QM0?authuser=0&hl=en&rclk=1"
"Frances Stewart Agency","4.5","37","Employment agency","1220 Lexington Ave # 2B, New York, NY 10028, United States","http://francesstewartagency.com/baby_care_agency.php","+1 212-439-9222","https://www.google.com/maps/place/Frances+Stewart+Agency/data=!4m7!3m6!1s0x89c258bdc78cb40f:0x9b378e0957f49f42!8m2!3d40.777363!4d-73.9573829!16s%2Fg%2F1tgxjzks!19sChIJD7SMx71YwokRQp_0VwmON5s?authuser=0&hl=en&rclk=1"
"Star Staffing Group","3.4","18","Employment agency","211 E 43rd St #2001, New York, NY 10017, United States","https://www.starhg.com/","+1 212-661-6148","https://www.google.com/maps/place/Star+Staffing+Group/data=!4m7!3m6!1s0x89c259031fb98cd7:0xdc4b6525d30bcda3!8m2!3d40.7513031!4d-73.9729686!16s%2Fg%2F1tfwqwvr!19sChIJ14y5HwNZwokRo80L0yVlS9w?authuser=0&hl=en&rclk=1"
"All Staffing Warehousing","4.1","22","Employment agency","311 Raritan Ave, Highland Park, NJ 08904, United States","https://www.facebook.com/NJASW/","+1 732-442-2255","https://www.google.com/maps/place/All+Staffing+Warehousing/data=!4m7!3m6!1s0x89c3c63539c90001:0x2b8b5e501f7e0b70!8m2!3d40.4994667!4d-74.4274303!16s%2Fg%2F11hy9p21vn!19sChIJAQDJOTXGw4kRcAt-H1Beiys?authuser=0&hl=en&rclk=1"
"Aerotek","4.2","200","Employment agency","2147 NJ-27 #300, Edison, NJ 08817, United States","https://www.aerotek.com/en/locations/united-states/new-jersey/edison?ecid=ls_aero_bizlist_091222_seo7123061","+1 732-447-1579","https://www.google.com/maps/place/Aerotek/data=!4m7!3m6!1s0x89c3c760f9d2afb3:0x640623e988b8de52!8m2!3d40.5291552!4d-74.3847422!16s%2Fg%2F1tm2bmch!19sChIJs6_S-WDHw4kRUt64iOkjBmQ?authuser=0&hl=en&rclk=1"
"Payless Staffing and Consultants, Inc.","5.0","1","Employment agency","207 27th Ave, Astoria, NY 11102, United States","https://www.paylessstaffingandconsultants.com/healthcare-staffing-contact-us","+1 347-771-2075","https://www.google.com/maps/place/Payless+Staffing+and+Consultants,+Inc./data=!4m7!3m6!1s0x89c25f4cd9c99dc5:0xc7b23b92024c5fae!8m2!3d40.7754698!4d-73.9350611!16s%2Fg%2F11f63yjgsg!19sChIJxZ3J2UxfwokRrl9MApI7ssc?authuser=0&hl=en&rclk=1"
"Winston Staffing Services Llc","4.8","17","Employment agency","301 NJ-17 Main Lobby, Rutherford, NJ 07070, United States","http://winstonresources.com/","+1 201-460-9200","https://www.google.com/maps/place/Winston+Staffing+Services+Llc/data=!4m7!3m6!1s0x89c2f8a1bd168eb1:0x9c6ff881e5691b3b!8m2!3d40.8178338!4d-74.1012785!16s%2Fg%2F1tgqkbx4!19sChIJsY4WvaH4wokROxtp5YH4b5w?authuser=0&hl=en&rclk=1"
"Mission Staffing","3.4","34","Employment agency","370 Lexington Ave, New York, NY 10017, United States","http://www.missionstaffing.com/","+1 212-758-5211","https://www.google.com/maps/place/Mission+Staffing/data=!4m7!3m6!1s0x89c25a17d554b039:0x5a2983c6a002bf5a!8m2!3d40.7506677!4d-73.9770804!16s%2Fg%2F1td5s5s0!19sChIJObBU1RdawokRWr8CoMaDKVo?authuser=0&hl=en&rclk=1"
"","","","","","https://www.tempstaffingandsearch.com/","+1 212-856-9500","https://www.google.com/maps/place/Temporary+Staffing+%2B+Search+LLC/data=!4m7!3m6!1s0x89c2590045cfd5dd:0x3404b9429a3905fb!8m2!3d46.423669!4d-129.9427086!16s%2Fg%2F1tdkn40h!19sChIJ3dXPRQBZwokR-wU5mkK5BDQ?authuser=0&hl=en&rclk=1"
"United Employment Agency","4.3","8","Employment agency","506 55th St, West New York, NJ 07093, United States","http://unitedemploymentagency.com/","+1 201-863-7900","https://www.google.com/maps/place/United+Employment+Agency/data=!4m7!3m6!1s0x89c2581a13cf1b6b:0x563745bf441fa6d!8m2!3d40.7859466!4d-74.0191339!16s%2Fg%2F1tjdh31z!19sChIJaxvPExpYwokRbfpB9Ft0YwU?authuser=0&hl=en&rclk=1"
"Bond Health Staffing","4.0","8","Employment agency","5824 12th Ave, Brooklyn, NY 11219, United States","http://bondhealthstaffing.com/","+1 718-302-0040","https://www.google.com/maps/place/Bond+Health+Staffing/data=!4m7!3m6!1s0x89c24530d22bffc1:0x1446d49460a2e364!8m2!3d40.6309596!4d-74.0002881!16s%2Fg%2F11h3vbxccq!19sChIJwf8r0jBFwokRZOOiYJTURhQ?authuser=0&hl=en&rclk=1"
"Empressive Staffing Agency","","","Employment agency","","","+1 516-858-9186","https://www.google.com/maps/place/Empressive+Staffing+Agency/data=!4m7!3m6!1s0xfc628ea7e6a3bf7:0x3805b51c36dbcaa1!8m2!3d40.651018!4d-73.871192!16s%2Fg%2F11sxwzz8sv!19sChIJ9ztqfuooxg8RocrbNhy1BTg?authuser=0&hl=en&rclk=1"
"Axion Staffing","4.3","8","Employment agency","1430 Broadway #7, New York, NY 10018, United States","https://www.axionllc.com/","+1 212-972-1111","https://www.google.com/maps/place/Axion+Staffing/data=!4m7!3m6!1s0x89c259ab16d03e21:0xb73edcd07f6bfa19!8m2!3d40.7539128!4d-73.9864173!16s%2Fg%2F1tkc7lk7!19sChIJIT7QFqtZwokRGfprf9DcPrc?authuser=0&hl=en&rclk=1"
"T&T Staffing Solutions","4.9","61","Translator","10 Banta Pl Suite # 115, Hackensack, NJ 07601, United States","http://ttsscorp.com/","+1 201-917-6299","https://www.google.com/maps/place/T%26T+Staffing+Solutions/data=!4m7!3m6!1s0x89c2fb8c5e307fc9:0xd574e25f1c1de5f!8m2!3d40.8852414!4d-74.0428873!16s%2Fg%2F11lm6jp2vr!19sChIJyX8wXoz7wokRX97B8SVOVw0?authuser=0&hl=en&rclk=1"
"C2 Staffing Solutions, Inc.","3.0","2","Employment agency","757 3rd Ave 20th floor, New York, NY 10017, United States","http://www.c2staffingsolutions.com/","+1 212-320-0200","https://www.google.com/maps/place/C2+Staffing+Solutions,+Inc./data=!4m7!3m6!1s0x89c25903dbb1ad4b:0x5e02371b3bddb513!8m2!3d40.7539115!4d-73.971662!16s%2Fg%2F11b6gl1mcr!19sChIJS62x2wNZwokRE7XdOxs3Al4?authuser=0&hl=en&rclk=1"
"on target staffing","2.8","6","Temp agency","Sherman Ave, New York, NY 10034, United States","","+1 212-544-2211","https://www.google.com/maps/place/on+target+staffing/data=!4m7!3m6!1s0x89c2f5df607924b5:0xbab6eaa63c279956!8m2!3d40.8643666!4d-73.9237512!16s%2Fg%2F11hzfl5xmg!19sChIJtSR5YN_1wokRVpknPKbqtro?authuser=0&hl=en&rclk=1"
"RCM Health Care Services","3.6","77","Employment agency","333 7th Ave #18, New York, NY 10001, United States","https://rcmhealthcare.com/","+1 877-611-5027","https://www.google.com/maps/place/RCM+Health+Care+Services/data=!4m7!3m6!1s0x89c259ace01f6307:0xa4806ecdb578e4c6!8m2!3d40.747437!4d-73.992864!16s%2Fg%2F1thss96t!19sChIJB2Mf4KxZwokRxuR4tc1ugKQ?authuser=0&hl=en&rclk=1"
"A1 Staffing","4.3","8","Employment agency","1015 Paulison Ave, Clifton, NJ 07011, United States","http://a1staffingnj.com/","+1 973-250-6412","https://www.google.com/maps/place/A1+Staffing/data=!4m7!3m6!1s0x89c2ff10c6218447:0x6baff505387e5bf3!8m2!3d40.8746286!4d-74.1579035!16s%2Fg%2F11py7149xs!19sChIJR4QhxhD_wokR81t-OAX1r2s?authuser=0&hl=en&rclk=1"
"The Nonprofit Staffing Solution","5.0","4","Employment agency","118-21 Queens Blvd Suite 505, Queens, NY 11375, United States","https://www.nonprofitstaffingsolution.com/","+1 718-960-7060","https://www.google.com/maps/place/The+Nonprofit+Staffing+Solution/data=!4m7!3m6!1s0x89c2616e62f6cdb7:0xac5502a6d9ea7b8a!8m2!3d40.7150909!4d-73.831523!16s%2Fg%2F11scs01qp6!19sChIJt832Ym5hwokRinvq2aYCVaw?authuser=0&hl=en&rclk=1"
"All Team Staffing","3.4","15","Employment agency","109 W 38th St Suite 900, New York, NY 10018, United States","https://apply.allteamstaffing.com/","+1 646-205-7622","https://www.google.com/maps/place/All+Team+Staffing/data=!4m7!3m6!1s0x89c25854aad29db5:0x610babbc6b52c4d7!8m2!3d40.7527077!4d-73.9863856!16s%2Fg%2F11h1f5bh0!19sChIJtZ3SqlRYwokR18RSa7yrC2E?authuser=0&hl=en&rclk=1"
"Clinical Staffing Resources","2.9","15","Employment agency","420 Broadway, Brooklyn, NY 11211, United States","http://www.clinicalstaffingresources.com/","+1 718-669-7373","https://www.google.com/maps/place/Clinical+Staffing+Resources/data=!4m7!3m6!1s0x89c25be3fec32011:0xae97ee3c6bdab4bb!8m2!3d40.7066767!4d-73.9534166!16s%2Fg%2F12qgx2gjf!19sChIJESDD_uNbwokRu7Taazzul64?authuser=0&hl=en&rclk=1"
"Parker + Lynch","4.9","67","Employment agency","150 Motor Pkwy Ste. 413, Hauppauge, NY 11788, United States","https://www.parkerlynch.com/locations/long-island-new-york-staffing-agencies/?utm_source=google&utm_medium=listing&utm_content=170&utm_campaign=NY&utm_keyword=Hauppauge","+1 631-273-8552","https://www.google.com/maps/place/Parker+%2B+Lynch/data=!4m7!3m6!1s0x89e831ccac5764e3:0x4bd4e986b503bf51!8m2!3d40.8073184!4d-73.2594362!16s%2Fg%2F1ptx3yk6n!19sChIJ42RXrMwx6IkRUb8DtYbp1Es?authuser=0&hl=en&rclk=1"
"ApTask","2.8","65","Temp agency","120 S Wood Ave, Iselin, NJ 08830, United States","http://www.aptask.com/","+1 732-355-8000","https://www.google.com/maps/place/ApTask/data=!4m7!3m6!1s0x89c3b667532db7fd:0xa48c4cfccf8bc5aa!8m2!3d40.561965!4d-74.3258777!16s%2Fg%2F1tjfhsww!19sChIJ_bctU2e2w4kRqsWLz_xMjKQ?authuser=0&hl=en&rclk=1"
"Affinity Medical Staffing","","","Employment agency","3 Grace Ave, Great Neck, NY 11021, United States","http://www.affinitymedstaff.com/healthcare-staffing-about-us","+1 516-307-0964","https://www.google.com/maps/place/Affinity+Medical+Staffing/data=!4m7!3m6!1s0x89c28999e85ab363:0xc6bb8d3a38950a42!8m2!3d40.7883968!4d-73.72854!16s%2Fg%2F11fx7w2ww6!19sChIJY7Na6JmJwokRQgqVODqNu8Y?authuser=0&hl=en&rclk=1"
"Philippians Staffing Services, Inc.","","","Employment agency","10-91 Jackson Ave, Long Island City, NY 11101, United States","","+1 718-752-9833","https://www.google.com/maps/place/Philippians+Staffing+Services,+Inc./data=!4m7!3m6!1s0x89c25924f6747191:0x2e5e1cc96657e6b2!8m2!3d40.7432182!4d-73.9518254!16s%2Fg%2F1pv5tr52c!19sChIJkXF09iRZwokRsuZXZskcXi4?authuser=0&hl=en&rclk=1"
"Sovereign Staffing Solutions","","","Employment agency","","http://www.sovereignstaffingsolutions.com/","+1 718-489-1752","https://www.google.com/maps/place/Sovereign+Staffing+Solutions/data=!4m7!3m6!1s0x89c2699918dff101:0x4d80f2c34a3e396!8m2!3d46.423669!4d-129.9427086!16s%2Fg%2F11ll2vb8lr!19sChIJAfHfGJlpwokRluOjNCwP2AQ?authuser=0&hl=en&rclk=1"
"Bequest Staffing Solutions","","","Employment agency","","http://www.bequeststaffingsolutions.com/","+1 888-237-8371","https://www.google.com/maps/place/Bequest+Staffing+Solutions/data=!4m7!3m6!1s0x2b0113cd397755a3:0x9c8b2cb9bbe4c78a!8m2!3d40.073132!4d-74.4934305!16s%2Fg%2F11t28dl2t8!19sChIJo1V3Oc0TASsRisfku7ksi5w?authuser=0&hl=en&rclk=1"
"Horizon Healthcare Staffing","3.9","45","Employment agency","20 Jerusalem Ave, Hicksville, NY 11801, United States","https://www.hhstaff.com/","+1 516-326-2020","https://www.google.com/maps/place/Horizon+Healthcare+Staffing/data=!4m7!3m6!1s0x89c280e2eaabfaad:0x22af24828b3f4b43!8m2!3d40.7669008!4d-73.5255665!16s%2Fg%2F11b6dq9s3c!19sChIJrfqr6uKAwokRQ0s_i4IkryI?authuser=0&hl=en&rclk=1"
"","","","","","https://www.ikdelino.com/","+1 315-314-9828","https://www.google.com/maps/place/IkDelino+Healthcare+Staffing+Agency/data=!4m7!3m6!1s0x89c2f3434fc604b3:0x626cdd2ed5e2c1ef!8m2!3d41.9850606!4d-76.2082183!16s%2Fg%2F11k8q13dhd!19sChIJswTGT0PzwokR78Hi1S7dbGI?authuser=0&hl=en&rclk=1"
"Randstad Operational Talent","3.8","145","Temp agency","300 Broadhollow Road Suite 102W-1, 102W 2, 125W, Melville, NY 11747, United States","https://www.randstadusa.com/locations/melville_new-york/randstad-operational-talent-melville_177/?utm_source=google&utm_medium=local&utm_content=website&utm_campaign=google-business-pages&utm_term=melville","+1 631-547-4748","https://www.google.com/maps/place/Randstad+Operational+Talent/data=!4m7!3m6!1s0x89e82a2d53031587:0x94d502b926082d3d!8m2!3d40.7837146!4d-73.418809!16s%2Fg%2F1hc2v34cs!19sChIJhxUDUy0q6IkRPS0IJrkC1ZQ?authuser=0&hl=en&rclk=1"
"Mint Staffing Solutions","","","Temp agency","","https://mintstaffing.agency/","+1 929-647-9703","https://www.google.com/maps/place/Mint+Staffing+Solutions/data=!4m7!3m6!1s0x6c64512cce5dba7:0x29be724fcc1793b0!8m2!3d40.9219696!4d-73.8411824!16s%2Fg%2F11sc72hbyq!19sChIJp9vlzBJFxgYRsJMXzE9yvik?authuser=0&hl=en&rclk=1"
"Tropical Stars Hospitality Staffing","3.2","12","Temp agency","147 W 35th St, New York, NY 10001, United States","http://www.tropicalstarsusa.com/","+1 347-425-9048","https://www.google.com/maps/place/Tropical+Stars+Hospitality+Staffing/data=!4m7!3m6!1s0x89c25b6823839a47:0xde425f26a173650a!8m2!3d40.7514486!4d-73.9891093!16s%2Fg%2F11c2pql9hl!19sChIJR5qDI2hbwokRCmVzoSZfQt4?authuser=0&hl=en&rclk=1"
"","","","","80 Maiden Ln, New York, NY 10038, United States","https://www.exp-staffing.com/","+1 646-216-8619","https://www.google.com/maps/place/Expedient+Staffing+Solutions/data=!4m7!3m6!1s0x89c25b56a9ed9171:0x13388d34042a8be7!8m2!3d40.7071534!4d-74.0077411!16s%2Fg%2F11t3v6m3fx!19sChIJcZHtqVZbwokR54sqBDSNOBM?authuser=0&hl=en&rclk=1"
"Creative Financial Staffing","2.8","9","Employment agency","488 Madison Ave Suite 1703, New York, NY 10022, United States","http://www.cfstaffing.com/","+1 646-661-2226","https://www.google.com/maps/place/Creative+Financial+Staffing/data=!4m7!3m6!1s0x89c259aae3becced:0x9bcb0c188a81717f!8m2!3d40.7588534!4d-73.9750778!16s%2Fg%2F1vd3wqjq!19sChIJ7cy-46pZwokRf3GBihgMy5s?authuser=0&hl=en&rclk=1"
"Active Staffing Services - Jersey City","3.5","135","Employment agency","912 Bergenline Ave, Union City, NJ 07087, United States","http://www.activestaffing.com/","+1 201-876-8888","https://www.google.com/maps/place/Active+Staffing+Services+-+Jersey+City/data=!4m7!3m6!1s0x89c257327f6e2ee3:0x430350e3dc31af59!8m2!3d40.7581537!4d-74.038481!16s%2Fg%2F1tjdmnjy!19sChIJ4y5ufzJXwokRWa8x3ONQA0M?authuser=0&hl=en&rclk=1"