Name,Rating,Reviews,Category,Address,Website,Phone,Url
"Just in time refrigeration","5.0","32","Commercial refrigeration","202 Whittier Dr, Mastic Beach, NY 11951, United States","","+1 631-875-9431","https://www.google.com/maps/place/Just+in+time+refrigeration/data=!4m7!3m6!1s0x89e8508fc315e087:0x1dfc595db3a15ef9!8m2!3d40.7726869!4d-72.8405678!16s%2Fg%2F11hbs9m8h3!19sChIJh-AVw49Q6IkR-V6hs11Z_B0?authuser=0&hl=en&rclk=1"
"Long Island and Westchester Refrigeration","4.9","149","Refrigerator repair service","","http://www.longislandrefrigeration.com/","+1 888-418-5666","https://www.google.com/maps/place/Long+Island+and+Westchester+Refrigeration/data=!4m7!3m6!1s0x89e8479f81e52de9:0xa596a72b546aa357!8m2!3d40.9435225!4d-72.8803876!16s%2Fg%2F11frnmxlfb!19sChIJ6S3lgZ9H6IkRV6NqVCunlqU?authuser=0&hl=en&rclk=1"
"Fleet Appliance Repair","4.3","407","Appliance repair service","","https://fleetappliance.com/","+1 631-286-7899","https://www.google.com/maps/place/Fleet+Appliance+Repair/data=!4m7!3m6!1s0x89e849218de153c3:0x47ff2a5feef06a99!8m2!3d40.922326!4d-72.690666!16s%2Fg%2F12lljzxnm!19sChIJw1PhjSFJ6IkRmWrw7l8q_0c?authuser=0&hl=en&rclk=1"
"Mr. Appliance of Long Island","4.3","140","Appliance repair service","","https://www.mrappliance.com/long-island/?cid=LSTL_MRA-US000194&utm_source=gmb&utm_campaign=local&utm_medium=organic","+1 631-792-6310","https://www.google.com/maps/place/Mr.+Appliance+of+Long+Island/data=!4m7!3m6!1s0x89e849bc53f5957b:0x657c453aadce5a85!8m2!3d40.7778249!4d-73.1870044!16s%2Fg%2F1tkc7qh1!19sChIJe5X1U7xJ6IkRhVrOrTpFfGU?authuser=0&hl=en&rclk=1"
"Blue Vision Appliance Repair","4.6","98","Appliance repair service","","http://www.bluevisionappliance.com/","+1 631-365-0789","https://www.google.com/maps/place/Blue+Vision+Appliance+Repair/data=!4m7!3m6!1s0x89e831a0ae637541:0x6385996743de80eb!8m2!3d40.9000905!4d-72.9170605!16s%2Fg%2F11hdjgylbf!19sChIJQXVjrqAx6IkR64DeQ2eZhWM?authuser=0&hl=en&rclk=1"
"Eddies Appliance Repair","4.9","210","Appliance repair service","1785 Express Dr S N, Hauppauge, NY 11788, United States","https://eddieshomeappliancerepairs.com/","+1 631-431-0849","https://www.google.com/maps/place/Eddies+Appliance+Repair/data=!4m7!3m6!1s0x89e831cfe4bbcc5b:0x7580c0d83a30c89!8m2!3d40.8067971!4d-73.2306017!16s%2Fg%2F11h24wrhyh!19sChIJW8y75M8x6IkRiQyjgw0MWAc?authuser=0&hl=en&rclk=1"
"JIC Appliance Care LLC","5.0","106","Appliance repair service","1347 Lincoln Ave, Holbrook, NY 11741, United States","http://jicappliances.com/","+1 631-204-8111","https://www.google.com/maps/place/JIC+Appliance+Care+LLC/data=!4m7!3m6!1s0x4cf323e30137bca5:0x21548c1974c63a79!8m2!3d40.7838236!4d-73.0833813!16s%2Fg%2F11tk1k3by1!19sChIJpbw3AeMj80wReTrGdBmMVCE?authuser=0&hl=en&rclk=1"
"D&L Installations Inc.","4.6","11","Appliance repair service","230 Knickerbocker Ave # A, Bohemia, NY 11716, United States","http://www.dlfix.com/","+1 631-567-0077","https://www.google.com/maps/place/D%26L+Installations+Inc./data=!4m7!3m6!1s0x89e83629fdea7569:0x10ba2af3cd756859!8m2!3d40.77672!4d-73.0883345!16s%2Fg%2F11c5strh4l!19sChIJaXXq_Sk26IkRWWh1zfMquhA?authuser=0&hl=en&rclk=1"
"all in repair","5.0","27","Appliance repair service","199 Jayne Blvd, Port Jefferson Station, NY 11776, United States","","+1 631-877-7331","https://www.google.com/maps/place/all+in+repair/data=!4m7!3m6!1s0x89e841cf56dffa0b:0x311390f06ee133f!8m2!3d40.9176057!4d-73.0477453!16s%2Fg%2F11rklwk7t8!19sChIJC_rfVs9B6IkRPxPuBg85EQM?authuser=0&hl=en&rclk=1"
"Long Island Home Maintenance","5.0","90","Handyman/Handywoman/Handyperson","3755 Veterans Memorial Hwy #1021, Bohemia, NY 11716, United States","https://www.longislandhomemaintenance.com/","+1 631-855-5272","https://www.google.com/maps/place/Long+Island+Home+Maintenance/data=!4m7!3m6!1s0x89e83721c6f9371f:0x8f87e0ef0d76330f!8m2!3d40.7859536!4d-73.1139997!16s%2Fg%2F11f72z_d2y!19sChIJHzf5xiE36IkRDzN2De_gh48?authuser=0&hl=en&rclk=1"
"Amaro Appliance Service","4.9","49","Small appliance repair service","","http://www.amaroapplianceservice.com/","+1 631-486-0782","https://www.google.com/maps/place/Amaro+Appliance+Service/data=!4m7!3m6!1s0x89e83ac512ab7a81:0xfdb1aa95d8cb1f9b!8m2!3d40.7862634!4d-73.2675578!16s%2Fg%2F1q5gqqswn!19sChIJgXqrEsU66IkRmx_L2JWqsf0?authuser=0&hl=en&rclk=1"
"Long Island Home Maintenance","5.0","37","Handyman/Handywoman/Handyperson","9 Rustic Gate Ln #6135, Dix Hills, NY 11746, United States","https://www.longislandhomemaintenance.com/","+1 631-855-5272","https://www.google.com/maps/place/Long+Island+Home+Maintenance/data=!4m7!3m6!1s0x89e82f3db6b0e105:0xde1b8e7f10ac7c51!8m2!3d40.7870195!4d-73.3594529!16s%2Fg%2F11f5vbwckd!19sChIJBeGwtj0v6IkRUXysEH-OG94?authuser=0&hl=en&rclk=1"
"Island Appliance Repair","4.3","37","Appliance repair service","2289 Motor Pkwy, Ronkonkoma, NY 11779, United States","","+1 631-588-4217","https://www.google.com/maps/place/Island+Appliance+Repair/data=!4m7!3m6!1s0x89e8376fb491494b:0xdb4e2fb92963ac0e!8m2!3d40.8180467!4d-73.1485182!16s%2Fg%2F1tf36_85!19sChIJS0mRtG836IkRDqxjKbkvTts?authuser=0&hl=en&rclk=1"
"East Appliance Repair Inc.","5.0","24","Appliance repair service","","http://eastappliance.com/","+1 631-263-1961","https://www.google.com/maps/place/East+Appliance+Repair+Inc./data=!4m7!3m6!1s0x89e83710a884be8f:0xdd601af7733cbbd4!8m2!3d40.857432!4d-72.7458275!16s%2Fg%2F11jh0d6brd!19sChIJj76EqBA36IkR1Ls8c_caYN0?authuser=0&hl=en&rclk=1"
"Richie's L I Appliance Home Service Center Inc","4.8","31","Appliance repair service","","https://www.richiesappliance.com/","+1 516-939-2649","https://www.google.com/maps/place/Richie%27s+L+I+Appliance+Home+Service+Center+Inc/data=!4m7!3m6!1s0x89c28136dba1034d:0xb05e78668c1f3f12!8m2!3d40.754757!4d-73.601734!16s%2Fg%2F11j8fkstjc!19sChIJTQOh2zaBwokREj8fjGZ4XrA?authuser=0&hl=en&rclk=1"
"HomeServe of Long Island","4.6","966","HVAC contractor","500 Bi County Blvd Suite 401, Farmingdale, NY 11735, United States","https://www.homeserve.com/","+1 800-691-7002","https://www.google.com/maps/place/HomeServe+of+Long+Island/data=!4m7!3m6!1s0x89e82adc8461e4a3:0x532c9b7926d41311!8m2!3d40.7294885!4d-73.4275054!16s%2Fg%2F11gd1_7fl9!19sChIJo-RhhNwq6IkRERPUJnmbLFM?authuser=0&hl=en&rclk=1"
"Williston Repair Group","3.9","607","Appliance repair service","","http://willistontv.com/","+1 718-224-7777","https://www.google.com/maps/place/Williston+Repair+Group/data=!4m7!3m6!1s0x89e82b020b4cc587:0x1c4224c6dfb77280!8m2!3d41.285546!4d-72.434382!16s%2Fg%2F1tc_xn20!19sChIJh8VMCwIr6IkRgHK338YkQhw?authuser=0&hl=en&rclk=1"
"Universe Home Services","4.8","4,471","Furnace repair service","3782 Merrick Rd, Seaford, NY 11783, United States","https://www.universehomeservices.com/?utm_source=google&utm_medium=organic&utm_campaign=GMB%20Listing","+1 516-494-0490","https://www.google.com/maps/place/Universe+Home+Services/data=!4m7!3m6!1s0x89c27f1573a44d9d:0x85efe9c408911f1!8m2!3d40.6653655!4d-73.4911165!16s%2Fg%2F1tdn50c5!19sChIJnU2kcxV_wokR8RGJQJz-Xgg?authuser=0&hl=en&rclk=1"
"Island Wide Appliance","4.7","244","Appliance repair service","321 W Main St, Patchogue, NY 11772, United States","http://islandwideappliance.com/","+1 631-224-9229","https://www.google.com/maps/place/Island+Wide+Appliance/data=!4m7!3m6!1s0x89e8491a6433ed27:0x12506a9dea53284!8m2!3d40.7637017!4d-73.0252344!16s%2Fg%2F1tdh4xh0!19sChIJJ-0zZBpJ6IkRhDKl3qkGJQE?authuser=0&hl=en&rclk=1"
"SQServicers","4.9","96","Appliance repair service","654D Wellwood Ave, Lindenhurst, NY 11757, United States","https://sqservicers.com/","+1 631-500-0280","https://www.google.com/maps/place/SQServicers/data=!4m7!3m6!1s0x89e9d529fb4b7641:0xbe46950e6aa1abf2!8m2!3d40.7026861!4d-73.383862!16s%2Fg%2F11qmc3vtqz!19sChIJQXZL-ynV6YkR8quhag6VRr4?authuser=0&hl=en&rclk=1"
"American Service","4.8","380","Appliance repair service","7 Richard St, Hicksville, NY 11801, United States","https://www.americanservice.co/","+1 516-997-5599","https://www.google.com/maps/place/American+Service/data=!4m7!3m6!1s0x89c280fc2c61b069:0x706bb17fc8c173e7!8m2!3d40.7647854!4d-73.5185885!16s%2Fg%2F1tr7k9q3!19sChIJabBhLPyAwokR53PByH-xa3A?authuser=0&hl=en&rclk=1"
"Commercial Refrigeration Repair Pros","3.7","12","Refrigerator repair service","445 Broadhollow Rd #25, Melville, NY 11747, United States","http://commercialrefrigerationrepairlongisland.com/","+1 631-496-2399","https://www.google.com/maps/place/Commercial+Refrigeration+Repair+Pros/data=!4m7!3m6!1s0x89e82a34e6a16431:0x85871502abb6f7da!8m2!3d40.7751942!4d-73.4198417!16s%2Fg%2F11c0xdqqyb!19sChIJMWSh5jQq6IkR2ve2qwIVh4U?authuser=0&hl=en&rclk=1"
"Sears Appliance Repair","4.8","31","Appliance repair service","5151 Sunrise Hwy, Bohemia, NY 11716, United States","https://www.searshomeservices.com/locations/appliance-repair/ny-bohemia/5151-sunrise-highway?utm_source=GMBlisting&utm_medium=organic&utm_campaign=GMBinhomerepair","+1 631-699-5165","https://www.google.com/maps/place/Sears+Appliance+Repair/data=!4m7!3m6!1s0x89e8372917ed00f1:0xf826ed0afddd43!8m2!3d40.7641522!4d-73.0945731!16s%2Fg%2F11l349f65w!19sChIJ8QDtFyk36IkRQ939Cu0m-AA?authuser=0&hl=en&rclk=1"
"All Island HVAC Repair Inc.","5.0","56","HVAC contractor","","https://allislandhvacrepair.com/","+1 631-992-2619","https://www.google.com/maps/place/All+Island+HVAC+Repair+Inc./data=!4m7!3m6!1s0x89e82f7e66aeae5f:0x27a8e7547b47328!8m2!3d40.8144484!4d-73.309111!16s%2Fg%2F11ft_6b8yh!19sChIJX66uZn4v6IkRKHO0R3WOegI?authuser=0&hl=en&rclk=1"
"Tech24","3.7","19","Appliance repair service","110 Mahan St, West Babylon, NY 11704, United States","https://www.mytech24.com/","+1 631-920-6180","https://www.google.com/maps/place/Tech24/data=!4m7!3m6!1s0x89e82b7b9fed75b7:0xd5bf2ddce03988a4!8m2!3d40.7391301!4d-73.3779179!16s%2Fg%2F1v0lltp2!19sChIJt3Xtn3sr6IkRpIg54Nwtv9U?authuser=0&hl=en&rclk=1"
"ALL Seasons Air Conditioning","4.8","211","Heating contractor","40 Field St, West Babylon, NY 11704, United States","https://seasonsair.com/?utm_campaign=gmb","+1 631-694-1616","https://www.google.com/maps/place/ALL+Seasons+Air+Conditioning/data=!4m7!3m6!1s0x89e82b696859fd83:0xcdd20f8e38358589!8m2!3d40.731752!4d-73.3876777!16s%2Fg%2F1w666f_f!19sChIJg_1ZaGkr6IkRiYU1OI4P0s0?authuser=0&hl=en&rclk=1"
"Ideal Services Enterprise","5.0","16","Appliance repair service","","","+1 631-464-7610","https://www.google.com/maps/place/Ideal+Services+Enterprise/data=!4m7!3m6!1s0x89e833d8c8c40001:0x431471513ecfcd58!8m2!3d40.7809838!4d-73.2524495!16s%2Fg%2F11fnypdbdn!19sChIJAQDEyNgz6IkRWM3PPlFxFEM?authuser=0&hl=en&rclk=1"
"Repair Master","4.6","20","Appliance repair service","","https://www.repairmasterinc.com/","+1 718-886-1132","https://www.google.com/maps/place/Repair+Master/data=!4m7!3m6!1s0x89c27b9980699e95:0xa435490f203ad139!8m2!3d40.6974881!4d-73.979681!16s%2Fg%2F1tptrjs2!19sChIJlZ5pgJl7wokROdE6IA9JNaQ?authuser=0&hl=en&rclk=1"
"L&JJ Appliance Repair Services Corp","5.0","8","Appliance repair service","","https://appliancerepairkingsparkny.com/","+1 934-214-3424","https://www.google.com/maps/place/L%26JJ+Appliance+Repair+Services+Corp/data=!4m7!3m6!1s0x2b16faa3eb61c631:0x8dcea14333946a52!8m2!3d40.868587!4d-73.2417544!16s%2Fg%2F11vhfvg65y!19sChIJMcZh66P6FisRUmqUM0Ohzo0?authuser=0&hl=en&rclk=1"
"J S Appliance","4.3","34","Appliance repair service","595 Rte 25A, Miller Place, NY 11764, United States","http://www.jsappliance.net/","+1 631-336-2676","https://www.google.com/maps/place/J+S+Appliance/data=!4m7!3m6!1s0x89e8423d57e98dc7:0x5e8577286953301f!8m2!3d40.9432507!4d-72.9795233!16s%2Fg%2F1tf6hp67!19sChIJx43pVz1C6IkRHzBTaSh3hV4?authuser=0&hl=en&rclk=1"
"GK Mechanical inc","5.0","14","Restaurant supply store","921-8 Lincoln Ave, Holbrook, NY 11741, United States","http://gkrestrepairs.com/?utm_source=gmb&utm_medium=referral","+1 631-739-8599","https://www.google.com/maps/place/GK+Mechanical+inc/data=!4m7!3m6!1s0x89e84793b29d019d:0x17e9fdac569d3960!8m2!3d40.7729566!4d-73.0819451!16s%2Fg%2F11gk8vk8y0!19sChIJnQGdspNH6IkRYDmdVqz96Rc?authuser=0&hl=en&rclk=1"
"Hart Home Comfort","4.7","817","HVAC contractor","","https://www.harthomecomfort.com/oakdale/","+1 631-667-3200","https://www.google.com/maps/place/Hart+Home+Comfort/data=!4m7!3m6!1s0x89e835d3e362e397:0x70c4b6be3238a722!8m2!3d40.7394015!4d-73.5770349!16s%2Fg%2F1tj344_m!19sChIJl-Ni49M16IkRIqc4Mr62xHA?authuser=0&hl=en&rclk=1"
"CleanCut Heat and Ac Repair","4.8","57","Air conditioning contractor","","http://cleancuthvac.com/","+1 631-800-2022","https://www.google.com/maps/place/CleanCut+Heat+and+Ac+Repair/data=!4m7!3m6!1s0x89e85aa2e63a094b:0x58400d047088a672!8m2!3d40.856393!4d-72.8954004!16s%2Fg%2F11ddzr4ql2!19sChIJSwk65qJa6IkRcqaIcAQNQFg?authuser=0&hl=en&rclk=1"
"Red Apple Appliance Repair","4.6","9","Appliance repair service","164 Sunflower Ln, Islandia, NY 11749, United States","http://redappleappliancerepair.com/long-island","+1 631-402-9345","https://www.google.com/maps/place/Red+Apple+Appliance+Repair/data=!4m7!3m6!1s0x89e837b8c018fd19:0xe644a6b8517f2656!8m2!3d40.8076621!4d-73.1739911!16s%2Fg%2F11jmw7rnht!19sChIJGf0YwLg36IkRViZ_UbimROY?authuser=0&hl=en&rclk=1"
"Turnpike Appliance","3.8","72","Small appliance repair service","809 Middle Country Rd, St James, NY 11780, United States","http://www.totalapplianceservice.com/","+1 631-499-3355","https://www.google.com/maps/place/Turnpike+Appliance/data=!4m7!3m6!1s0x89e82f92c74e0a69:0x87be0219933f0e71!8m2!3d40.8618582!4d-73.1475424!16s%2Fg%2F1thctchz!19sChIJaQpOx5Iv6IkRcQ4_kxkCvoc?authuser=0&hl=en&rclk=1"
"All Appliance Repair","4.2","53","Appliance repair service","60 Doris Ave, Northport, NY 11768, United States","","+1 631-261-6086","https://www.google.com/maps/place/All+Appliance+Repair/data=!4m7!3m6!1s0x89e825b268c7d1ab:0x48e0bcd192fb0c62!8m2!3d40.9081337!4d-73.3303125!16s%2Fg%2F1tdzs51c!19sChIJq9HHaLIl6IkRYgz7ktG84Eg?authuser=0&hl=en&rclk=1"
"Laser Appliance Service","5.0","10","Appliance repair service","Old Post Rd, Setauket- East Setauket, NY 11733, United States","http://laserapplianceservice.com/","+1 631-220-0413","https://www.google.com/maps/place/Laser+Appliance+Service/data=!4m7!3m6!1s0x89e8407e3bb6f917:0xca9aca5bffacecfc!8m2!3d40.9392307!4d-73.0836845!16s%2Fg%2F1th7nybx!19sChIJF_m2O35A6IkR_Oys_1vKmso?authuser=0&hl=en&rclk=1"
"Pete's Appliance Service","4.5","24","Appliance repair service","18 Crocus Ct, West Babylon, NY 11704, United States","http://petesapplianceservice.com/","+1 516-221-1454","https://www.google.com/maps/place/Pete%27s+Appliance+Service/data=!4m7!3m6!1s0x89e9d339cb9f6919:0xa1929156b2ea1018!8m2!3d40.6912663!4d-73.344135!16s%2Fg%2F1vl9sjjx!19sChIJGWmfyznT6YkRGBDqslaRkqE?authuser=0&hl=en&rclk=1"
"Accurate Mechanical Works","4.9","73","HVAC contractor","50 Wyandanch Ave, Wyandanch, NY 11798, United States","http://www.accuratemechanicalworks.com/","+1 631-884-0968","https://www.google.com/maps/place/Accurate+Mechanical+Works/data=!4m7!3m6!1s0x89e82c86c283c1ad:0x47edd69126d41f33!8m2!3d40.741216!4d-73.363529!16s%2Fg%2F1tftgbql!19sChIJrcGDwoYs6IkRMx_UJpHW7Uc?authuser=0&hl=en&rclk=1"
"All-Tech Service","3.5","40","Plumber","791 Middle Country Rd, Selden, NY 11784, United States","","+1 631-698-7298","https://www.google.com/maps/place/All-Tech+Service/data=!4m7!3m6!1s0x89e8471d801be169:0xb670ef4b2a871a77!8m2!3d40.8658181!4d-73.0405513!16s%2Fg%2F1tdr96wj!19sChIJaeEbgB1H6IkRdxqHKkvvcLY?authuser=0&hl=en&rclk=1"
"Yas Hvac Corporation","4.9","52","HVAC contractor","10 Lawrence Ave # 1, Smithtown, NY 11787, United States","http://www.yashvac.com/","+1 631-656-3313","https://www.google.com/maps/place/Yas+Hvac+Corporation/data=!4m7!3m6!1s0x89e83a182ad6249d:0x258e8cb0392c3dc1!8m2!3d40.8546857!4d-73.1936887!16s%2Fg%2F11b7q1f4xc!19sChIJnSTWKhg66IkRwT0sObCMjiU?authuser=0&hl=en&rclk=1"
"Raynor Appliance Service","5.0","5","Appliance repair service","2 Maple Glen Ln, Nesconset, NY 11767, United States","https://www.raynorappliancesmithtown.com/","+1 631-721-4335","https://www.google.com/maps/place/Raynor+Appliance+Service/data=!4m7!3m6!1s0x89e839e7c47f7177:0xb58fc42b4f3d04fb!8m2!3d40.8413894!4d-73.1604105!16s%2Fg%2F11y2cl4gf2!19sChIJd3F_xOc56IkR-wQ9TyvEj7U?authuser=0&hl=en&rclk=1"
"Varsity Home Service","4.8","921","Plumber","1610 Ocean Ave, Bohemia, NY 11716, United States","http://www.varsityhomeservice.com/","+1 631-305-2227","https://www.google.com/maps/place/Varsity+Home+Service/data=!4m7!3m6!1s0x89e8364d749275b7:0x17c29a55da15ed18!8m2!3d40.7850412!4d-73.1216338!16s%2Fg%2F1tdlj9_c!19sChIJt3WSdE026IkRGO0V2lWawhc?authuser=0&hl=en&rclk=1"
"Appliances Direct 24/7 Appliances Repair Services Sales Delivery & Installation","4.7","21","Appliance store","1082 Hempstead Turnpike, Franklin Square, NY 11010, United States","","+1 516-743-5427","https://www.google.com/maps/place/Appliances+Direct+24%2F7+Appliances+Repair+Services+Sales+Delivery+%26+Installation/data=!4m7!3m6!1s0x89c263bbd9a3c723:0x2ab87cfb38ea471f!8m2!3d40.7081561!4d-73.6802746!16s%2Fg%2F11h8j6nyhp!19sChIJI8ej2btjwokRH0fqOPt8uCo?authuser=0&hl=en&rclk=1"
"Turnpike Appliance/Vacuum Depot","4.1","43","Appliance store","1253 Sunrise Hwy, Bay Shore, NY 11706, United States","http://www.turnpikeappliance.net/","+1 631-665-8311","https://www.google.com/maps/place/Turnpike+Appliance%2FVacuum+Depot/data=!4m7!3m6!1s0x89e832632564db65:0xb26c19225a30d1a6!8m2!3d40.7331603!4d-73.2640887!16s%2Fg%2F1w2y_gxs!19sChIJZdtkJWMy6IkRptEwWiIZbLI?authuser=0&hl=en&rclk=1"
"North Shore Appliance","4.6","18","Appliance repair service","","https://northshoresappliancerepair.com/","+1 516-248-5900","https://www.google.com/maps/place/North+Shore+Appliance/data=!4m7!3m6!1s0x89c281293bc3ae09:0x437f00749f8b21f9!8m2!3d40.7644269!4d-73.5252394!16s%2Fg%2F11fs_zmc3b!19sChIJCa7DOymBwokR-SGLn3QAf0M?authuser=0&hl=en&rclk=1"
"Gold Coast Home Comfort","4.8","130","HVAC contractor","50 Bethpage Rd, Hicksville, NY 11801, United States","http://www.goldcoastcomfort.com/","+1 516-433-0918","https://www.google.com/maps/place/Gold+Coast+Home+Comfort/data=!4m7!3m6!1s0x89c286d409e8f2d9:0x32cec7f6e6e83beb!8m2!3d40.7738247!4d-73.5198084!16s%2Fg%2F11dym4lv1_!19sChIJ2fLoCdSGwokR6zvo5vbHzjI?authuser=0&hl=en&rclk=1"
"HVAC CREW NYC","5.0","39","Heating contractor","","https://www.hvaccrewnyc.com/","+1 516-834-4017","https://www.google.com/maps/place/HVAC+CREW+NYC/data=!4m7!3m6!1s0x89e83770042e83c3:0xbce9983266c5ecee!8m2!3d40.922326!4d-72.637448!16s%2Fg%2F11h650lw5c!19sChIJw4MuBHA36IkR7uzFZjKY6bw?authuser=0&hl=en&rclk=1"
"Shore Thing Appliance","5.0","7","Appliance repair service","","https://www.shorethingappliance.com/","+1 631-268-4061","https://www.google.com/maps/place/Shore+Thing+Appliance/data=!4m7!3m6!1s0x2adbd4758d12e823:0xc6e51042a9698586!8m2!3d40.922326!4d-72.637448!16s%2Fg%2F11lcmrt455!19sChIJI-gSjXXU2yoRhoVpqUIQ5cY?authuser=0&hl=en&rclk=1"
"IAC-Indoor Air Care Professionals","5.0","123","Air duct cleaning service","140 Gary Way Suite B, Ronkonkoma, NY 11779, United States","http://iacpros.com/","+1 631-451-7500","https://www.google.com/maps/place/IAC-Indoor+Air+Care+Professionals/data=!4m7!3m6!1s0x89e84679215df301:0x6108dff8603725bb!8m2!3d40.7949681!4d-73.1243111!16s%2Fg%2F1thd7qch!19sChIJAfNdIXlG6IkRuyU3YPjfCGE?authuser=0&hl=en&rclk=1"
"Speedy Appliance Service","3.6","95","Appliance repair service","","http://www.speedyapplianceservice.com/","+1 516-679-5073","https://www.google.com/maps/place/Speedy+Appliance+Service/data=!4m7!3m6!1s0x89c2792cac6292af:0xb3dd400c672e9080!8m2!3d40.9000905!4d-72.9098014!16s%2Fg%2F1hc7zkx69!19sChIJr5JirCx5wokRgJAuZwxA3bM?authuser=0&hl=en&rclk=1"
"Blue Vision Appliance Repair","4.3","16","Appliance repair service","108 Mockingbird Ln, Brentwood, NY 11717, United States","https://bluevisionappliancerepair.xyz/","+1 315-905-0839","https://www.google.com/maps/place/Blue+Vision+Appliance+Repair/data=!4m7!3m6!1s0x89e8317f2da15555:0x9f03c08f7d0de7bf!8m2!3d40.768224!4d-73.2270294!16s%2Fg%2F11rxhzshmp!19sChIJVVWhLX8x6IkRv-cNfY_AA58?authuser=0&hl=en&rclk=1"
"United Refrigeration Inc","4.9","13","Wholesaler","2127 Lakeland Ave, Ronkonkoma, NY 11779, United States","http://www.uri.com/","+1 631-285-6665","https://www.google.com/maps/place/United+Refrigeration+Inc/data=!4m7!3m6!1s0x89e837badd7b74cd:0x60b625e53145dadc!8m2!3d40.7990074!4d-73.1215057!16s%2Fg%2F1tykwf6m!19sChIJzXR73bo36IkR3NpFMeUltmA?authuser=0&hl=en&rclk=1"
"Suffolk Refrigerator Service","3.0","2","Refrigerator repair service","59 Beatrice Ave, West Islip, NY 11795, United States","http://suffolkrefrigeratorservice.com/","+1 631-842-7933","https://www.google.com/maps/place/Suffolk+Refrigerator+Service/data=!4m7!3m6!1s0x89e82d43269856c9:0x7c198e9dbddad22e!8m2!3d40.7301122!4d-73.2889058!16s%2Fg%2F11j24nrv2r!19sChIJyVaYJkMt6IkRLtLavZ2OGXw?authuser=0&hl=en&rclk=1"
"All Service Heating and Conditioning Inc.","3.9","48","Air conditioning contractor","2975 Sunrise Hwy, Islip Terrace, NY 11752, United States","http://www.allserviceli.com/","+1 631-254-4328","https://www.google.com/maps/place/All+Service+Heating+and+Conditioning+Inc./data=!4m7!3m6!1s0x89e8313bffffffff:0xcdf5c0b3d903424f!8m2!3d40.7448068!4d-73.1846742!16s%2Fg%2F1thqbx4w!19sChIJ_____zsx6IkRT0ID2bPA9c0?authuser=0&hl=en&rclk=1"
"Airmax Long Island Inc","4.6","46","Air conditioning contractor","720 Koehler Ave, Ronkonkoma, NY 11779, United States","http://www.airmaxli.com/","+1 631-737-5566","https://www.google.com/maps/place/Airmax+Long+Island+Inc/data=!4m7!3m6!1s0x89e8364d33503219:0x18a84efa01a39770!8m2!3d40.7886147!4d-73.1194056!16s%2Fg%2F1tgvfnt8!19sChIJGTJQM0026IkRcJejAfpOqBg?authuser=0&hl=en&rclk=1"
"MSD Heating & Cooling, Inc","5.0","34","HVAC contractor","3 Champlin Ave, East Islip, NY 11730, United States","http://www.msdheatingcooling.com/","+1 631-813-6909","https://www.google.com/maps/place/MSD+Heating+%26+Cooling,+Inc/data=!4m7!3m6!1s0x89e844365c6e92fb:0x42c96f4875876b2a!8m2!3d40.7331452!4d-73.1835721!16s%2Fg%2F11btt8477m!19sChIJ-5JuXDZE6IkRKmuHdUhvyUI?authuser=0&hl=en&rclk=1"
"Cool Power LLC","4.9","303","HVAC contractor","75 Air Park Dr, Ronkonkoma, NY 11779, United States","https://www.coolpowerac.com/","+1 631-600-7994","https://www.google.com/maps/place/Cool+Power+LLC/data=!4m7!3m6!1s0x89e830ff99b791f3:0xfc2de39a2e2f38d1!8m2!3d40.7844028!4d-73.0937312!16s%2Fg%2F1v4k7k21!19sChIJ85G3mf8w6IkR0TgvLprjLfw?authuser=0&hl=en&rclk=1"
"All Island Pro Roofing And Chimney Long Island","4.8","75","Roofing contractor","1546 Ocean Ave, Bohemia, NY 11716, United States","https://www.allislandpro.com/","+1 631-874-6100","https://www.google.com/maps/place/All+Island+Pro+Roofing+And+Chimney+Long+Island/data=!4m7!3m6!1s0x89e8364dda963c3d:0xa98a3b4cf52210ee!8m2!3d40.7823546!4d-73.1215086!16s%2Fg%2F11cjk585ch!19sChIJPTyW2k026IkR7hAi9Uw7iqk?authuser=0&hl=en&rclk=1"
"Brentwood Appliance Repair","4.6","5","Appliance repair service","1850 Brentwood Rd Suite 101, Brentwood, NY 11717, United States","https://www.brentwoodapplianceco.com/","+1 631-301-2191","https://www.google.com/maps/place/Brentwood+Appliance+Repair/data=!4m7!3m6!1s0x89e8315d668b830f:0xd7bfcc3dd3067b7!8m2!3d40.7789394!4d-73.2465116!16s%2Fg%2F11fkn2r20w!19sChIJD4OLZl0x6IkRt2cw3cP8ew0?authuser=0&hl=en&rclk=1"
"Value Service & Repair Corporation","3.2","9","Appliance repair service","86 Broadway, Freeport, NY 11520, United States","","+1 516-735-2020","https://www.google.com/maps/place/Value+Service+%26+Repair+Corporation/data=!4m7!3m6!1s0x89c27bf97075708b:0x80c26db1dd93800e!8m2!3d40.6590703!4d-73.5806699!16s%2Fg%2F1260s4wmw!19sChIJi3B1cPl7wokRDoCT3bFtwoA?authuser=0&hl=en&rclk=1"
"One Hour Heating & Air Conditioning® of Suffolk County","4.5","198","HVAC contractor","","https://www.onehourheatandair.com/suffolk-county","+1 631-779-4056","https://www.google.com/maps/place/One+Hour+Heating+%26+Air+Conditioning%C2%AE+of+Suffolk+County/data=!4m7!3m6!1s0x89c27ad4814591b1:0xdcd7791c25ad8ed3!8m2!3d40.8109993!4d-73.1389736!16s%2Fg%2F1pp2tz8km!19sChIJsZFFgdR6wokR046tJRx519w?authuser=0&hl=en&rclk=1"
"J. A. Appliances service & care","5.0","1","Appliance repair service","","","+1 631-487-4194","https://www.google.com/maps/place/J.+A.+Appliances+service+%26+care/data=!4m7!3m6!1s0x89e836b53c11bc05:0xb00c115d583b1fdd!8m2!3d40.915446!4d-72.7788421!16s%2Fg%2F11fz7vxdbb!19sChIJBbwRPLU26IkR3R87WF0RDLA?authuser=0&hl=en&rclk=1"
"NY Boiler & Air Conditioning Repair","4.6","505","Air conditioning contractor","997 Merrick Rd, Baldwin, NY 11510, United States","https://www.newyorkboilerrepair.com/?utm_source=gmb&utm_medium=organic","+1 516-377-5200","https://www.google.com/maps/place/NY+Boiler+%26+Air+Conditioning+Repair/data=!4m7!3m6!1s0x89c259a66b4e947d:0x76c84cd894999430!8m2!3d40.6514072!4d-73.6053952!16s%2Fg%2F12hm_gnln!19sChIJfZROa6ZZwokRMJSZlNhMyHY?authuser=0&hl=en&rclk=1"
"P.C. Richard & Son","4.8","2,198","Appliance store","545 Sunrise Hwy, Patchogue, NY 11772, United States","https://www.pcrichard.com/stores/new-york/suffolk/patchogue.html?utm_source=Google-My-Business&utm_medium=organic&utm_campaign=Google-My-Business","+1 631-654-0500","https://www.google.com/maps/place/P.C.+Richard+%26+Son/data=!4m7!3m6!1s0x89e848ffeb3df8d1:0x9e90556ea1315e19!8m2!3d40.7756978!4d-73.0398859!16s%2Fg%2F1xgrnznb!19sChIJ0fg96_9I6IkRGV4xoW5VkJ4?authuser=0&hl=en&rclk=1"
"Stan Gelber & Sons, Inc. Heating and Cooling","4.6","185","HVAC contractor","1079 Front St, Uniondale, NY 11553, United States","https://gelber-sons.com/","+1 516-538-0040","https://www.google.com/maps/place/Stan+Gelber+%26+Sons,+Inc.+Heating+and+Cooling/data=!4m7!3m6!1s0x89c27dba3f38deef:0xc2bedd1207d8e414!8m2!3d40.709991!4d-73.590227!16s%2Fg%2F1tgptjvr!19sChIJ7944P7p9wokRFOTYBxLdvsI?authuser=0&hl=en&rclk=1"
"Island Appliance Repair","5.0","5","Appliance repair service","286 Cherokee St, Ronkonkoma, NY 11779, United States","","+1 631-588-4217","https://www.google.com/maps/place/Island+Appliance+Repair/data=!4m7!3m6!1s0x89e83121864c9d85:0xab502e254fc90b70!8m2!3d40.8202715!4d-73.1354043!16s%2Fg%2F1thf9lkj!19sChIJhZ1MhiEx6IkRcAvJTyUuUKs?authuser=0&hl=en&rclk=1"
"Coastal Refrigeration","4.8","6","Air conditioning contractor","204 Smithtown Blvd #1, Nesconset, NY 11767, United States","","+1 631-288-2355","https://www.google.com/maps/place/Coastal+Refrigeration/data=!4m7!3m6!1s0x89e839d9400e1b1d:0x776fdeb042132efb!8m2!3d40.8347195!4d-73.151263!16s%2Fg%2F1tjkgv06!19sChIJHRsOQNk56IkR-y4TQrDeb3c?authuser=0&hl=en&rclk=1"
"All City Appliances","4.3","6","Appliance repair service","","https://appliancerepairsvccoram.com/","+1 631-349-4811","https://www.google.com/maps/place/All+City+Appliances/data=!4m7!3m6!1s0x20865a726d23c7fd:0x4ef9ccdfce0f83ca!8m2!3d40.8793905!4d-73.0057859!16s%2Fg%2F11kj412t3z!19sChIJ_ccjbXJahiARyoMPzt_M-U4?authuser=0&hl=en&rclk=1"
"Imperial Cleaning","4.6","99","Commercial cleaning service","151 Dixon Ave, Amityville, NY 11701, United States","http://www.imperialcleaning.com/","+1 877-932-5326","https://www.google.com/maps/place/Imperial+Cleaning/data=!4m7!3m6!1s0x89e82cbbf67fed29:0x6ca581c4bc916b9!8m2!3d40.683267!4d-73.413141!16s%2Fg%2F1tfn3sbv!19sChIJKe1_9rss6IkRuRbJSxxYygY?authuser=0&hl=en&rclk=1"
"Energywise, Inc.","4.9","324","HVAC contractor","","https://www.energywiseac.com/","+1 631-228-8401","https://www.google.com/maps/place/Energywise,+Inc./data=!4m7!3m6!1s0x89e83706421646c3:0x9def839471412116!8m2!3d40.915446!4d-72.7788421!16s%2Fg%2F126445mcz!19sChIJw0YWQgY36IkRFiFBcZSD750?authuser=0&hl=en&rclk=1"
"P.C. Richard & Son Service Center","3.5","171","Appliance repair service","200 Price Pkwy, Farmingdale, NY 11735, United States","https://www.pcrichard.com/?utm_source=Google-My-Business&utm_medium=organic&utm_campaign=Google-My-Business","+1 800-696-2000","https://www.google.com/maps/place/P.C.+Richard+%26+Son+Service+Center/data=!4m7!3m6!1s0x89e82ae8b01fbb01:0xfc029af4492c757c!8m2!3d40.7388192!4d-73.4306416!16s%2Fg%2F11f__715yz!19sChIJAbsfsOgq6IkRfHUsSfSaAvw?authuser=0&hl=en&rclk=1"
"High-End Appliance","3.1","34","Appliance repair service","4950 Express Dr S, Ronkonkoma, NY 11779, United States","http://www.highendapplianceny.com/index.html","+1 631-585-7598","https://www.google.com/maps/place/High-End+Appliance/data=!4m7!3m6!1s0x89e8379317ffa0ff:0xfa99ba9da4ebb127!8m2!3d40.8120731!4d-73.1111773!16s%2Fg%2F1tfpw9ff!19sChIJ_6D_F5M36IkRJ7HrpJ26mfo?authuser=0&hl=en&rclk=1"
"Pat's Service Center | Auto & Commercial Fleet Repair","4.7","72","Auto repair shop","175 Greeley Ave, Sayville, NY 11782, United States","https://www.patservicecenter.com/?utm_source=google&utm_medium=gmb&utm_campaign=seo","+1 631-589-7781","https://www.google.com/maps/place/Pat%27s+Service+Center+%7C+Auto+%26+Commercial+Fleet+Repair/data=!4m7!3m6!1s0x89e84a00712aaa15:0xfdcfc1241f5d3f49!8m2!3d40.7407958!4d-73.0876957!16s%2Fg%2F1td5h4nd!19sChIJFaoqcQBK6IkRST9dHyTBz_0?authuser=0&hl=en&rclk=1"
"Central Air Systems, Inc","4.9","182","Air conditioning contractor","22 Scouting Blvd #2, Medford, NY 11763, United States","http://centralairsystems.com/","+1 631-254-4900","https://www.google.com/maps/place/Central+Air+Systems,+Inc/data=!4m7!3m6!1s0x89e84590fae45f39:0x7c908fcdc55ce045!8m2!3d40.8113246!4d-72.9606733!16s%2Fg%2F1tsyqtpm!19sChIJOV_k-pBF6IkRReBcxc2PkHw?authuser=0&hl=en&rclk=1"
"Long Island Home Maintenance","5.0","12","Handyman/Handywoman/Handyperson","71 Shepherd Ln, Levittown, NY 11756, United States","https://www.longislandhomemaintenance.com/","+1 631-855-5272","https://www.google.com/maps/place/Long+Island+Home+Maintenance/data=!4m7!3m6!1s0x89c2808064ac0001:0xf04ecddb79242b53!8m2!3d40.7290152!4d-73.5130586!16s%2Fg%2F11ggt13pzn!19sChIJAQCsZICAwokRUyskedvNTvA?authuser=0&hl=en&rclk=1"
"Arista Air Conditioning","4.4","56","HVAC contractor","38-26 10th St, Queens, NY 11101, United States","https://aristair.com/","+1 718-937-1400","https://www.google.com/maps/place/Arista+Air+Conditioning/data=!4m7!3m6!1s0x89c258d9d7278f7b:0x8d545d674d1e7a99!8m2!3d40.758147!4d-73.943318!16s%2Fg%2F1tc_g50x!19sChIJe48n19lYwokRmXoeTWddVI0?authuser=0&hl=en&rclk=1"
"Done Right Roofing & Chimney Long Island","4.3","122","Roofing contractor","574 Montauk Hwy, Shirley, NY 11967, United States","https://www.donerightroofingandchimneyinc.com/","+1 631-281-3500","https://www.google.com/maps/place/Done+Right+Roofing+%26+Chimney+Long+Island/data=!4m7!3m6!1s0x89e85abd24ff8679:0x97a81d6619e7dfa!8m2!3d40.8003553!4d-72.8777148!16s%2Fg%2F1tdkc2yd!19sChIJeYb_JL1a6IkR-n2eYdaBegk?authuser=0&hl=en&rclk=1"
"Pipe Doctor Home Services, Inc.","4.7","416","Plumber","80 E Hawthorne Ave, Valley Stream, NY 11580, United States","https://www.pipedoc.net/","+1 516-348-6300","https://www.google.com/maps/place/Pipe+Doctor+Home+Services,+Inc./data=!4m7!3m6!1s0x89c264897c59aac9:0xa2d9a7f3a3152b1f!8m2!3d40.6599294!4d-73.6968005!16s%2Fg%2F1pp2tg_yv!19sChIJyapZfIlkwokRHysVo_On2aI?authuser=0&hl=en&rclk=1"
"Cool Clean Services","5.0","463","Air conditioning contractor","97 Gilmore Blvd, Floral Park, NY 11001, United States","http://www.coolcleanac.com/","+1 516-775-2467","https://www.google.com/maps/place/Cool+Clean+Services/data=!4m7!3m6!1s0x89c2634e23d7cb69:0x2471b6760fee401a!8m2!3d40.7156815!4d-73.6862389!16s%2Fg%2F11jx3qhp93!19sChIJacvXI05jwokRGkDuD3a2cSQ?authuser=0&hl=en&rclk=1"
"Smithtown Appliance Repair","3.0","2","Appliance repair service","","https://www.smithtownappliancerepair.com/","+1 631-206-5720","https://www.google.com/maps/place/Smithtown+Appliance+Repair/data=!4m7!3m6!1s0x89e8391fa1042471:0x4aee274fee72d86a!8m2!3d40.861984!4d-73.2145405!16s%2Fg%2F11j1c72h6n!19sChIJcSQEoR856IkRathy7k8n7ko?authuser=0&hl=en&rclk=1"
"T.F. O'Brien","4.8","1,076","HVAC contractor","100 Denton Ave, New Hyde Park, NY 11040, United States","http://tfobrien.com/","+1 516-488-1800","https://www.google.com/maps/place/T.F.+O%27Brien/data=!4m7!3m6!1s0x89c262935e09dd43:0x122d6a72bfd51619!8m2!3d40.7421195!4d-73.6714357!16s%2Fg%2F1vntkth3!19sChIJQ90JXpNiwokRGRbVv3JqLRI?authuser=0&hl=en&rclk=1"
"N.G.R.Service.inc. COMMERCIAL Oven Repair","","","Small appliance repair service","","","+1 631-300-6060","https://www.google.com/maps/place/N.G.R.Service.inc.+COMMERCIAL+Oven+Repair/data=!4m7!3m6!1s0x89e830de93b18dd3:0xceb84efb6dc1e50e!8m2!3d41.0936675!4d-72.7788421!16s%2Fg%2F11c0xf98dp!19sChIJ042xk94w6IkRDuXBbftOuM4?authuser=0&hl=en&rclk=1"
"P.C. Richard & Son","4.9","2,468","Appliance store","320 County Rd 39, Southampton, NY 11968, United States","https://www.pcrichard.com/stores/new-york/suffolk/southampton.html?utm_source=Google-My-Business&utm_medium=organic&utm_campaign=Google-My-Business","+1 631-287-2405","https://www.google.com/maps/place/P.C.+Richard+%26+Son/data=!4m7!3m6!1s0x89e89491372cebc3:0xeb4a5e1ab94718af!8m2!3d40.89783!4d-72.4096788!16s%2Fg%2F1tdy0xzh!19sChIJw-ssN5GU6IkRrxhHuRpeSus?authuser=0&hl=en&rclk=1"
"Complete Comfort Control AC & Heating Repair","4.7","15","Air conditioning repair service","Commercial Park Unit 6-8, Quogue, NY 11959, United States","https://completecomforthampton.com/ac-repair/?utm_campaign=gmb","+1 631-910-6884","https://www.google.com/maps/place/Complete+Comfort+Control+AC+%26+Heating+Repair/data=!4m7!3m6!1s0x89e8f3acd8b8a98b:0x999a790b9c61a2a8!8m2!3d40.839027!4d-72.601242!16s%2Fg%2F11jn0fkgp3!19sChIJi6m42Kzz6IkRqKJhnAt5mpk?authuser=0&hl=en&rclk=1"
"Reliable All Brands Appliance Repairs Inc","5.0","3","Appliance repair service","","","+1 631-366-0007","https://www.google.com/maps/place/Reliable+All+Brands+Appliance+Repairs+Inc/data=!4m7!3m6!1s0x89e839be7b8cf963:0x8607a7e38b83658!8m2!3d41.0936675!4d-72.8803876!16s%2Fg%2F11ghpt5s76!19sChIJY_mMe7456IkRWDa4OH56YAg?authuser=0&hl=en&rclk=1"
"Excellent Air Conditioning and Heating Services Inc | AC Repair | Boiler Repair | AC Installation","4.7","36","Air conditioning contractor","43-23 221st St, Queens, NY 11361, United States","https://www.excellentairconditioningandheating.com/?utm_source=google&utm_medium=gmb&utm_campaign=seo","+1 718-428-6987","https://www.google.com/maps/place/Excellent+Air+Conditioning+and+Heating+Services+Inc+%7C+AC+Repair+%7C+Boiler+Repair+%7C+AC+Installation/data=!4m7!3m6!1s0x89c261e2af0bab9b:0x3f0379257aea8d71!8m2!3d40.762273!4d-73.760235!16s%2Fg%2F11fy_4z0wq!19sChIJm6sLr-JhwokRcY3qeiV5Az8?authuser=0&hl=en&rclk=1"
"Tragar Home Services","4.9","2,522","HVAC contractor","3 Washington Pkwy, Hicksville, NY 11801, United States","https://tragar.com/","+1 516-219-9587","https://www.google.com/maps/place/Tragar+Home+Services/data=!4m7!3m6!1s0x89c27faa897fa053:0x348372e76749604b!8m2!3d40.7526044!4d-73.5039858!16s%2Fg%2F1tlbq1yp!19sChIJU6B_iap_wokRS2BJZ-dygzQ?authuser=0&hl=en&rclk=1"
"HVAC Pro Solutions","4.8","160","HVAC contractor","719 Middle Neck Rd, Great Neck, NY 11024, United States","http://hvacprosolutionsny.com/","+1 516-482-2776","https://www.google.com/maps/place/HVAC+Pro+Solutions/data=!4m7!3m6!1s0x89c2896db9099bb1:0x9238448e3bc80478!8m2!3d40.8063912!4d-73.7350751!16s%2Fg%2F11btvb8bqs!19sChIJsZsJuW2JwokReATIO45EOJI?authuser=0&hl=en&rclk=1"
"Bill's Refrigeration & Air Conditioning","4.5","27","Commercial refrigeration","237 West Ave, Stamford, CT 06902, United States","","+1 203-324-0030","https://www.google.com/maps/place/Bill%27s+Refrigeration+%26+Air+Conditioning/data=!4m7!3m6!1s0x89c29f54db2a5fad:0x4bd63a419785b695!8m2!3d41.0454677!4d-73.5586306!16s%2Fg%2F1tdy0thp!19sChIJrV8q21SfwokRlbaFl0E61ks?authuser=0&hl=en&rclk=1"
"P.C. Richard & Son","4.9","2,496","Appliance store","221 NY-109, West Babylon, NY 11704, United States","https://www.pcrichard.com/stores/new-york/suffolk/babylon.html?utm_source=Google-My-Business&utm_medium=organic&utm_campaign=Google-My-Business","+1 631-587-2700","https://www.google.com/maps/place/P.C.+Richard+%26+Son/data=!4m7!3m6!1s0x89e82cb166d78f67:0x1033ba70e8e93c4!8m2!3d40.7090731!4d-73.3549353!16s%2Fg%2F1thl1xbn!19sChIJZ4_XZrEs6IkRxJOODqc7AwE?authuser=0&hl=en&rclk=1"
"VP Plumbing & Heating","4.8","66","Plumber","36 Chestnut St, Mt Sinai, NY 11766, United States","https://vpplumbing.com/","+1 631-403-0014","https://www.google.com/maps/place/VP+Plumbing+%26+Heating/data=!4m7!3m6!1s0x89e840f16a6d897d:0x236723e4b323b1db!8m2!3d40.9327505!4d-73.0199984!16s%2Fg%2F11bwflnr2t!19sChIJfYltavFA6IkR27Ejs-QjZyM?authuser=0&hl=en&rclk=1"
"Same Day Commercial Appliance Repair","","","Appliance repair service","362 Larkfield Rd, East Northport, NY 11731, United States","","+1 516-550-0466","https://www.google.com/maps/place/Same+Day+Commercial+Appliance+Repair/data=!4m7!3m6!1s0x89e82577c99baaab:0xc5bea3d61a5fa662!8m2!3d40.8684063!4d-73.3223837!16s%2Fg%2F11nnwgl641!19sChIJq6qbyXcl6IkRYqZfGtajvsU?authuser=0&hl=en&rclk=1"
"P.C. Richard & Son","4.9","2,669","Appliance store","2229 NY-347, Stony Brook, NY 11790, United States","https://www.pcrichard.com/stores/new-york/suffolk/stony-brook.html?utm_source=Google-My-Business&utm_medium=organic&utm_campaign=Google-My-Business","+1 631-738-9200","https://www.google.com/maps/place/P.C.+Richard+%26+Son/data=!4m7!3m6!1s0x89e838f0389bba95:0xffafecfa82eeb438!8m2!3d40.8734894!4d-73.1217755!16s%2Fg%2F1v_vtycs!19sChIJlbqbOPA46IkROLTugvrsr_8?authuser=0&hl=en&rclk=1"
"Culinary Technicians Corporation","1.0","1","Appliance repair service","","http://culinarytechnicians.com/","+1 631-608-3910","https://www.google.com/maps/place/Culinary+Technicians+Corporation/data=!4m4!3m3!1s0x89e82b64a2f1d4a9:0x9bf78f5241e75aa2!16s%2Fg%2F11dylt8rz5!19sChIJqdTxomQr6IkRolrnQVKP95s?authuser=0&hl=en&rclk=1"
"The Colombian Cleaning Service Corp","5.0","55","House cleaning service","","http://www.thecolombiancleaningservice.com/","+1 516-789-0357","https://www.google.com/maps/place/The+Colombian+Cleaning+Service+Corp/data=!4m7!3m6!1s0x8a6e95b2fa5a6a33:0x5362a0d5734758db!8m2!3d40.915446!4d-72.9097204!16s%2Fg%2F11smlt1_kz!19sChIJM2pa-rKVbooR21hHc9WgYlM?authuser=0&hl=en&rclk=1"
"Petro Home Services","4.4","790","Heating oil supplier","30 Old Dock Rd, Yaphank, NY 11980, United States","https://www.petro.com/g/yaphank-ny","+1 844-226-6479","https://www.google.com/maps/place/Petro+Home+Services/data=!4m7!3m6!1s0x89e82a01716fd613:0x89fbdf078c585fca!8m2!3d40.8166248!4d-72.9435258!16s%2Fg%2F1tjyprq_!19sChIJE9ZvcQEq6IkRyl9YjAff-4k?authuser=0&hl=en&rclk=1"
"Panther","4.7","12","Appliance repair service","","https://www.pantherrepair.com/","+1 845-202-0706","https://www.google.com/maps/place/Panther/data=!4m7!3m6!1s0x89c2e70eb63c1421:0x9f223a6c19149e97!8m2!3d41.1405924!4d-74.237362!16s%2Fg%2F11ll9cq3rh!19sChIJIRQ8tg7nwokRl54UGWw6Ip8?authuser=0&hl=en&rclk=1"
"Action TV Service LLC","4.6","45","Television repair service","1533 Coates Ave, Holbrook, NY 11741, United States","http://www.actiontvservice.com/","+1 631-615-4522","https://www.google.com/maps/place/Action+TV+Service+LLC/data=!4m7!3m6!1s0x89e8481940496889:0x6f3c073f31299d48!8m2!3d40.804485!4d-73.0804707!16s%2Fg%2F1tg2lq1z!19sChIJiWhJQBlI6IkRSJ0pMT8HPG8?authuser=0&hl=en&rclk=1"
"Raynor Appliance Service","4.0","4","Appliance repair service","","https://appliancerepairsouthampton.ny-biz.co/","+1 631-760-7181","https://www.google.com/maps/place/Raynor+Appliance+Service/data=!4m7!3m6!1s0x89e88b5cc08e55c3:0x381eaebed1a4731c!8m2!3d40.9368655!4d-72.3609063!16s%2Fg%2F11px8h387c!19sChIJw1WOwFyL6IkRHHOk0b6uHjg?authuser=0&hl=en&rclk=1"
"Carefree Air","4.5","156","HVAC contractor","199 Merrick Rd, Lynbrook, NY 11563, United States","http://carefreeair.com/","+1 516-599-2848","https://www.google.com/maps/place/Carefree+Air/data=!4m7!3m6!1s0x89c264ba85925b13:0x68a8e3534b126c9!8m2!3d40.6583286!4d-73.6660893!16s%2Fg%2F1tk_kmzr!19sChIJE1uShbpkwokRySaxNDWOigY?authuser=0&hl=en&rclk=1"
"Electric & Beyond","4.8","42","Electrician","","http://www.4beyond.com/","+1 718-423-9663","https://www.google.com/maps/place/Electric+%26+Beyond/data=!4m7!3m6!1s0x89c265e9bdfd260b:0x17d4b0c73824ed4!8m2!3d40.8130699!4d-73.7538929!16s%2Fg%2F1hc764z36!19sChIJCyb9vellwokR1E6CcwxLfQE?authuser=0&hl=en&rclk=1"
"Apple Air Heating Cooling Electric and Plumbing","4.7","2,194","HVAC contractor","700 Broadhollow Rd, Farmingdale, NY 11735, United States","http://www.appleairli.com/?utm_source=google&utm_medium=organic&utm_campaign=gbp+sales&utm_content=website","+1 516-200-4499","https://www.google.com/maps/place/Apple+Air+Heating+Cooling+Electric+and+Plumbing/data=!4m7!3m6!1s0x89c27f153e332985:0x3e63a94df92e4e9a!8m2!3d40.7247923!4d-73.4249272!16s%2Fg%2F1tj1t002!19sChIJhSkzPhV_wokRmk4u-U2pYz4?authuser=0&hl=en&rclk=1"
"GE Appliance Repair","1.0","3","Appliance repair service","","https://repair.geappliances.com/service-areas/new-york/long-island?utm_source=google&utm_medium=local&utm_campaign=google-local7777700383","+1 866-530-7025","https://www.google.com/maps/place/GE+Appliance+Repair/data=!4m7!3m6!1s0x89e82a17ba6e54c1:0xd13b8a50a3a1b2a9!8m2!3d40.7836271!4d-73.4084305!16s%2Fg%2F1td9x4sq!19sChIJwVRuuhcq6IkRqbKho1CKO9E?authuser=0&hl=en&rclk=1"
"MJM Restaurant Appliance Repairs And Sales","","","Restaurant supply store","20 Willowood Ln, Coram, NY 11727, United States","","+1 516-639-5730","https://www.google.com/maps/place/MJM+Restaurant+Appliance+Repairs+And+Sales/data=!4m7!3m6!1s0x89e846d1af4bb2b5:0x24b980b73907fb5!8m2!3d40.8847919!4d-73.0312687!16s%2Fg%2F1tnqj0gk!19sChIJtbJLr9FG6IkRtX-QcwuYSwI?authuser=0&hl=en&rclk=1"
"1-800-GOT-JUNK? Nassau & Suffolk Counties","4.9","162","Waste management service","","https://www.1800gotjunk.com/us_en/locations/junk-removal-long-island/us01033?utm_source=googleplus&utm_medium=maps&utm_campaign=nassausuffolkcounties","+1 800-468-5865","https://www.google.com/maps/place/1-800-GOT-JUNK%3F+Nassau+%26+Suffolk+Counties/data=!4m7!3m6!1s0x89e9d4e2ed8fffff:0x38db29e08caedd98!8m2!3d40.7413649!4d-73.5072805!16s%2Fg%2F11gglqb_j1!19sChIJ__-P7eLU6YkRmN2ujOAp2zg?authuser=0&hl=en&rclk=1"
"M & L Appliance Repair","2.3","3","Appliance repair service","29 Bedell St, Freeport, NY 11520, United States","https://mandlappliancerepair.com/","+1 516-223-1990","https://www.google.com/maps/place/M+%26+L+Appliance+Repair/data=!4m7!3m6!1s0x89c2795263fce56f:0x5b18a9e92be550c3!8m2!3d40.6522632!4d-73.5783143!16s%2Fg%2F1tfh5l5_!19sChIJb-X8Y1J5wokRw1DlK-mpGFs?authuser=0&hl=en&rclk=1"
"East End Appliance Service","3.0","2","Appliance repair service","","https://www.eastendapplianceservice.net/","+1 631-412-8598","https://www.google.com/maps/place/East+End+Appliance+Service/data=!4m7!3m6!1s0x8f841048ca4155f3:0x7a027f4c86dba558!8m2!3d40.922326!4d-72.637448!16s%2Fg%2F11rhqy1y9z!19sChIJ81VBykgQhI8RWKXbhkx_Ano?authuser=0&hl=en&rclk=1"
"Speedy Refrigeration","2.1","41","Appliance repair service","77 Mill Rd, Freeport, NY 11520, United States","http://www.speedyapplianceservice.com/","+1 516-679-5073","https://www.google.com/maps/place/Speedy+Refrigeration/data=!4m7!3m6!1s0x89c28974488bce3b:0x114a6ac5d255e681!8m2!3d40.6521632!4d-73.5729882!16s%2Fg%2F1w456jmw!19sChIJO86LSHSJwokRgeZV0sVqShE?authuser=0&hl=en&rclk=1"
"FAST APPLIANCE SERVICE","2.1","39","Refrigerator repair service","194-27 Morris Ave, Holtsville, NY 11742, United States","","+1 631-913-3090","https://www.google.com/maps/place/FAST+APPLIANCE+SERVICE/data=!4m7!3m6!1s0x89e84959401c8047:0x61af23877f8c66e0!8m2!3d40.8164246!4d-73.059542!16s%2Fg%2F11j36pvxr4!19sChIJR4AcQFlJ6IkR4GaMf4cjr2E?authuser=0&hl=en&rclk=1"
"Appliance Repair","3.0","2","Appliance repair service","445 Broadhollow Rd ste 25 # 9, Melville, NY 11747, United States","https://fixifyappliancerepair.com/","+1 631-201-1005","https://www.google.com/maps/place/Appliance+Repair/data=!4m7!3m6!1s0x89e82b9ec6b35199:0xacf53cb4256d761!8m2!3d40.7752145!4d-73.4197939!16s%2Fg%2F11sb_lxc4c!19sChIJmVGzxp4r6IkRYddWQstTzwo?authuser=0&hl=en&rclk=1"
"We Take Pride Cleaning Services","4.4","56","House cleaning service","425 Oak St, Garden City, NY 11530, United States","","+1 516-282-7268","https://www.google.com/maps/place/We+Take+Pride+Cleaning+Services/data=!4m7!3m6!1s0x89e83318b2caf3d5:0x506bb00bfbef6b36!8m2!3d40.7280016!4d-73.609376!16s%2Fg%2F11jmywz3ft!19sChIJ1fPKshgz6IkRNmvv-wuwa1A?authuser=0&hl=en&rclk=1"
"V Vota Mechanical, Inc.","4.8","81","HVAC contractor","37 Dalton St, Long Beach, NY 11561, United States","http://www.vvotamechanical.com/","+1 516-218-2200","https://www.google.com/maps/place/V+Vota+Mechanical,+Inc./data=!4m7!3m6!1s0x89c26ff6e58ef2cf:0x77ac63a9b377374c!8m2!3d40.5915716!4d-73.6440931!16s%2Fg%2F11cn9ckw39!19sChIJz_KO5fZvwokRTDd3s6ljrHc?authuser=0&hl=en&rclk=1"
"TA Commercial Service, Inc.","1.0","1","HVAC contractor","20 Central Ave, Hauppauge, NY 11788, United States","http://www.tacommercial.com/","+1 516-858-7240","https://www.google.com/maps/place/TA+Commercial+Service,+Inc./data=!4m7!3m6!1s0x89e8310f48f0413b:0x9be0b4eee1e89063!8m2!3d40.806766!4d-73.2194513!16s%2Fg%2F11hf8prccq!19sChIJO0HwSA8x6IkRY5Do4e604Js?authuser=0&hl=en&rclk=1"
"ALL ISLAND REFRIGERATION AIR CONDITIONING AND HEATING INC.","","","HVAC contractor","","https://allislandairhvacr.wixsite.com/allislandrefrigera-1","+1 631-496-9698","https://www.google.com/maps/place/ALL+ISLAND+REFRIGERATION+AIR+CONDITIONING+AND+HEATING+INC./data=!4m7!3m6!1s0x89e84732e1354e9f:0x520fd22c75f859b6!8m2!3d40.8938931!4d-73.0182904!16s%2Fg%2F11fkcy09vb!19sChIJn0414TJH6IkRtln4dSzSD1I?authuser=0&hl=en&rclk=1"