Name,Rating,Reviews,Category,Address,Website,Phone,Url
"The Bristal Assisted Living at York Avenue","4.8","26","Assisted living facility","1622 York Ave, New York, NY 10028, United States","https://thebristal.com/find-a-community/manhattan-ny/york-avenue/","+1 646-370-6446","https://www.google.com/maps/place/The+Bristal+Assisted+Living+at+York+Avenue/data=!4m7!3m6!1s0x89c259cc3992cdb5:0x9ec0f715b22dc01b!8m2!3d40.7756242!4d-73.9470587!16s%2Fg%2F11q8g4141l!19sChIJtc2SOcxZwokRG8AtshX3wJ4?authuser=0&hl=en&rclk=1"
"1880 Boston Road Apartments by RiverSpring Living","5.0","1","Low income housing program","1880 Boston Rd, Bronx, NY 10460, United States","https://www.riverspringliving.org/1880-boston-road/","","https://www.google.com/maps/place/1880+Boston+Road+Apartments+by+RiverSpring+Living/data=!4m7!3m6!1s0x89c2f58f5e2f6fbf:0x6862849ea0a85bee!8m2!3d40.839212!4d-73.882608!16s%2Fg%2F11j7k5c_qh!19sChIJv28vXo_1wokR7luooJ6EYmg?authuser=0&hl=en&rclk=1"
"Little Neck Care Center","4.0","139","Nursing home","260-19 Nassau Blvd, Little Neck, NY 11362, United States","https://www.littlenecknursing.com/","+1 718-423-6400","https://www.google.com/maps/place/Little+Neck+Care+Center/data=!4m7!3m6!1s0x89c289e78f728a79:0x3399506be82c4fc0!8m2!3d40.7661686!4d-73.7242958!16s%2Fg%2F1td7d230!19sChIJeYpyj-eJwokRwE8s6GtQmTM?authuser=0&hl=en&rclk=1"
"Glengariff Rehabilitation and Healthcare Center","4.0","226","Nursing home","141 Dosoris Ln, Glen Cove, NY 11542, United States","http://glengariffrehab.com/","+1 516-676-1100","https://www.google.com/maps/place/Glengariff+Rehabilitation+and+Healthcare+Center/data=!4m7!3m6!1s0x89c2856ab3031f13:0x7661bcb02f4e6748!8m2!3d40.8826743!4d-73.6362891!16s%2Fg%2F1thd7lyy!19sChIJEx8Ds2qFwokRSGdOL7C8YXY?authuser=0&hl=en&rclk=1"
"Queens Nassau Rehabilitation & Nursing Center","3.7","41","Rehabilitation center","520 Beach 19th St, Queens, NY 11691, United States","http://www.queensnassaurehab.com/","+1 718-471-7400","https://www.google.com/maps/place/Queens+Nassau+Rehabilitation+%26+Nursing+Center/data=!4m7!3m6!1s0x89c268ac1a8bb94d:0x63c4b5a9ea69b76f!8m2!3d40.5999648!4d-73.7518863!16s%2Fg%2F11c1_wf0z9!19sChIJTbmLGqxowokRb7dp6qm1xGM?authuser=0&hl=en&rclk=1"
"The Grand Pavilion For Rehabilitation And Nursing At Rockville Centre","4.2","244","Nursing home","41 Maine Ave, Rockville Centre, NY 11570, United States","http://thegrandpavilionrc.com/","+1 516-536-7730","https://www.google.com/maps/place/The+Grand+Pavilion+For+Rehabilitation+And+Nursing+At+Rockville+Centre/data=!4m7!3m6!1s0x89c27b548beb89bd:0x5c0aea554be81ffe!8m2!3d40.6643557!4d-73.6506777!16s%2Fg%2F1q5brc4bw!19sChIJvYnri1R7wokR_h_oS1XqClw?authuser=0&hl=en&rclk=1"
"Parker Jewish Institute for Health Care and Rehabilitation","2.7","171","Adult day care center","271-11 76th Ave, Queens, NY 11040, United States","http://www.parkerinstitute.org/","+1 718-289-2100","https://www.google.com/maps/place/Parker+Jewish+Institute+for+Health+Care+and+Rehabilitation/data=!4m7!3m6!1s0x89c2627f497e78cd:0x746da5daae1426b9!8m2!3d40.7555476!4d-73.7074942!16s%2Fg%2F1tdy0tb3!19sChIJzXh-SX9iwokRuSYUrtqlbXQ?authuser=0&hl=en&rclk=1"
"Sunharbor Manor","3.3","96","Nursing home","255 Warner Ave, Roslyn Heights, NY 11577, United States","https://www.sunharbormanor.com/","+1 516-621-5400","https://www.google.com/maps/place/Sunharbor+Manor/data=!4m7!3m6!1s0x89c2862e937c597b:0x8e51a7947f84a212!8m2!3d40.792551!4d-73.645743!16s%2Fg%2F1tgc0p_q!19sChIJe1l8ky6GwokREqKEf5SnUY4?authuser=0&hl=en&rclk=1"
"Mount Sinai South Nassau","2.7","662","General hospital","One Healthy Way, Oceanside, NY 11572, United States","https://www.southnassau.org/","+1 516-632-3000","https://www.google.com/maps/place/Mount+Sinai+South+Nassau/data=!4m7!3m6!1s0x89c27b42707c5b71:0xba44a917fcef1a39!8m2!3d40.6529316!4d-73.6297391!16s%2Fg%2F11cjqt0tjn!19sChIJcVt8cEJ7wokRORrv_BepRLo?authuser=0&hl=en&rclk=1"
"National Health Care Associates Inc","4.2","5","Nursing home","20 Sunrise Hwy, Valley Stream, NY 11581, United States","http://www.nhca.com/","+1 516-705-4800","https://www.google.com/maps/place/National+Health+Care+Associates+Inc/data=!4m7!3m6!1s0x89c264bea4e39471:0x8e009fb01ad9bd16!8m2!3d40.6592171!4d-73.6992883!16s%2Fg%2F1tm8lhy0!19sChIJcZTjpL5kwokRFr3ZGrCfAI4?authuser=0&hl=en&rclk=1"
"Mount Sinai South Nassau","2.7","3","Medical clinic","One, 1 S Central Ave, Valley Stream, NY 11580, United States","https://www.southnassau.org/sn/locations","+1 516-632-3350","https://www.google.com/maps/place/Mount+Sinai+South+Nassau/data=!4m7!3m6!1s0x89c2647b4173432d:0x45f1658c32daf0bb!8m2!3d40.667391!4d-73.7077694!16s%2Fg%2F11fz9wx70h!19sChIJLUNzQXtkwokRu_DaMoxl8UU?authuser=0&hl=en&rclk=1"
"Oceanside Care Center","4.2","64","Rehabilitation center","2914 Lincoln Ave, Oceanside, NY 11572, United States","https://www.oceansidecc.com/","+1 516-536-2300","https://www.google.com/maps/place/Oceanside+Care+Center/data=!4m7!3m6!1s0x89c27b309ba07a55:0xbac173a5f879685f!8m2!3d40.6402814!4d-73.6424911!16s%2Fg%2F1tdkhk_j!19sChIJVXqgmzB7wokRX2h5-KVzwbo?authuser=0&hl=en&rclk=1"
"Rockville Skilled Nursing and Rehabilitation Center","4.1","68","Nursing home","50 Maine Ave, Rockville Centre, NY 11570, United States","http://www.rockvillerehab.com/","+1 516-536-8000","https://www.google.com/maps/place/Rockville+Skilled+Nursing+and+Rehabilitation+Center/data=!4m7!3m6!1s0x89c27b54883183bd:0xb9a2a79bb68c76fd!8m2!3d40.6637374!4d-73.6507342!16s%2Fg%2F1vxzbk42!19sChIJvYMxiFR7wokR_XaMtpunork?authuser=0&hl=en&rclk=1"
"Queens Nassau Nursing Home","3.4","14","Nursing home","520 Beach 19th St, Far Rockaway, NY 11691, United States","http://www.queensnassaurehab.com/","+1 718-471-7400","https://www.google.com/maps/place/Queens+Nassau+Nursing+Home/data=!4m7!3m6!1s0x89c268abeb9efb2b:0x8f97f5c91930e1c5!8m2!3d40.5999612!4d-73.7520306!16s%2Fg%2F1vp702x4!19sChIJK_ue66towokRxeEwGcn1l48?authuser=0&hl=en&rclk=1"
"Highfield Gardens Care Center","3.9","161","Nursing home","199 Community Dr, Great Neck, NY 11021, United States","http://www.highfieldgardens.com/","+1 516-303-0100","https://www.google.com/maps/place/Highfield+Gardens+Care+Center/data=!4m7!3m6!1s0x89c289b24b2e3831:0x4fe61b75a664a3e0!8m2!3d40.7819096!4d-73.704656!16s%2Fg%2F1trqj46c!19sChIJMTguS7KJwokR4KNkpnUb5k8?authuser=0&hl=en&rclk=1"
"Catholic Health","2.5","23","Medical Center","992 N Village Ave, Rockville Centre, NY 11570, United States","http://www.chsli.org/","+1 516-705-3700","https://www.google.com/maps/place/Catholic+Health/data=!4m7!3m6!1s0x89c27cc0a28f0a59:0x5997faa75c019f7c!8m2!3d40.686375!4d-73.630677!16s%2Fg%2F1tfr1bvt!19sChIJWQqPosB8wokRfJ8BXKf6l1k?authuser=0&hl=en&rclk=1"
"Beach Terrace Care Center","4.6","51","Nursing home","640 W Broadway, Long Beach, NY 11561, United States","http://www.beach-terrace.com/","+1 516-431-4400","https://www.google.com/maps/place/Beach+Terrace+Care+Center/data=!4m7!3m6!1s0x89c26f8de3146799:0x6e1dbc4047b77786!8m2!3d40.5841897!4d-73.6826777!16s%2Fg%2F1thy0qsy!19sChIJmWcU441vwokRhne3R0C8HW4?authuser=0&hl=en&rclk=1"
"Mercy Hospital","3.1","429","Hospital","1000 N Village Ave, Rockville Centre, NY 11570, United States","https://www.catholichealthli.org/mercy-hospital?utm_medium=yext&utm_source=gmb","+1 516-705-2525","https://www.google.com/maps/place/Mercy+Hospital/data=!4m7!3m6!1s0x89c27cc08f1f38cb:0xc48205781293a24c!8m2!3d40.6885284!4d-73.6315457!16s%2Fg%2F1tg9tm1w!19sChIJyzgfj8B8wokRTKKTEngFgsQ?authuser=0&hl=en&rclk=1"
"The Grand Rehabilitation and Nursing, Corporate Office","4.1","9","Nursing home","70 E Sunrise Hwy Suite 605, Valley Stream, NY 11581, United States","http://thegrandhealthcare.com/","+1 718-215-6000","https://www.google.com/maps/place/The+Grand+Rehabilitation+and+Nursing,+Corporate+Office/data=!4m7!3m6!1s0x89c28abb72faa8c5:0x5598df6dd772dae2!8m2!3d40.6587426!4d-73.6970849!16s%2Fg%2F11dflfh3ds!19sChIJxaj6cruKwokR4tpy123fmFU?authuser=0&hl=en&rclk=1"
"Park Avenue Extended Care","4.0","138","Rehabilitation center","425 National Blvd, Long Beach, NY 11561, United States","https://www.parkavecare.com/","+1 516-431-2600","https://www.google.com/maps/place/Park+Avenue+Extended+Care/data=!4m7!3m6!1s0x89c26ff7bf183eab:0xc02372babc9bae91!8m2!3d40.5897233!4d-73.6672482!16s%2Fg%2F1tlqqxln!19sChIJqz4Yv_dvwokRka6bvLpyI8A?authuser=0&hl=en&rclk=1"
"Grandell Rehabilitation and Nursing Center","4.5","114","Rehabilitation center","645 W Broadway, Long Beach, NY 11561, United States","http://www.grandellrehab.com/","+1 516-889-1100","https://www.google.com/maps/place/Grandell+Rehabilitation+and+Nursing+Center/data=!4m7!3m6!1s0x89c26f8dddebb5a9:0x82f455d8f5fc3dda!8m2!3d40.584784!4d-73.682609!16s%2Fg%2F1v3h_xj1!19sChIJqbXr3Y1vwokR2j389dhV9II?authuser=0&hl=en&rclk=1"
"Long Beach Nursing and Rehabilitation Center","4.4","160","Nursing home","375 E Bay Dr #1, Long Beach, NY 11561, United States","http://longbeachnrc.com/","+1 516-897-1000","https://www.google.com/maps/place/Long+Beach+Nursing+and+Rehabilitation+Center/data=!4m7!3m6!1s0x89c26553518335af:0x33dc320128a91eae!8m2!3d40.5943658!4d-73.6534993!16s%2Fg%2F11bxf4ys8m!19sChIJrzWDUVNlwokRrh6pKAEy3DM?authuser=0&hl=en&rclk=1"
"Long Island Healthcare LLC","","","Medical clinic","270-01 Hillside Ave., Queens, NY 11040, United States","http://www.longislandhealthcarellc.com/","+1 718-962-1100","https://www.google.com/maps/place/Long+Island+Healthcare+LLC/data=!4m7!3m6!1s0x89c2628996c98125:0x7e70dd59ceddf047!8m2!3d40.7393586!4d-73.7004099!16s%2Fg%2F12629mj5r!19sChIJJYHJloliwokRR_DdzlndcH4?authuser=0&hl=en&rclk=1"
"The Five Towns Premier Nursing and Rehabilitation Center","4.3","280","Rehabilitation center","1050 Central Ave, Woodmere, NY 11598, United States","https://fivetownspremier.com/","+1 516-588-3200","https://www.google.com/maps/place/The+Five+Towns+Premier+Nursing+and+Rehabilitation+Center/data=!4m7!3m6!1s0x89c265ac1750b007:0x435ca1f3a7096267!8m2!3d40.6323078!4d-73.7086071!16s%2Fg%2F11hbr202lw!19sChIJB7BQF6xlwokRZ2IJp_OhXEM?authuser=0&hl=en&rclk=1"
"Champion Care, LLC","2.3","3","Nursing home","165 N Village Ave # 126, Rockville Centre, NY 11570, United States","https://www.championhcare.com/","+1 516-605-9800","https://www.google.com/maps/place/Champion+Care,+LLC/data=!4m7!3m6!1s0x89c27bb48f88fe5f:0xfc009ef2beee2e81!8m2!3d40.6624355!4d-73.6479281!16s%2Fg%2F11k51cqjmm!19sChIJX_6Ij7R7wokRgS7uvvKeAPw?authuser=0&hl=en&rclk=1"
"NYU Langone Hospital Long Island","3.0","700","Hospital","259 1st St, Mineola, NY 11501, United States","https://nyulangone.org/locations/nyu-langone-hospital-long-island?cid=syn_yext&y_entity_id=546&y_source=1_OTYxMTU0NC03MTUtbG9jYXRpb24ud2Vic2l0ZQ==","+1 516-663-0333","https://www.google.com/maps/place/NYU+Langone+Hospital+Long+Island/data=!4m7!3m6!1s0x89c27d50ad821595:0x98816e82efee709f!8m2!3d40.7408302!4d-73.6430786!16s%2Fm%2F04g3bnr!19sChIJlRWCrVB9wokRn3Du74JugZg?authuser=0&hl=en&rclk=1"
"The Tuttle Center at The Amsterdam at Harborside","2.3","7","Nursing home","300 E Overlook, Port Washington, NY 11050, United States","http://www.theamsterdamatharborside.com/health-services/","+1 516-472-6688","https://www.google.com/maps/place/The+Tuttle+Center+at+The+Amsterdam+at+Harborside/data=!4m7!3m6!1s0x89c288b2aaa101c5:0xc6f12c7964151d57!8m2!3d40.8274129!4d-73.6642528!16s%2Fg%2F1hc8r8m1j!19sChIJxQGhqrKIwokRVx0VZHks8cY?authuser=0&hl=en&rclk=1"
"NYU Langone Hospital—Long Island Welcome Center","5.0","3","Hospital","1300 Franklin Ave, Garden City, NY 11530, United States","","","https://www.google.com/maps/place/NYU+Langone+Hospital%E2%80%94Long+Island+Welcome+Center/data=!4m7!3m6!1s0x89c27d44cffae0b1:0x612a74f68ee9b526!8m2!3d40.7346308!4d-73.6381321!16s%2Fg%2F11g817tfs0!19sChIJseD6z0R9wokRJrXpjvZ0KmE?authuser=0&hl=en&rclk=1"
"NYC Health + Hospitals/Coler","3.3","41","Nursing home","900 Main St, New York, NY 10044, United States","https://www.nychealthandhospitals.org/coler/","+1 212-848-6000","https://www.google.com/maps/place/NYC+Health+%2B+Hospitals%2FColer/data=!4m7!3m6!1s0x89c258b611969099:0xa8fc0f73abc4d70a!8m2!3d40.770242!4d-73.9422433!16s%2Fm%2F04g3jpr!19sChIJmZCWEbZYwokRCtfEq3MP_Kg?authuser=0&hl=en&rclk=1"
"Avanti Healthcare Services","2.9","10","Medical clinic","75 Nassau Terminal Rd, New Hyde Park, NY 11040, United States","https://www.avantihealth.com/","+1 516-280-1000","https://www.google.com/maps/place/Avanti+Healthcare+Services/data=!4m7!3m6!1s0x89c262bec0746a9f:0x6cd6114925c26acb!8m2!3d40.7344309!4d-73.6734866!16s%2Fg%2F1tfp3cl8!19sChIJn2p0wL5iwokRy2rCJUkR1mw?authuser=0&hl=en&rclk=1"
"Nursing Home","","","Hospital","Great Neck Plaza, NY 11021, United States","","","https://www.google.com/maps/place/Nursing+Home/data=!4m7!3m6!1s0x89c2895b23cbe4f1:0x66e29fa7bfdcfa38!8m2!3d40.7889767!4d-73.7218418!16s%2Fg%2F11gtzktr26!19sChIJ8eTLI1uJwokROPrcv6ef4mY?authuser=0&hl=en&rclk=1"
"Lynbrook Restorative Therapy & Nursing","4.1","148","Physical therapy clinic","243 Atlantic Ave, Lynbrook, NY 11563, United States","https://www.lynbrookrehab.com/","+1 516-634-1400","https://www.google.com/maps/place/Lynbrook+Restorative+Therapy+%26+Nursing/data=!4m7!3m6!1s0x89c264c79a64f3e9:0x8d63ce9c06ea4bd5!8m2!3d40.6497764!4d-73.6677392!16s%2Fg%2F1tywyw6s!19sChIJ6fNkmsdkwokR1UvqBpzOY40?authuser=0&hl=en&rclk=1"
"Nassau Rehabilitation & Nursing Center","4.3","171","Rehabilitation center","1 Greenwich St, Hempstead, NY 11550, United States","http://www.nassauecf.com/","+1 516-565-4800","https://www.google.com/maps/place/Nassau+Rehabilitation+%26+Nursing+Center/data=!4m7!3m6!1s0x89c27d1d98e2c8a3:0x95022e34dead8fc7!8m2!3d40.7042519!4d-73.6216745!16s%2Fg%2F1tfkm2sd!19sChIJo8jimB19wokRx4-t3jQuApU?authuser=0&hl=en&rclk=1"
"Sunrise of North Lynbrook","4.4","52","Assisted living facility","53 Franklin Ave, Lynbrook, NY 11563, United States","https://www.sunriseseniorliving.com/communities/ny/sunrise-of-north-lynbrook?utm_source=directory_listings","+1 516-596-2377","https://www.google.com/maps/place/Sunrise+of+North+Lynbrook/data=!4m7!3m6!1s0x89c264a0f56afee3:0x5f99c7bd980dd346!8m2!3d40.6699009!4d-73.6739339!16s%2Fg%2F1w0r0v7_!19sChIJ4_5q9aBkwokRRtMNmL3HmV8?authuser=0&hl=en&rclk=1"
"Long Island Jewish Medical Center","3.2","694","Medical Center","270-05 76th Ave, Queens, NY 11040, United States","https://lij.northwell.edu/?utm_source=provider_listing&utm_medium=partner&utm_campaign=doctor_dot_com","+1 718-470-7000","https://www.google.com/maps/place/Long+Island+Jewish+Medical+Center/data=!4m7!3m6!1s0x89c26278fba9c2bd:0xe0cec2dd5879ee92!8m2!3d40.7555112!4d-73.7069314!16s%2Fm%2F04g3fb3!19sChIJvcKp-3hiwokRku55WN3CzuA?authuser=0&hl=en&rclk=1"
"Mount Sinai South Nassau Long Beach Emergency Department","3.0","6","Medical clinic","325 E Bay Dr, Long Beach, NY 11561, United States","https://www.southnassau.org/main/home.aspx","+1 516-544-2351","https://www.google.com/maps/place/Mount+Sinai+South+Nassau+Long+Beach+Emergency+Department/data=!4m7!3m6!1s0x89c27003df63d023:0x91b3c2ad6fce546e!8m2!3d40.5943642!4d-73.6545666!16s%2Fg%2F11bbw_9bz7!19sChIJI9Bj3wNwwokRblTOb63Cs5E?authuser=0&hl=en&rclk=1"
"Emerald Healthcare","","","Nursing home","945 N Central Ave, Woodmere, NY 11598, United States","","+1 516-504-9797","https://www.google.com/maps/place/Emerald+Healthcare/data=!4m7!3m6!1s0x89c264624ae0075f:0xaf31ae85de5c994a!8m2!3d40.633821!4d-73.7115544!16s%2Fg%2F11g8tyf0xj!19sChIJXwfgSmJkwokRSplc3oWuMa8?authuser=0&hl=en&rclk=1"
"Far Rockaway Center","4.0","45","Nursing home","13-11 Virginia St, Far Rockaway, NY 11691, United States","https://far-rockaway-center.facilities.centershealthcare.org/","+1 718-327-2909","https://www.google.com/maps/place/Far+Rockaway+Center/data=!4m7!3m6!1s0x89c265fd05e2413f:0xe757c44cfe17fdab!8m2!3d40.6100174!4d-73.7456008!16s%2Fg%2F1tfpw5q_!19sChIJP0HiBf1lwokRq_0X_kzEV-c?authuser=0&hl=en&rclk=1"
"Sentosa Care LLC","4.0","3","Nursing home","962-946, Broadway, Woodmere, NY 11598, United States","","+1 516-869-3700","https://www.google.com/maps/place/Sentosa+Care+LLC/data=!4m7!3m6!1s0x89c265ac1a5e86a5:0x248c0f56efeba05a!8m2!3d40.6300123!4d-73.7080989!16s%2Fg%2F1tk_q5v4!19sChIJpYZeGqxlwokRWqDr71YPjCQ?authuser=0&hl=en&rclk=1"
"Harmony Healthcare at Elmont","2.6","81","Medical clinic","161 Hempstead Turnpike, Elmont, NY 11003, United States","https://www.harmonyhealthcareli.org/health-care-locations/#elmont","+1 516-571-8200","https://www.google.com/maps/place/Harmony+Healthcare+at+Elmont/data=!4m7!3m6!1s0x89c263b776b7bb6b:0x29b05d79aa7abd5c!8m2!3d40.7087761!4d-73.7210158!16s%2Fg%2F1tczft_4!19sChIJa7u3drdjwokRXL16qnldsCk?authuser=0&hl=en&rclk=1"
"Brookhaven Rehabilitation & Health Care Center","3.4","100","Rehabilitation center","250 Beach 17th St, Far Rockaway, NY 11691, United States","https://brookhavenrehab.com/","+1 718-471-7500","https://www.google.com/maps/place/Brookhaven+Rehabilitation+%26+Health+Care+Center/data=!4m7!3m6!1s0x89c268ac5e9de643:0x71daa638db62c24c!8m2!3d40.5963926!4d-73.7508298!16s%2Fg%2F1tdm97kc!19sChIJQ-adXqxowokRTMJi2zim2nE?authuser=0&hl=en&rclk=1"
"The Grand Rehabilitation and Nursing at Great Neck","4.0","106","Rehabilitation center","15 St Pauls Pl, Great Neck, NY 11021, United States","http://thegrandhealthcare.com/greatneck","+1 516-466-3001","https://www.google.com/maps/place/The+Grand+Rehabilitation+and+Nursing+at+Great+Neck/data=!4m7!3m6!1s0x89c289a2f5c9d91d:0xfd104bdbbda192e0!8m2!3d40.7888157!4d-73.7222461!16s%2Fg%2F1th29b03!19sChIJHdnJ9aKJwokR4JKhvdtLEP0?authuser=0&hl=en&rclk=1"
"ATC Healthcare Services Inc","3.7","9","Employment agency","1983 Marcus Ave e122, New Hyde Park, NY 11042, United States","http://www.atchealthcare.com/","+1 516-345-9928","https://www.google.com/maps/place/ATC+Healthcare+Services+Inc/data=!4m7!3m6!1s0x89c28828c51d672f:0xf3d06228e4ebf208!8m2!3d40.756754!4d-73.695106!16s%2Fg%2F1v_ndfcz!19sChIJL2cdxSiIwokRCPLr5Chi0PM?authuser=0&hl=en&rclk=1"
"Galaxy Home Care of Nassau County","","","Home health care service","175 Fulton Ave Suite 202, Hempstead, NY 11550, United States","https://galaxyhomecareny.com/nassau/?utm_source=google&utm_medium=organic&utm_campaign=google-maps","+1 516-708-0900","https://www.google.com/maps/place/Galaxy+Home+Care+of+Nassau+County/data=!4m7!3m6!1s0x89c27dab8982a925:0xd73891fe0449598e!8m2!3d40.7078642!4d-73.6295536!16s%2Fg%2F11jz13srpx!19sChIJJamCiat9wokRjllJBP6RONc?authuser=0&hl=en&rclk=1"
"Long Island Care Center","4.0","104","Rehabilitation center","144-61 38th Ave, Queens, NY 11354, United States","https://longislandcarecenter.com/","+1 718-939-7500","https://www.google.com/maps/place/Long+Island+Care+Center/data=!4m7!3m6!1s0x89c260185bcc3421:0xd5ec9a51da1bf2a0!8m2!3d40.7636045!4d-73.820362!16s%2Fg%2F1tczld9t!19sChIJITTMWxhgwokRoPIb2lGa7NU?authuser=0&hl=en&rclk=1"
"ATC Healthcare Nassau County","","","Nursing agency","600 Broadway Suite B, Lynbrook, NY 11563, United States","https://atchealthcare.com/","+1 516-569-6411","https://www.google.com/maps/place/ATC+Healthcare+Nassau+County/data=!4m7!3m6!1s0x89c265040cb95625:0xd3402d37020af005!8m2!3d40.6487834!4d-73.6848471!16s%2Fg%2F11t2m0xd7p!19sChIJJVa5DARlwokRBfAKAjctQNM?authuser=0&hl=en&rclk=1"
"South Nassua Communities Hospital: Psychiatric Services","1.0","1","Medical clinic","1 Healthy Way, Oceanside, NY 11572, United States","http://www.southnassau.org/services/behavioral.cfm#psychiatric","+1 516-632-3937","https://www.google.com/maps/place/South+Nassua+Communities+Hospital:+Psychiatric+Services/data=!4m7!3m6!1s0x89c27b42707c5b71:0x93e5f2bf02d31f26!8m2!3d40.6519745!4d-73.6308759!16s%2Fg%2F12m97x_9b!19sChIJcVt8cEJ7wokRJh_TAr_y5ZM?authuser=0&hl=en&rclk=1"
"Long Island Health Care LLC","5.0","1","Home health care service","99 Tulip Ave # 101, Floral Park, NY 11001, United States","https://www.longislandhealthcarellc.com/","+1 516-352-1294","https://www.google.com/maps/place/Long+Island+Health+Care+LLC/data=!4m7!3m6!1s0x89c262575f7a3069:0x6b1ce1655c0d0b7d!8m2!3d40.7255557!4d-73.705187!16s%2Fg%2F1tfdfc_1!19sChIJaTB6X1diwokRfQsNXGXhHGs?authuser=0&hl=en&rclk=1"
"Royal free hospital","","","Hospital","Pond Ln, Woodmere, NY 11598, United States","","","https://www.google.com/maps/place/Royal+free+hospital/data=!4m7!3m6!1s0x89c26566d54377db:0xa7e9ac1be09b64ee!8m2!3d40.6242403!4d-73.7084498!16s%2Fg%2F11j8mxpljq!19sChIJ23dD1WZlwokR7mSb4Bus6ac?authuser=0&hl=en&rclk=1"
"Atria Park of Lynbrook","4.5","44","Assisted living facility","100 Peninsula Blvd, Lynbrook, NY 11563, United States","https://atriaseniorliving.com/retirement-communities/atria-park-of-lynbrook-lynbrook-ny/?utm_source=GMB&utm_medium=Chatmeter","+1 516-596-2700","https://www.google.com/maps/place/Atria+Park+of+Lynbrook/data=!4m7!3m6!1s0x89c26495f3f21ae9:0x2b32be41e151402d!8m2!3d40.6557799!4d-73.6793275!16s%2Fg%2F1tmbx0ts!19sChIJ6Rry85VkwokRLUBR4UG-Mis?authuser=0&hl=en&rclk=1"
"Sands Point Center for Nursing & Rehabilitation","3.9","13","Nursing home","1440 Port Washington Blvd, Port Washington, NY 11050, United States","http://www.sandspointrehab.com/","+1 516-719-9400","https://www.google.com/maps/place/Sands+Point+Center+for+Nursing+%26+Rehabilitation/data=!4m7!3m6!1s0x89c28fa4ac8e38eb:0xd3e2d03177592a20!8m2!3d40.8437071!4d-73.6906851!16s%2Fg%2F11vb7smcll!19sChIJ6ziOrKSPwokRICpZdzHQ4tM?authuser=0&hl=en&rclk=1"
"Nassau Immediate Medical Care","3.5","15","Walk-in clinic","465 Willis Ave, Williston Park, NY 11596, United States","","+1 516-294-3535","https://www.google.com/maps/place/Nassau+Immediate+Medical+Care/data=!4m7!3m6!1s0x89c287e4da7f942f:0x6eba118147543fd7!8m2!3d40.7565884!4d-73.6454355!16s%2Fg%2F1vb9d_1n!19sChIJL5R_2uSHwokR1z9UR4ERum4?authuser=0&hl=en&rclk=1"
"Long Beach Assisted Living","3.6","36","Assisted living facility","274 W Broadway, Long Beach, NY 11561, United States","http://www.longbeachalp.com/","+1 516-431-1400","https://www.google.com/maps/place/Long+Beach+Assisted+Living/data=!4m7!3m6!1s0x89c26ff233a5d84f:0x4b0098dffad96d54!8m2!3d40.5842704!4d-73.6723024!16s%2Fg%2F1q67k_db5!19sChIJT9ilM_JvwokRVG3Z-t-YAEs?authuser=0&hl=en&rclk=1"
"Mayfair Care Center","2.9","56","Nursing home","100 Baldwin Rd, Hempstead, NY 11550, United States","http://mayfairnh.com/","+1 516-538-7171","https://www.google.com/maps/place/Mayfair+Care+Center/data=!4m7!3m6!1s0x89c27cfc974daacf:0xdcdc14a46503cb30!8m2!3d40.6981869!4d-73.6163839!16s%2Fg%2F1thmg9q7!19sChIJz6pNl_x8wokRMMsDZaQU3Nw?authuser=0&hl=en&rclk=1"
"New Glen Oaks Nursing Home","4.7","29","Nursing home","260-01 79th Ave, Queens, NY 11004, United States","http://www.newglenoaks.com/","+1 718-343-0770","https://www.google.com/maps/place/New+Glen+Oaks+Nursing+Home/data=!4m7!3m6!1s0x89c2627abb2c7f2b:0x1c5f4c805b5e647f!8m2!3d40.7468832!4d-73.7114166!16s%2Fg%2F1vzg34l0!19sChIJK38su3piwokRf2ReW4BMXxw?authuser=0&hl=en&rclk=1"
"Plattduetsche Home Society","4.5","6","Retirement community","1150 Hempstead Turnpike, Franklin Square, NY 11010, United States","https://www.plattseniorliving.com/","+1 516-352-4252","https://www.google.com/maps/place/Plattduetsche+Home+Society/data=!4m7!3m6!1s0x89c2631ea060884f:0x90ea70c2b837d647!8m2!3d40.7087838!4d-73.6827938!16s%2Fg%2F1v42gqs8!19sChIJT4hgoB5jwokRR9Y3uMJw6pA?authuser=0&hl=en&rclk=1"
"South Nassau Communities Hospital: Sokolsky Lawrence T MD","","","Hospital department","1 Healthy Way, Oceanside, NY 11572, United States","http://www.southnassau.org/","+1 516-632-3000","https://www.google.com/maps/place/South+Nassau+Communities+Hospital:+Sokolsky+Lawrence+T+MD/data=!4m7!3m6!1s0x89c27b68305dacad:0xd3918b4bfe4dbf26!8m2!3d40.6518935!4d-73.6309555!16s%2Fg%2F1vh_9913!19sChIJraxdMGh7wokRJr9N_kuLkdM?authuser=0&hl=en&rclk=1"
"Alfieri Nancy E","","","Doctor","1983 Marcus Ave # E139, New Hyde Park, NY 11042, United States","http://profiles.health.ny.gov/","+1 516-326-6500","https://www.google.com/maps/place/Alfieri+Nancy+E/data=!4m7!3m6!1s0x89c28828c51d672f:0xc1f1a8428f479213!8m2!3d40.7568753!4d-73.6950073!16s%2Fg%2F1tdym3v_!19sChIJL2cdxSiIwokRE5JHj0Ko8cE?authuser=0&hl=en&rclk=1"
"NYU LANGONE HEALTH HOME CARE","2.3","3","Home health care service","290 Old Country Rd, Mineola, NY 11501, United States","https://nyuwinthrop.org/services/home-healthcare/","+1 516-663-8000","https://www.google.com/maps/place/NYU+LANGONE+HEALTH+HOME+CARE/data=!4m7!3m6!1s0x89c27d50f65c13dd:0x5ebdd722bde211ec!8m2!3d40.7384212!4d-73.6436014!16s%2Fg%2F1tmqh3mv!19sChIJ3RNc9lB9wokR7BHivSLXvV4?authuser=0&hl=en&rclk=1"
"Ozanam Hall of Queens Nursing Home","3.3","51","Retirement community","42-41 201st St, Auburndale, NY 11361, United States","http://www.ozanamhall.org/","+1 718-423-2000","https://www.google.com/maps/place/Ozanam+Hall+of+Queens+Nursing+Home/data=!4m7!3m6!1s0x89c261da6490c41f:0xd63b252b45b07175!8m2!3d40.758739!4d-73.782191!16s%2Fg%2F1tj1s_yy!19sChIJH8SQZNphwokRdXGwRSslO9Y?authuser=0&hl=en&rclk=1"
"Maple Pointe Senior Living","4.4","78","Assisted living facility","260 Maple Ave, Rockville Centre, NY 11570, United States","https://www.chelseaseniorliving.com/locations/the-chelsea-at-maple-pointe/","+1 516-764-4848","https://www.google.com/maps/place/Maple+Pointe+Senior+Living/data=!4m7!3m6!1s0x89c27b5da6408253:0xdbc035946c5b6c3b!8m2!3d40.6581633!4d-73.6322595!16s%2Fg%2F1tdk1j15!19sChIJU4JApl17wokRO2xbbJQ1wNs?authuser=0&hl=en&rclk=1"
"The Bristal Assisted Living at North Woodmere","4.8","42","Assisted living facility","477 Hungry Harbor Rd, North Woodmere, NY 11581, United States","https://thebristal.com/find-a-community/long-island-ny/north-woodmere/","+1 516-336-2600","https://www.google.com/maps/place/The+Bristal+Assisted+Living+at+North+Woodmere/data=!4m7!3m6!1s0x89c2644f72b05407:0xc84b18ce011ef389!8m2!3d40.6438089!4d-73.7234562!16s%2Fg%2F1tfp_rwr!19sChIJB1Swck9kwokRifMeAc4YS8g?authuser=0&hl=en&rclk=1"
"Clove Lakes Healthcare and Rehabilitation Center","4.2","208","Rehabilitation center","25 Fanning St, Staten Island, NY 10314, United States","http://clovelakes.com/","+1 718-289-7900","https://www.google.com/maps/place/Clove+Lakes+Healthcare+and+Rehabilitation+Center/data=!4m7!3m6!1s0x89c24e82eb31a1d3:0xb2613896671308f1!8m2!3d40.6087184!4d-74.1225761!16s%2Fg%2F1tm69vtl!19sChIJ06Ex64JOwokR8QgTZ5Y4YbI?authuser=0&hl=en&rclk=1"
"Northwell Health Nassau Day Training Program","","","Medical clinic","600 Hempstead Turnpike 1st Floor, West Hempstead, NY 11552, United States","https://www.northwell.edu/doctors-offices/northwell-health-nassau-day-training-program","+1 516-939-2290","https://www.google.com/maps/place/Northwell+Health+Nassau+Day+Training+Program/data=!4m7!3m6!1s0x89c2633de46b8445:0x95861a6f8369b57e!8m2!3d40.7067648!4d-73.66245!16s%2Fg%2F11l6zp1lsv!19sChIJRYRr5D1jwokRfrVpg28ahpU?authuser=0&hl=en&rclk=1"
"The Pavilion at Queens for Rehabilitation & Nursing","3.8","240","Nursing home","36-17 Parsons Blvd, Queens, NY 11354, United States","https://www.pavilionrehab.com/","+1 718-888-5200","https://www.google.com/maps/place/The+Pavilion+at+Queens+for+Rehabilitation+%26+Nursing/data=!4m7!3m6!1s0x89c26019a1d6c4c1:0xc3f4a77e96caf37b!8m2!3d40.764149!4d-73.822773!16s%2Fg%2F11bc7ms1v7!19sChIJwcTWoRlgwokRe_PKln6n9MM?authuser=0&hl=en&rclk=1"
"Horizon Care Center","4.0","33","Nursing home","6411 Beach Channel Dr, Arverne, NY 11692, United States","http://www.horizoncarecenter.com/","+1 718-945-0700","https://www.google.com/maps/place/Horizon+Care+Center/data=!4m7!3m6!1s0x89c2688a670dec43:0xe275081e834b9da5!8m2!3d40.5925172!4d-73.7935787!16s%2Fg%2F1tdkb_ct!19sChIJQ-wNZ4powokRpZ1Lgx4IdeI?authuser=0&hl=en&rclk=1"
"Long Island Jewish Home Care","5.0","1","Home health care service","1983 Marcus Ave # E139, New Hyde Park, NY 11042, United States","","+1 516-326-6500","https://www.google.com/maps/place/Long+Island+Jewish+Home+Care/data=!4m7!3m6!1s0x89c28828c51d672f:0x573deb5442607d85!8m2!3d40.756733!4d-73.6951279!16s%2Fg%2F1tgb88j9!19sChIJL2cdxSiIwokRhX1gQlTrPVc?authuser=0&hl=en&rclk=1"
"North Shore University Hospital","3.3","748","University hospital","300 Community Dr, Manhasset, NY 11030, United States","https://nsuh.northwell.edu/?utm_source=provider_listing&utm_medium=partner&utm_campaign=doctor_dot_com","+1 516-562-0100","https://www.google.com/maps/place/North+Shore+University+Hospital/data=!4m7!3m6!1s0x89c289b53192463d:0xff195b2a75d11cf6!8m2!3d40.7756967!4d-73.7011493!16s%2Fm%2F04g3pf5!19sChIJPUaSMbWJwokR9hzRdSpbGf8?authuser=0&hl=en&rclk=1"
"Long Island Living Center","3.9","20","Assisted living facility","431 Beach 20th St, Far Rockaway, NY 11691, United States","http://livingcenteralp.com/","+1 718-327-2700","https://www.google.com/maps/place/Long+Island+Living+Center/data=!4m7!3m6!1s0x89c268a9496431b1:0xfdb76e1516df94e0!8m2!3d40.5992314!4d-73.7544026!16s%2Fg%2F1twy_gqf!19sChIJsTFkSalowokR4JTfFhVut_0?authuser=0&hl=en&rclk=1"
"Forest View Center","4.3","160","Nursing home","71-20 110th St, Forest Hills, NY 11375, United States","http://www.fvrehab.com/","+1 718-793-3200","https://www.google.com/maps/place/Forest+View+Center/data=!4m7!3m6!1s0x89c2609d8fbadc6f:0x8816d3b5076d637e!8m2!3d40.721763!4d-73.841538!16s%2Fg%2F1tk640z9!19sChIJb9y6j51gwokRfmNtB7XTFog?authuser=0&hl=en&rclk=1"
"Peninsula Nursing and Rehabilitation","3.9","139","Nursing home","50-15 Beach Channel Dr, Queens, NY 11691, United States","http://peninsulanrc.com/","+1 718-734-2000","https://www.google.com/maps/place/Peninsula+Nursing+and+Rehabilitation/data=!4m7!3m6!1s0x89c26603ff5c9ec1:0x945ae270c6c91e8e!8m2!3d40.5947832!4d-73.7815472!16s%2Fg%2F1tfzydvt!19sChIJwZ5c_wNmwokRjh7JxnDiWpQ?authuser=0&hl=en&rclk=1"
"Oceanview Nursing Home","4.7","55","Nursing home","315 Beach 9th St, Far Rockaway, NY 11691, United States","http://www.oceanviewnh.com/","+1 718-471-6000","https://www.google.com/maps/place/Oceanview+Nursing+Home/data=!4m7!3m6!1s0x89c26f5486ad6f1d:0x6a697b321bd92dbf!8m2!3d40.5978392!4d-73.7453494!16s%2Fg%2F1tjfhs99!19sChIJHW-thlRvwokRvy3ZGzJ7aWo?authuser=0&hl=en&rclk=1"
"The Bristal Assisted Living at Lynbrook","4.7","38","Assisted living facility","8 Freer St, Lynbrook, NY 11563, United States","https://thebristal.com/find-a-community/long-island-ny/lynbrook/","+1 516-593-2424","https://www.google.com/maps/place/The+Bristal+Assisted+Living+at+Lynbrook/data=!4m7!3m6!1s0x89c264939278a2d1:0x84b7a29f0877f0e!8m2!3d40.6560431!4d-73.68421!16s%2Fg%2F1vk6_4m6!19sChIJ0aJ4kpNkwokRDn-H8Cl6Swg?authuser=0&hl=en&rclk=1"
"Ny Health Providers & Subacute","","","Public health department","1979 Marcus Ave, New Hyde Park, NY 11042, United States","","","https://www.google.com/maps/place/Ny+Health+Providers+%26+Subacute/data=!4m7!3m6!1s0x89c288294dd16781:0x58c37015e3467f22!8m2!3d40.7552251!4d-73.6934286!16s%2Fg%2F1tn4z2bw!19sChIJgWfRTSmIwokRIn9G4xVww1g?authuser=0&hl=en&rclk=1"
"Long Island Jewish Forest Hills","3.0","749","Hospital","102-01 66th Rd, Forest Hills, NY 11375, United States","https://foresthills.northwell.edu/?utm_source=provider_listing&utm_medium=partner&utm_campaign=doctor_dot_com","+1 718-830-4000","https://www.google.com/maps/place/Long+Island+Jewish+Forest+Hills/data=!4m7!3m6!1s0x89c25e2e4d14ce8b:0x6fee5c58bcc9fef!8m2!3d40.7289817!4d-73.8516337!16s%2Fg%2F11ggs25s63!19sChIJi84UTS5ewokR75_Mi8Xl_gY?authuser=0&hl=en&rclk=1"
"Resort Nursing Home","3.4","39","Nursing home","430 Beach 68th St, Queens, NY 11692, United States","https://www.resortnh.net/","+1 718-474-5200","https://www.google.com/maps/place/Resort+Nursing+Home/data=!4m7!3m6!1s0x89c26861bc325d35:0xa0de16ca06c2b7ea!8m2!3d40.5934531!4d-73.7969948!16s%2Fg%2F1tdn9lny!19sChIJNV0yvGFowokR6rfCBsoW3qA?authuser=0&hl=en&rclk=1"
"Haven Manor Health Care","2.7","12","Nursing home","1441 Gateway Blvd, Queens, NY 11691, United States","http://www.hmhcc.com/","+1 718-471-1500","https://www.google.com/maps/place/Haven+Manor+Health+Care/data=!4m7!3m6!1s0x89c268aae255c239:0x2a58897b9967f9ed!8m2!3d40.6007832!4d-73.7499739!16s%2Fg%2F1tj97b68!19sChIJOcJV4qpowokR7flnmXuJWCo?authuser=0&hl=en&rclk=1"
"Elim Healthcare Services PT. PC.","5.0","1","Physical therapy clinic","196-21 Hillside Ave., Hollis, NY 11423, United States","","+1 718-776-3129","https://www.google.com/maps/place/Elim+Healthcare+Services+PT.+PC./data=!4m7!3m6!1s0x89c26173e9addd97:0xcd0d3f2f691daada!8m2!3d40.7180403!4d-73.7663814!16s%2Fg%2F1tdbrsyz!19sChIJl92t6XNhwokR2qodaS8_Dc0?authuser=0&hl=en&rclk=1"
"Atria Park of Great Neck","4.3","61","Assisted living facility","51 Great Neck Rd, Great Neck, NY 11021, United States","https://atriaseniorliving.com/retirement-communities/atria-park-of-great-neck-great-neck-ny/?utm_source=GMB&utm_medium=Chatmeter","+1 516-829-4100","https://www.google.com/maps/place/Atria+Park+of+Great+Neck/data=!4m7!3m6!1s0x89c289971a1ea897:0x42f6085571ccc401!8m2!3d40.7860432!4d-73.7285241!16s%2Fg%2F1tmqs8yt!19sChIJl6geGpeJwokRAcTMcVUI9kI?authuser=0&hl=en&rclk=1"
"LIJ Northwell","2.4","30","General hospital","270-5 76th Ave, Queens, NY 11040, United States","http://lij.northwell.edu/","+1 718-470-7500","https://www.google.com/maps/place/LIJ+Northwell/data=!4m7!3m6!1s0x89c2639bcbd3e41f:0xe4d567d3deed5c33!8m2!3d40.7547658!4d-73.7074!16s%2Fg%2F11h4lk4rms!19sChIJH-TTy5tjwokRM1zt3tNn1eQ?authuser=0&hl=en&rclk=1"
"NYU Langone Long Island Cardiac Care","5.0","1","Hospital","1 Hollow Ln #103, New Hyde Park, NY 11042, United States","http://nyulangone.org/","+1 516-869-5400","https://www.google.com/maps/place/NYU+Langone+Long+Island+Cardiac+Care/data=!4m7!3m6!1s0x89c288315e3a73c5:0xdb199c59907ccc3f!8m2!3d40.7660111!4d-73.6947314!16s%2Fg%2F1tk9rpm6!19sChIJxXM6XjGIwokRP8x8kFmcGds?authuser=0&hl=en&rclk=1"
"Northwell Health-GoHealth Urgent Care","4.6","269","Urgent care center","3571 Long Beach Rd, Oceanside, NY 11572, United States","https://www.gohealthuc.com/northwell/locations/oceanside?utm_source=gmb&utm_medium=organic&utm_content=northwell-oceanside","+1 516-531-6055","https://www.google.com/maps/place/Northwell+Health-GoHealth+Urgent+Care/data=!4m7!3m6!1s0x89c27bac751efabb:0x92736f744b2190d7!8m2!3d40.6229245!4d-73.6386816!16s%2Fg%2F11f62n6phn!19sChIJu_oedax7wokR15AhS3Rvc5I?authuser=0&hl=en&rclk=1"
"Union Plaza Care Center","4.8","246","Rehabilitation center","33-23 Union St, Queens, NY 11354, United States","http://unionplazacares.com/","+1 718-670-0700","https://www.google.com/maps/place/Union+Plaza+Care+Center/data=!4m7!3m6!1s0x89c2601b87327b0d:0x10c2236fd3b7c9ed!8m2!3d40.7672806!4d-73.8268649!16s%2Fg%2F1tdgw9qg!19sChIJDXsyhxtgwokR7cm3028jwhA?authuser=0&hl=en&rclk=1"
"Franklin Hospital Home Care","3.0","2","Home health care service","444 Merrick Rd # 300, Lynbrook, NY 11563, United States","","+1 516-256-6540","https://www.google.com/maps/place/Franklin+Hospital+Home+Care/data=!4m7!3m6!1s0x89c2649621dc03bf:0x693a19f0edf5c6a4!8m2!3d40.6583685!4d-73.6772091!16s%2Fg%2F1vq9n63f!19sChIJvwPcIZZkwokRpMb17fAZOmk?authuser=0&hl=en&rclk=1"
"Meadowbrook Care Center","4.5","276","Rehabilitation center","320 W Merrick Rd, Freeport, NY 11520, United States","http://www.meadowbrookcarecenter.com/","+1 516-377-8200","https://www.google.com/maps/place/Meadowbrook+Care+Center/data=!4m7!3m6!1s0x89c27b8f7e9508cf:0xe79ec00e35f2b82d!8m2!3d40.65254!4d-73.59447!16s%2Fg%2F1tgmx62v!19sChIJzwiVfo97wokRLbjyNQ7Anuc?authuser=0&hl=en&rclk=1"
"Glen Cove Center for Nursing And Rehabilitation","4.0","108","Rehabilitation center","6 Medical Plaza, Glen Cove, NY 11542, United States","https://glencoverehab.com/","+1 516-656-8000","https://www.google.com/maps/place/Glen+Cove+Center+for+Nursing+And+Rehabilitation/data=!4m7!3m6!1s0x89c285111ac49421:0xfd45255cf2a1d395!8m2!3d40.874993!4d-73.623386!16s%2Fg%2F1tcysrnh!19sChIJIZTEGhGFwokRldOh8lwlRf0?authuser=0&hl=en&rclk=1"
"St. Albans Community Living Center","4.2","598","Military hospital","179-00 Linden Blvd, Queens, NY 11425, United States","https://www.nyharbor.va.gov/locations/st_albans_community_living_center.asp","+1 718-526-1000","https://www.google.com/maps/place/St.+Albans+Community+Living+Center/data=!4m7!3m6!1s0x89c2614a661f9cb7:0x7c34814d0e9a31db!8m2!3d40.6908402!4d-73.7685245!16s%2Fg%2F1td394_x!19sChIJt5wfZkphwokR2zGaDk2BNHw?authuser=0&hl=en&rclk=1"
"LEE Divine Mercy Hospital","4.0","4","Hospital","908 Franklin Ave, Valley Stream, NY 11580, United States","","+1 646-475-1195","https://www.google.com/maps/place/LEE+Divine+Mercy+Hospital/data=!4m7!3m6!1s0x89c263650f0ea279:0x6affc6dbd4dc135!8m2!3d40.6812066!4d-73.6865181!16s%2Fg%2F11f4q_bz78!19sChIJeaIOD2VjwokRNcFNvW38rwY?authuser=0&hl=en&rclk=1"
"Adult & Pediatric NP House Calls","5.0","97","Doctor","","https://apnphousecalls.com/","+1 516-725-5853","https://www.google.com/maps/place/Adult+%26+Pediatric+NP+House+Calls/data=!4m7!3m6!1s0x89c2855830e03287:0xb537d283bc1b6fb8!8m2!3d40.915446!4d-72.8083298!16s%2Fg%2F11h8ht78_d!19sChIJhzLgMFiFwokRuG8bvIPSN7U?authuser=0&hl=en&rclk=1"
"Long Term Home Health Care","","","Home health care service","290 Old Country Rd, Mineola, NY 11501, United States","","+1 516-663-8050","https://www.google.com/maps/place/Long+Term+Home+Health+Care/data=!4m7!3m6!1s0x89c27d50f65c13dd:0x118f3c7d3a9b41a3!8m2!3d40.7384212!4d-73.6436014!16s%2Fg%2F1tf43wvq!19sChIJ3RNc9lB9wokRo0GbOn08jxE?authuser=0&hl=en&rclk=1"
"Mount Sinai South Nassau - Long Beach, Primary Care","4.0","8","Medical clinic","761 Franklin Blvd, Long Beach, NY 11561, United States","https://www.southnassau.org/main/long-beach?utm_campaign=longbeach&utm_source=googlemybusiness&utm_medium=organic&utm_content=","+1 516-544-2351","https://www.google.com/maps/place/Mount+Sinai+South+Nassau+-+Long+Beach,+Primary+Care/data=!4m7!3m6!1s0x89c27aac7a5d31f5:0xf32fa1226ecea88b!8m2!3d40.5940616!4d-73.6500294!16s%2Fg%2F11g81f847j!19sChIJ9TFdeqx6wokRi6jObiKhL_M?authuser=0&hl=en&rclk=1"
"The Bristal Assisted Living at North Hills","4.6","29","Assisted living facility","99 S Service Rd, North Hills, NY 11040, United States","https://thebristal.com/find-a-community/long-island-ny/north-hills/","+1 516-869-1300","https://www.google.com/maps/place/The+Bristal+Assisted+Living+at+North+Hills/data=!4m7!3m6!1s0x89c28833a512ff43:0x59e596c11ef95acf!8m2!3d40.769291!4d-73.6868153!16s%2Fg%2F1tdm97m5!19sChIJQ_8SpTOIwokRz1r5HsGW5Vk?authuser=0&hl=en&rclk=1"
"Eger Healthcare","2.1","64","Nursing home","140 Meisner Ave, Staten Island, NY 10306, United States","http://www.eger.org/","+1 718-979-1800","https://www.google.com/maps/place/Eger+Healthcare/data=!4m7!3m6!1s0x89c24c06bfaa0a79:0x16c192312b0c4da0!8m2!3d40.5794232!4d-74.1305095!16s%2Fg%2F1v6qjjjb!19sChIJeQqqvwZMwokRoE0MKzGSwRY?authuser=0&hl=en&rclk=1"
"The Regency At Glen Cove","4.6","25","Assisted living facility","94 School St, Glen Cove, NY 11542, United States","https://www.theregencyatglencove.com/","+1 516-674-3007","https://www.google.com/maps/place/The+Regency+At+Glen+Cove/data=!4m7!3m6!1s0x89c2857357b4e67f:0x859f7cd6a02f6663!8m2!3d40.8673051!4d-73.6302762!16s%2Fg%2F1tdfzndk!19sChIJf-a0V3OFwokRY2YvoNZ8n4U?authuser=0&hl=en&rclk=1"
"Mount Sinai South Nassau - Maternal Fetal Medicine","4.0","98","Medical Center","8 Oceanside Rd, Rockville Centre, NY 11570, United States","https://www.southnassau.org/sn/maternal-fetal-medicine1","+1 516-632-4636","https://www.google.com/maps/place/Mount+Sinai+South+Nassau+-+Maternal+Fetal+Medicine/data=!4m7!3m6!1s0x89c27b87933a48c9:0x8a8372ca7c0ef47f!8m2!3d40.6534712!4d-73.6318289!16s%2Fg%2F11f62h3wkd!19sChIJyUg6k4d7wokRf_QOfMpyg4o?authuser=0&hl=en&rclk=1"
"Hempstead Park Nursing Home","3.0","34","Nursing home","800 Front St, Hempstead, NY 11550, United States","https://hempsteadparknh.com/","+1 516-705-9700","https://www.google.com/maps/place/Hempstead+Park+Nursing+Home/data=!4m7!3m6!1s0x89c27da8f21ef943:0xcc418a4827665a63!8m2!3d40.7088869!4d-73.6026056!16s%2Fg%2F1td145vf!19sChIJQ_ke8qh9wokRY1pmJ0iKQcw?authuser=0&hl=en&rclk=1"
"Brandywine Living at The Savoy","4.6","69","Assisted living facility","5515 Little Neck Pkwy, Queens, NY 11362, United States","https://www.brandycare.com/the-savoy?utm_source=GMB&utm_medium=Yext","+1 347-632-0299","https://www.google.com/maps/place/Brandywine+Living+at+The+Savoy/data=!4m7!3m6!1s0x89c289dd74384a53:0x784e01e7fe223351!8m2!3d40.7650755!4d-73.7236715!16s%2Fg%2F1tqcm46_!19sChIJU0o4dN2JwokRUTMi_ucBTng?authuser=0&hl=en&rclk=1"
"Northern Manhattan Nursing","3.2","84","Nursing home","116 E 125th St, New York, NY 10035, United States","https://nmrehab.org/","+1 212-426-1284","https://www.google.com/maps/place/Northern+Manhattan+Nursing/data=!4m7!3m6!1s0x89c2f60a4621aa9b:0xafbda3e596909281!8m2!3d40.8045785!4d-73.9382868!16s%2Fg%2F1tk4s2d4!19sChIJm6ohRgr2wokRgZKQluWjva8?authuser=0&hl=en&rclk=1"
"Nassau County Department of Health","3.0","38","Public health department","200 County Seat Dr, Mineola, NY 11501, United States","https://www.nassaucountyny.gov/1652/Health-Department","+1 516-227-9697","https://www.google.com/maps/place/Nassau+County+Department+of+Health/data=!4m7!3m6!1s0x89c27d9a8bbaf7f1:0x624e981e09c6f2d8!8m2!3d40.7341988!4d-73.6347319!16s%2Fg%2F1z44b16fg!19sChIJ8fe6i5p9wokR2PLGCR6YTmI?authuser=0&hl=en&rclk=1"
"Chapin Home for the Aging","4.5","69","Nursing home","165-01 Chapin Pkwy, Jamaica, NY 11432, United States","http://www.chapinhome.org/","+1 718-739-2523","https://www.google.com/maps/place/Chapin+Home+for+the+Aging/data=!4m7!3m6!1s0x89c260e4045c48f5:0xa46e72f5df6f5d26!8m2!3d40.7145733!4d-73.8013774!16s%2Fg%2F1tj8bbl4!19sChIJ9UhcBORgwokRJl1v3_VybqQ?authuser=0&hl=en&rclk=1"
"Harmony Healthcare Long Island at Roosevelt","3.0","59","Medical Center","380 Nassau Rd, Roosevelt, NY 11575, United States","https://www.harmonyhealthcareli.org/health-care-locations/#roosevelt","+1 516-571-8600","https://www.google.com/maps/place/Harmony+Healthcare+Long+Island+at+Roosevelt/data=!4m7!3m6!1s0x89c27c43adf74929:0xf94e7bd858271fe7!8m2!3d40.6817821!4d-73.5908425!16s%2Fg%2F1tvw5vst!19sChIJKUn3rUN8wokR5x8nWNh7Tvk?authuser=0&hl=en&rclk=1"
"Fulton Commons Care Center","3.4","120","Nursing home","60 Merrick Ave, East Meadow, NY 11554, United States","https://thegrandhealthcare.com/fultoncommons/","+1 516-222-9300","https://www.google.com/maps/place/Fulton+Commons+Care+Center/data=!4m7!3m6!1s0x89c27debec89841f:0x4b037301e3c9d72a!8m2!3d40.7208896!4d-73.5780088!16s%2Fg%2F1tfjrmr0!19sChIJH4SJ7Ot9wokRKtfJ4wFzA0s?authuser=0&hl=en&rclk=1"
"Forest Manor Care Center Inc","","","Nursing home","6 Medical Plaza, Glen Cove, NY 11542, United States","","+1 516-671-9010","https://www.google.com/maps/place/Forest+Manor+Care+Center+Inc/data=!4m7!3m6!1s0x89c285111ac49ff1:0xcd4d0eaabe28a9d8!8m2!3d40.8748669!4d-73.6225138!16s%2Fg%2F1261qv9wc!19sChIJ8Z_EGhGFwokR2KkovqoOTc0?authuser=0&hl=en&rclk=1"
"Hillside Manor Rehabilitation","4.4","139","Nursing home","18215 Hillside Ave., Jamaica, NY 11432, United States","http://www.hillsidemanorrehab.com/","+1 718-291-8200","https://www.google.com/maps/place/Hillside+Manor+Rehabilitation/data=!4m7!3m6!1s0x89c2610d63fedc91:0x56117925946f651!8m2!3d40.7139847!4d-73.7800216!16s%2Fg%2F113gg22rm!19sChIJkdz-Yw1hwokRUfZGWZIXYQU?authuser=0&hl=en&rclk=1"
"Mental Health Association of Nassau County","4.1","28","Mental health service","16 Main St, Hempstead, NY 11550, United States","http://www.mhanc.org/","+1 516-489-2322","https://www.google.com/maps/place/Mental+Health+Association+of+Nassau+County/data=!4m7!3m6!1s0x89c27d1c3cfd20bf:0x61e2b29ad0044b62!8m2!3d40.7070902!4d-73.6230628!16s%2Fg%2F1th4b9rz!19sChIJvyD9PBx9wokRYksE0Jqy4mE?authuser=0&hl=en&rclk=1"
"Cohen Children's Medical Center","3.5","589","Children's hospital","269-01 76th Ave, Queens, NY 11040, United States","https://childrenshospital.northwell.edu/?utm_source=provider_listing&utm_medium=partner&utm_campaign=doctor_dot_com","+1 718-470-3000","https://www.google.com/maps/place/Cohen+Children%27s+Medical+Center/data=!4m7!3m6!1s0x89c26278d86417a3:0x107a6b9549b26803!8m2!3d40.7539529!4d-73.7084374!16s%2Fg%2F1hc6yg9y6!19sChIJoxdk2HhiwokRA2iySZVrehA?authuser=0&hl=en&rclk=1"
"Nassau County Ofcs & Instttns","","","Nursing home","875 Jerusalem Ave, Uniondale, NY 11553, United States","","+1 516-572-1400","https://www.google.com/maps/place/Nassau+County+Ofcs+%26+Instttns/data=!4m7!3m6!1s0x89c27e0955555555:0x711e99c392f4b201!8m2!3d40.6982903!4d-73.5855022!16s%2Fg%2F1hc1n7ln9!19sChIJVVVVVQl-wokRAbL0ksOZHnE?authuser=0&hl=en&rclk=1"
"NYC Health + Hospitals / Queens","4.0","120","Hospital","82-68 164th St, Jamaica, NY 11432, United States","https://www.nychealthandhospitals.org/queens/","+1 718-883-2134","https://www.google.com/maps/place/NYC+Health+%2B+Hospitals+%2F+Queens/data=!4m7!3m6!1s0x89c260e4ff0ad11f:0x3b4d3f119976a190!8m2!3d40.7173378!4d-73.8038952!16s%2Fg%2F11f78w95pm!19sChIJH9EK_-RgwokRkKF2mRE_TTs?authuser=0&hl=en&rclk=1"
"Mount Sinai Queens","2.4","624","General hospital","25-10 30th Ave., Long Island City, NY 11102, United States","https://www.mountsinai.org/locations/queens?utm_source=Yext&utm_medium=local_listing&utm_campaign=MSHQ&y_source=1_MTgwODM1NS03MTUtbG9jYXRpb24ud2Vic2l0ZQ%3D%3D","+1 718-932-1000","https://www.google.com/maps/place/Mount+Sinai+Queens/data=!4m7!3m6!1s0x89c25f4870578f43:0x909638963f87c55b!8m2!3d40.7680983!4d-73.9248696!16s%2Fm%2F04g3nps!19sChIJQ49XcEhfwokRW8WHP5Y4lpA?authuser=0&hl=en&rclk=1"
"South Shore Rehabilitation and Nursing Center","4.1","78","Rehabilitation center","275 W Merrick Rd, Freeport, NY 11520, United States","http://southshorerehab.net/","+1 516-623-4000","https://www.google.com/maps/place/South+Shore+Rehabilitation+and+Nursing+Center/data=!4m7!3m6!1s0x89c27b875192bd67:0x163c692ac873830c!8m2!3d40.6519072!4d-73.5919236!16s%2Fg%2F11hyn867s9!19sChIJZ72SUYd7wokRDINzyCppPBY?authuser=0&hl=en&rclk=1"
"NYC Health Hospitals/Carter","3.4","45","Nursing home","1752 Park Ave, New York, NY 10035, United States","https://www.nychealthandhospitals.org/carter/","+1 646-694-6680","https://www.google.com/maps/place/NYC+Health+Hospitals%2FCarter/data=!4m7!3m6!1s0x89c2f7d32ebfcaaf:0x9a29ff5414f5e4d1!8m2!3d40.8031431!4d-73.9407141!16s%2Fg%2F12lltsrws!19sChIJr8q_LtP3wokR0eT1FFT_KZo?authuser=0&hl=en&rclk=1"
"Sunrise of Glen Cove","4.0","8","Assisted living facility","39 Forest Ave, Glen Cove, NY 11542, United States","https://www.sunriseseniorliving.com/communities/ny/sunrise-of-glen-cove?utm_source=directory_listings","+1 516-656-0575","https://www.google.com/maps/place/Sunrise+of+Glen+Cove/data=!4m7!3m6!1s0x89c2851bddf15f2f:0x90224cc217b41b18!8m2!3d40.8717539!4d-73.6272212!16s%2Fg%2F1th7z883!19sChIJL1_x3RuFwokRGBu0F8JMIpA?authuser=0&hl=en&rclk=1"
"Glen Cove Hospital","3.8","131","General hospital","101 St Andrews Ln, Glen Cove, NY 11542, United States","https://glencove.northwell.edu/?utm_source=provider_listing&utm_medium=partner&utm_campaign=doctor_dot_com","+1 516-674-7300","https://www.google.com/maps/place/Glen+Cove+Hospital/data=!4m7!3m6!1s0x89c2850e23c8de8b:0xa82d357cd1924cb0!8m2!3d40.8709747!4d-73.6223814!16s%2Fm%2F04g3f27!19sChIJi97IIw6FwokRsEyS0Xw1Lag?authuser=0&hl=en&rclk=1"
"The Grand Rehabilitation and Nursing at Queens","3.7","83","Rehabilitation center","157-15 19th Ave, Queens, NY 11357, United States","http://thegrandhealthcare.com/queens","+1 718-746-0400","https://www.google.com/maps/place/The+Grand+Rehabilitation+and+Nursing+at+Queens/data=!4m7!3m6!1s0x89c28a8e35111185:0xab5ecc75c23c24f4!8m2!3d40.781478!4d-73.8051262!16s%2Fg%2F1tdb9s0k!19sChIJhRERNY6KwokR9CQ8wnXMXqs?authuser=0&hl=en&rclk=1"
"NYC Health + Hospitals/Elmhurst","2.5","1,452","Hospital","79-01 Broadway, Queens, NY 11373, United States","https://www.nychealthandhospitals.org/elmhurst/","+1 718-334-4000","https://www.google.com/maps/place/NYC+Health+%2B+Hospitals%2FElmhurst/data=!4m7!3m6!1s0x89c25f952277668b:0xe966fa47d6e25e55!8m2!3d40.7446774!4d-73.8860322!16s%2Fm%2F04g38cw!19sChIJi2Z3IpVfwokRVV7i1kf6Zuk?authuser=0&hl=en&rclk=1"
"Flushing Hospital Medical Center","2.9","732","General hospital","4500 Parsons Blvd, Queens, NY 11355, United States","http://www.flushinghospital.org/","+1 718-670-5000","https://www.google.com/maps/place/Flushing+Hospital+Medical+Center/data=!4m7!3m6!1s0x89c2603e7e81613f:0x6968e2f82b599add!8m2!3d40.7554667!4d-73.8161975!16s%2Fg%2F1tlbq1v6!19sChIJP2GBfj5gwokR3ZpZK_jiaGk?authuser=0&hl=en&rclk=1"
"Garden City Primary Medical Care","3.1","17","Medical clinic","1000 Franklin Ave #300, Garden City, NY 11530, United States","http://gardencityprimarycare.com/","+1 516-248-6868","https://www.google.com/maps/place/Garden+City+Primary+Medical+Care/data=!4m7!3m6!1s0x89c27d46ab045637:0x29596d20337b190e!8m2!3d40.7298094!4d-73.6361112!16s%2Fg%2F11b6dxt24c!19sChIJN1YEq0Z9wokRDhl7MyBtWSk?authuser=0&hl=en&rclk=1"
"Nassau Pulmonary & Critical Care Medicine","","","Medical clinic","891 Northern Blvd, Great Neck, NY 11021, United States","http://www.nassaupulm.com/","+1 516-773-6300","https://www.google.com/maps/place/Nassau+Pulmonary+%26+Critical+Care+Medicine/data=!4m7!3m6!1s0x89c289ae15c4af85:0x4dc32177d126db7!8m2!3d40.7848073!4d-73.7086352!16s%2Fg%2F11cmhfxrsd!19sChIJha_EFa6JwokRt20SfRcy3AQ?authuser=0&hl=en&rclk=1"
"NYC Health + Hospitals/McKinney","2.6","15","Nursing home","594 Albany Ave, Brooklyn, NY 11203, United States","https://www.nychealthandhospitals.org/mckinney/","+1 718-245-7000","https://www.google.com/maps/place/NYC+Health+%2B+Hospitals%2FMcKinney/data=!4m7!3m6!1s0x89c25b6337df9f8d:0x6e534bf3306f6b7f!8m2!3d40.6597775!4d-73.9402667!16s%2Fg%2F1tjrqx0x!19sChIJjZ_fN2NbwokRf2tvMPNLU24?authuser=0&hl=en&rclk=1"
"Precious Pearls Home Health Care of Queens","5.0","10","Home health care service","","https://preciouspearlshomecarequeens.com/","+1 917-544-5578","https://www.google.com/maps/place/Precious+Pearls+Home+Health+Care+of+Queens/data=!4m7!3m6!1s0x64e3912a89000bad:0x5bd69342d0268aa9!8m2!3d40.651018!4d-73.871192!16s%2Fg%2F11sjv3n4kf!19sChIJrQsAiSqR42QRqYom0EKT1ls?authuser=0&hl=en&rclk=1"
"Kings Harbor Multicare Center","4.1","180","Nursing home","2000 E Gun Hill Rd, Bronx, NY 10469, United States","http://www.kingsharbor.com/","+1 718-320-0400","https://www.google.com/maps/place/Kings+Harbor+Multicare+Center/data=!4m7!3m6!1s0x89c28ca559c0b543:0x36510be41405cd4d!8m2!3d40.8604455!4d-73.8301616!16s%2Fg%2F1v6p56kc!19sChIJQ7XAWaWMwokRTc0FFOQLUTY?authuser=0&hl=en&rclk=1"
"Central Assisted Living","4.9","10","Assisted living facility","1509 Central Ave, Queens, NY 11691, United States","https://www.centralassistedliving.com/","+1 718-471-7700","https://www.google.com/maps/place/Central+Assisted+Living/data=!4m7!3m6!1s0x89c26600b645e6f9:0x81950c1c266691c4!8m2!3d40.6055913!4d-73.7511435!16s%2Fg%2F1tdzs1jp!19sChIJ-eZFtgBmwokRxJFmJhwMlYE?authuser=0&hl=en&rclk=1"