Name,Rating,Reviews,Category,Address,Website,Phone,Url
"Assure Distribution","5.0","16","Distribution service","","https://www.assuredistribution.com/","+1 888-698-9590","https://www.google.com/maps/place/Assure+Distribution/data=!4m7!3m6!1s0x89c265e037b6a051:0x586c388e918c436!8m2!3d46.423669!4d-129.9427086!16s%2Fg%2F11jgyd3d0r!19sChIJUaC2N-BlwokRNsQY6YjDhgU?authuser=0&hl=en&rclk=1"
"Amazon Distribution Center (DBU3)","3.9","41","Distribution service","2 Westbury Ave, Carle Place, NY 11514, United States","","","https://www.google.com/maps/place/Amazon+Distribution+Center+%28DBU3%29/data=!4m7!3m6!1s0x89c287667277ab73:0x6b708c55e5f9ebe6!8m2!3d40.7477191!4d-73.6220944!16s%2Fg%2F11nyr_4gjr!19sChIJc6t3cmaHwokR5uv55VWMcGs?authuser=0&hl=en&rclk=1"
"Affirma Distributors","4.0","5","Distribution service","","https://affirmadistributors.com/","+1 516-244-3318","https://www.google.com/maps/place/Affirma+Distributors/data=!4m7!3m6!1s0x89c27bea013e8ddd:0xac7c9116831d85fa!8m2!3d46.423669!4d-129.9427086!16s%2Fg%2F11kqw00vt3!19sChIJ3Y0-Aep7wokR-oUdgxaRfKw?authuser=0&hl=en&rclk=1"
"Shah Distributor Inc.","4.2","5","Distribution service","47 Roselle St, Mineola, NY 11501, United States","","+1 516-492-3168","https://www.google.com/maps/place/Shah+Distributor+Inc./data=!4m7!3m6!1s0x89c262eb31b90597:0xe675bbbd26905e!8m2!3d40.7535153!4d-73.6357535!16s%2Fg%2F1tgdv1jl!19sChIJlwW5MetiwokRXpAmvbt15gA?authuser=0&hl=en&rclk=1"
"SLR Food DIstribution","","","Warehouse","495 W John St, Hicksville, NY 11801, United States","","+1 516-437-3782","https://www.google.com/maps/place/SLR+Food+DIstribution/data=!4m7!3m6!1s0x89c281d234e9a4d9:0x1b939bcf10d418da!8m2!3d40.7652225!4d-73.5458855!16s%2Fg%2F11qp1v5xrs!19sChIJ2aTpNNKBwokR2hjUEM-bkxs?authuser=0&hl=en&rclk=1"
"City Wide Distributors","","","Distribution service","35 Jericho Turnpike, Mineola, NY 11501, United States","http://www.citywidedistributors.com/","+1 516-521-6612","https://www.google.com/maps/place/City+Wide+Distributors/data=!4m7!3m6!1s0x89c287efab58b59d:0xc658759ccc039208!8m2!3d40.7506405!4d-73.6361038!16s%2Fg%2F1tgs1w23!19sChIJnbVYq--HwokRCJIDzJx1WMY?authuser=0&hl=en&rclk=1"
"Monaco Distribution Inc.","","","Distribution service","","http://www.facebook.com/monacodistributioninc","+1 516-399-0231","https://www.google.com/maps/place/Monaco+Distribution+Inc./data=!4m7!3m6!1s0x89c27fd60c5b1b75:0xc75d383b9eee2437!8m2!3d40.2003854!4d-76.1535438!16s%2Fg%2F1hc0rd3tt!19sChIJdRtbDNZ_wokRNyTunjs4Xcc?authuser=0&hl=en&rclk=1"
"USPS Logistical and Distribution Center","2.9","86","Distribution service","288 Grumman Rd W, Bethpage, NY 11714, United States","https://www.usps.com/welcome.htm","+1 516-349-5000","https://www.google.com/maps/place/USPS+Logistical+and+Distribution+Center/data=!4m7!3m6!1s0x89c280422c3bb7e3:0x1567924de2da99e6!8m2!3d40.7464206!4d-73.4950056!16s%2Fg%2F1tj97b7p!19sChIJ47c7LEKAwokR5pna4k2SZxU?authuser=0&hl=en&rclk=1"
"V.C.I.","","","Distribution service","","","+1 917-685-6464","https://www.google.com/maps/place/V.C.I./data=!4m7!3m6!1s0x89c27d50e608d495:0xc2c000566716b2d!8m2!3d46.423669!4d-129.9427086!16s%2Fg%2F11q_0dt7vf!19sChIJldQI5lB9wokRLWtxZgUALAw?authuser=0&hl=en&rclk=1"
"Cloud Coast Distribution","5.0","3","Distribution service","","http://cloud-coast.com/","+1 929-217-6998","https://www.google.com/maps/place/Cloud+Coast+Distribution/data=!4m7!3m6!1s0x6729da37d70513db:0x1e9e5e127c52add4!8m2!3d46.423669!4d-129.9427086!16s%2Fg%2F11svb8nxm6!19sChIJ2xMF1zfaKWcR1K1SfBJenh4?authuser=0&hl=en&rclk=1"
"Mineola Mack Distributors","5.0","1","Distribution service","880 S Oyster Bay Rd, Hicksville, NY 11801, United States","","+1 516-931-7915","https://www.google.com/maps/place/Mineola+Mack+Distributors/data=!4m7!3m6!1s0x89c2804d83f97717:0x3cdd18d80a4cacb!8m2!3d40.7606025!4d-73.5008908!16s%2Fg%2F1tjt2w5q!19sChIJF3f5g02AwokRy8qkgI3RzQM?authuser=0&hl=en&rclk=1"
"SBG Distribution LLC","5.0","1","Distribution service","257 E 2nd St, Mineola, NY 11501, United States","http://sbgdistribution.com/","+1 516-853-7377","https://www.google.com/maps/place/SBG+Distribution+LLC/data=!4m7!3m6!1s0x89c287f5f7efffff:0xe58397055f07329!8m2!3d40.7447741!4d-73.623754!16s%2Fg%2F11h3vc22_0!19sChIJ___v9_WHwokRKXPwVXA5WA4?authuser=0&hl=en&rclk=1"
"Belco Distributors","","","Distribution service","100 Adams Blvd, Farmingdale, NY 11735, United States","https://www.belcodist.com/","+1 631-501-2020","https://www.google.com/maps/place/Belco+Distributors/data=!4m7!3m6!1s0x89e82b2ebac193e5:0xd75765cf31bbbe19!8m2!3d40.7174491!4d-73.4115066!16s%2Fg%2F11hy9p82kj!19sChIJ5ZPBui4r6IkRGb67Mc9lV9c?authuser=0&hl=en&rclk=1"
"Northwell Health Integrated Distribution Center","4.3","27","Warehouse","401 Grumman Rd W, Bethpage, NY 11714, United States","https://www.northwell.edu/","","https://www.google.com/maps/place/Northwell+Health+Integrated+Distribution+Center/data=!4m7!3m6!1s0x89c28044dd79dabd:0xc6e9d21eb6d575f0!8m2!3d40.749852!4d-73.4963325!16s%2Fg%2F1hc2jh6k9!19sChIJvdp53USAwokR8HXVth7S6cY?authuser=0&hl=en&rclk=1"
"Primeful Distribution Inc","","","Distribution service","309 Christopher St Suite # 9, Ronkonkoma, NY 11779, United States","https://primefuldistribution.com/","+1 888-503-5770","https://www.google.com/maps/place/Primeful+Distribution+Inc/data=!4m7!3m6!1s0x89e83707207ba455:0xddb2de60199673ab!8m2!3d40.7960985!4d-73.1380613!16s%2Fg%2F11p73q3_kw!19sChIJVaR7IAc36IkRq3OWGWDest0?authuser=0&hl=en&rclk=1"
"Advanced Distribution Systems, Inc.","4.3","33","Distribution service","614 NY-303, Blauvelt, NY 10913, United States","http://www.ads-outsource.com/","+1 201-767-7350","https://www.google.com/maps/place/Advanced+Distribution+Systems,+Inc./data=!4m7!3m6!1s0x89c2ee9a5921a767:0x987ff1f5e856ecce!8m2!3d41.0743222!4d-73.952263!16s%2Fg%2F1trxl69c!19sChIJZ6chWZruwokRzuxW6PXxf5g?authuser=0&hl=en&rclk=1"
"MSG Distributors Inc","5.0","2","Distribution service","10 Dubon Ct S, Farmingdale, NY 11735, United States","https://msgdistributors.com/","+1 631-801-1041","https://www.google.com/maps/place/MSG+Distributors+Inc/data=!4m7!3m6!1s0x89c25e11eea4e4ff:0x4bf52c9f095ea5c6!8m2!3d40.7515204!4d-73.4168139!16s%2Fg%2F113jvp67y!19sChIJ_-Sk7hFewokRxqVeCZ8s9Us?authuser=0&hl=en&rclk=1"
"Precision Logic Electronic Distributor","","","Electronic parts supplier","","https://precisionlogicinc.net/","+1 516-826-6200","https://www.google.com/maps/place/Precision+Logic+Electronic+Distributor/data=!4m7!3m6!1s0x89c27f96afe8e62f:0xbe478de5e3b143c1!8m2!3d14.1576412!4d-116.1291888!16s%2Fg%2F11j0bp2y7s!19sChIJL-bor5Z_wokRwUOx4-WNR74?authuser=0&hl=en&rclk=1"
"AZ Distributor","5.0","1","Distribution service","164-19 Hillside Ave., Queens, NY 11432, United States","","+1 516-597-0877","https://www.google.com/maps/place/AZ+Distributor/data=!4m7!3m6!1s0x89c2613da1fe4b33:0x4d443a8488ba3235!8m2!3d40.7091548!4d-73.7983595!16s%2Fg%2F11km_xgs2k!19sChIJM0v-oT1hwokRNTK6iIQ6RE0?authuser=0&hl=en&rclk=1"
"Comm-Power Supplies Corp","","","Distribution service","","","+1 516-375-2023","https://www.google.com/maps/place/Comm-Power+Supplies+Corp/data=!4m7!3m6!1s0xadcb79014d712dcd:0x5f40ce8ec3fc2f50!8m2!3d46.423669!4d-129.9427086!16s%2Fg%2F11sqpyw9zm!19sChIJzS1xTQF5y60RUC_8w47OQF8?authuser=0&hl=en&rclk=1"
"Advanced Distribution Systems, Inc.","4.3","33","Distribution service","614 NY-303, Blauvelt, NY 10913, United States","http://www.ads-outsource.com/","+1 201-767-7350","https://www.google.com/maps/place/Advanced+Distribution+Systems,+Inc./data=!4m7!3m6!1s0x89c2ee9a5921a767:0x987ff1f5e856ecce!8m2!3d41.0743222!4d-73.952263!16s%2Fg%2F1trxl69c!19sChIJZ6chWZruwokRzuxW6PXxf5g?authuser=0&hl=en&rclk=1"
"THERESIA DISTRIBUTORS","","","Distribution service","","https://theresiadistributors.com/","+1 516-693-8355","https://www.google.com/maps/place/THERESIA+DISTRIBUTORS/data=!4m7!3m6!1s0x4fbc93b8991aa4a9:0xc3e64c439231d487!8m2!3d40.922326!4d-72.637448!16s%2Fg%2F11vq6nn58y!19sChIJqaQambiTvE8Rh9QxkkNM5sM?authuser=0&hl=en&rclk=1"
"IT Source Distribution","5.0","9","Computer wholesaler","68 Newmans Ct, Hempstead, NY 11550, United States","https://itsourcedistribution.com/","+1 754-307-7776","https://www.google.com/maps/place/IT+Source+Distribution/data=!4m7!3m6!1s0x89c27d2e28f131c7:0x517d8a038770f892!8m2!3d40.7035816!4d-73.6286462!16s%2Fg%2F11h3hnys5b!19sChIJxzHxKC59wokRkvhwhwOKfVE?authuser=0&hl=en&rclk=1"
"Nassau Provisions","3.5","38","Distribution service","700 Furrows Rd, Holtsville, NY 11742, United States","http://www.nassauprovisions.com/","+1 516-378-5921","https://www.google.com/maps/place/Nassau+Provisions/data=!4m7!3m6!1s0x89c27bfadf9c05f7:0x2bd6d5d3d5901114!8m2!3d40.8109047!4d-73.0508067!16s%2Fg%2F1tqcm450!19sChIJ9wWc3_p7wokRFBGQ1dPV1is?authuser=0&hl=en&rclk=1"
"KMD Distributors Inc","5.0","1","Distribution service","3520 Hargale Rd Suite 200, Oceanside, NY 11572, United States","https://kmddistributors.wordpress.com/about/","+1 516-897-4500","https://www.google.com/maps/place/KMD+Distributors+Inc/data=!4m7!3m6!1s0x89c27adf346b433d:0xe6f04f4c55182405!8m2!3d40.6254751!4d-73.6353921!16s%2Fg%2F1v44fx4m!19sChIJPUNrNN96wokRBSQYVUxP8OY?authuser=0&hl=en&rclk=1"
"Comm-Power Supplies Corp","","","Distribution service","","","+1 516-375-2023","https://www.google.com/maps/place/Comm-Power+Supplies+Corp/data=!4m7!3m6!1s0xadcb79014d712dcd:0x5f40ce8ec3fc2f50!8m2!3d46.423669!4d-129.9427086!16s%2Fg%2F11sqpyw9zm!19sChIJzS1xTQF5y60RUC_8w47OQF8?authuser=0&hl=en&rclk=1"
"Pincover Industrial llc","","","Distribution service","","http://pincoverindustrial.com/","+1 212-569-1010","https://www.google.com/maps/place/Pincover+Industrial+llc/data=!4m7!3m6!1s0x89c26333afa3d537:0xddc5d22e0274a4a5!8m2!3d46.423669!4d-129.9427086!16s%2Fg%2F11g7z9ndw_!19sChIJN9WjrzNjwokRpaR0Ai7Sxd0?authuser=0&hl=en&rclk=1"
"Precision Logic Electronic Distributor","","","Electronic parts supplier","","https://precisionlogicinc.net/","+1 516-826-6200","https://www.google.com/maps/place/Precision+Logic+Electronic+Distributor/data=!4m7!3m6!1s0x89c27f96afe8e62f:0xbe478de5e3b143c1!8m2!3d14.1576412!4d-116.1291888!16s%2Fg%2F11j0bp2y7s!19sChIJL-bor5Z_wokRwUOx4-WNR74?authuser=0&hl=en&rclk=1"
"Rahman Distributors Inc","5.0","5","Distribution service","3617 36th St, Astoria, NY 11106, United States","","+1 917-396-4882","https://www.google.com/maps/place/Rahman+Distributors+Inc/data=!4m7!3m6!1s0x89c25f2f0b529a27:0xf4f66f9acafb642c!8m2!3d40.7542209!4d-73.9259683!16s%2Fg%2F1hc5y7rjh!19sChIJJ5pSCy9fwokRLGT7yppv9vQ?authuser=0&hl=en&rclk=1"
"Bi-County Distributors Inc","5.0","6","Distribution service","33 Comac Loop #5, Ronkonkoma, NY 11779, United States","","+1 631-588-5922","https://www.google.com/maps/place/Bi-County+Distributors+Inc/data=!4m7!3m6!1s0x89e8371d2ed87e23:0x8399c4a84b187d5b!8m2!3d40.7931829!4d-73.1473035!16s%2Fg%2F1tgnspp9!19sChIJI37YLh036IkRW30YS6jEmYM?authuser=0&hl=en&rclk=1"
"Quality King Distributors, Inc","4.2","25","Distribution service","201 Comac St, Ronkonkoma, NY 11779, United States","https://www.qkd.com/","+1 631-467-4580","https://www.google.com/maps/place/Quality+King+Distributors,+Inc/data=!4m7!3m6!1s0x89e83700cec25761:0x19c6a785f7aaf610!8m2!3d40.7934341!4d-73.136444!16s%2Fg%2F1tgpz73c!19sChIJYVfCzgA36IkREPaq94Wnxhk?authuser=0&hl=en&rclk=1"
"NY Snacks, Yorkshire Food Sales","2.7","7","Distribution service","2000 Plaza Ave, New Hyde Park, NY 11040, United States","http://www.nysnacks.com/","+1 516-328-1400","https://www.google.com/maps/place/NY+Snacks,+Yorkshire+Food+Sales/data=!4m7!3m6!1s0x89c262bfb6c2613d:0xe7c50734c822b88c!8m2!3d40.732978!4d-73.6751219!16s%2Fg%2F1tf3cgbl!19sChIJPWHCtr9iwokRjLgiyDQHxec?authuser=0&hl=en&rclk=1"
"Bi-Lo Distributors Ltd","3.9","23","Distribution service","5 Hub Dr, Melville, NY 11747, United States","https://www.biloltd.net/","+1 631-845-9780","https://www.google.com/maps/place/Bi-Lo+Distributors+Ltd/data=!4m7!3m6!1s0x89e82a5c18fcd889:0x33b8e6d1f2814428!8m2!3d40.7605201!4d-73.4370054!16s%2Fg%2F1vyk3jqw!19sChIJidj8GFwq6IkRKESB8tHmuDM?authuser=0&hl=en&rclk=1"
"National Distribution Center","4.3","3","Distribution service","4823 55th Ave, Flushing, NY 11378, United States","","","https://www.google.com/maps/place/National+Distribution+Center/data=!4m7!3m6!1s0x89c25ec132bafd87:0x302949fa9c4f35e!8m2!3d40.7287578!4d-73.9183419!16s%2Fg%2F1ttphthd!19sChIJh_26MsFewokRXvPEqZ-UAgM?authuser=0&hl=en&rclk=1"
"S S Ny Distribution Inc","","","Distribution service","14717 176th St, Jamaica, NY 11434, United States","","+1 718-376-2002","https://www.google.com/maps/place/S+S+Ny+Distribution+Inc/data=!4m7!3m6!1s0x89c2669361f1664b:0xf3a992df47831e9d!8m2!3d40.6602951!4d-73.769699!16s%2Fg%2F1tp285np!19sChIJS2bxYZNmwokRnR6DR9-SqfM?authuser=0&hl=en&rclk=1"
"Wally's Products","5.0","5","Distribution service","","","+1 631-902-4901","https://www.google.com/maps/place/Wally%27s+Products/data=!4m7!3m6!1s0xa59f1d4826ad6481:0x88b16a96b8d94074!8m2!3d40.8521095!4d-72.9490754!16s%2Fg%2F11tc2mky4n!19sChIJgWStJkgdn6URdEDZuJZqsYg?authuser=0&hl=en&rclk=1"
"Distribution International","4.8","4","Industrial equipment supplier","300 Karin Ln, Hicksville, NY 11801, United States","https://www.distributioninternational.com/","+1 516-932-9170","https://www.google.com/maps/place/Distribution+International/data=!4m7!3m6!1s0x89c28053b82ad2c1:0x35165510679cd8e!8m2!3d40.7614924!4d-73.5038591!16s%2Fg%2F1263kwzkg!19sChIJwdIquFOAwokRjs15BlFlUQM?authuser=0&hl=en&rclk=1"
"Nassau HQ","","","Warehouse","19 Dixon Ave, Copiague, NY 11726, United States","","+1 631-842-5553","https://www.google.com/maps/place/Nassau+HQ/data=!4m7!3m6!1s0x89e9d548ffb0f213:0xf0a7924e241a31aa!8m2!3d40.6847586!4d-73.4065104!16s%2Fg%2F11v0bkddrw!19sChIJE_Kw_0jV6YkRqjEaJE6Sp_A?authuser=0&hl=en&rclk=1"
"Evergreen Team USA","4.3","3","Distribution service","65 E Bethpage Rd #300, Plainview, NY 11803, United States","","+1 516-586-6575","https://www.google.com/maps/place/Evergreen+Team+USA/data=!4m7!3m6!1s0x89e82a0db8be05b1:0xafc6ed4333e6c102!8m2!3d40.7812185!4d-73.4553217!16s%2Fg%2F1wc48_j7!19sChIJsQW-uA0q6IkRAsHmM0Ptxq8?authuser=0&hl=en&rclk=1"
"SHRUBSS.","","","Distribution service","","","+1 877-277-4857","https://www.google.com/maps/place/SHRUBSS./data=!4m7!3m6!1s0xa23ee00a7f044641:0xf9546c394ceb06c5!8m2!3d46.423669!4d-129.9427086!16s%2Fg%2F11nnvg3_mt!19sChIJQUYEfwrgPqIRxQbrTDlsVPk?authuser=0&hl=en&rclk=1"
"Galaxy Distributors","4.0","4","Distribution service","1691 Church St B, Holbrook, NY 11741, United States","http://www.galaxydist.com/","+1 631-563-3990","https://www.google.com/maps/place/Galaxy+Distributors/data=!4m7!3m6!1s0x89e849cf31447d47:0x2fbe29ba8d70f1fc!8m2!3d40.7712104!4d-73.0704614!16s%2Fg%2F1tfc31cf!19sChIJR31EMc9J6IkR_PFwjbopvi8?authuser=0&hl=en&rclk=1"
"Akira's Palace","","","Distribution service","","","+1 516-859-3918","https://www.google.com/maps/place/Akira%27s+Palace/data=!4m7!3m6!1s0x27df560ec4c52c17:0xb1ba0b10608baa9!8m2!3d40.7157914!4d-73.5959689!16s%2Fg%2F11pzw2t065!19sChIJFyzFxA5W3ycRqboIBrGgGws?authuser=0&hl=en&rclk=1"
"MCN Distributors Inc","4.3","37","Distribution service","200 Smith St, Farmingdale, NY 11735, United States","https://mcndist.com/","+1 631-753-1800","https://www.google.com/maps/place/MCN+Distributors+Inc/data=!4m7!3m6!1s0x89e82baaeff61d25:0x160aa4632003d644!8m2!3d40.754195!4d-73.4158733!16s%2Fg%2F1tlbvrm0!19sChIJJR3276or6IkRRNYDIGOkChY?authuser=0&hl=en&rclk=1"
"State Warehouse Distributors","4.8","11","Warehouse","3346 Prince St, Flushing, NY 11354, United States","http://www.swdcorp.com/","+1 718-353-2525","https://www.google.com/maps/place/State+Warehouse+Distributors/data=!4m7!3m6!1s0x89c26005a5f8c921:0x6c0b72ceed678ac0!8m2!3d40.7652594!4d-73.8335238!16s%2Fg%2F1tfcp7zf!19sChIJIcn4pQVgwokRwIpn7c5yC2w?authuser=0&hl=en&rclk=1"
"FSR Technology Group Inc.","","","Distribution service","","","+1 516-531-6200","https://www.google.com/maps/place/FSR+Technology+Group+Inc./data=!4m7!3m6!1s0x89c281dee541dc0d:0x371b50633a134b6e!8m2!3d46.423669!4d-129.9427086!16s%2Fg%2F11gsb90cwj!19sChIJDdxB5d6BwokRbksTOmNQGzc?authuser=0&hl=en&rclk=1"
"LMS Industrial Distributors","5.0","1","Distribution service","20 Beverly Rd, Oakdale, NY 11769, United States","","+1 631-567-5400","https://www.google.com/maps/place/LMS+Industrial+Distributors/data=!4m7!3m6!1s0x89e8343afd8543d5:0xa92e78257a980dc1!8m2!3d40.7400701!4d-73.1496794!16s%2Fg%2F1tjtk9fr!19sChIJ1UOF_To06IkRwQ2YeiV4Lqk?authuser=0&hl=en&rclk=1"
"Sysco Long Island - Food Distributor & Restaurant Supplies","3.6","167","Food products supplier","199 Lowell Ave, Central Islip, NY 11722, United States","https://sysco.com/Contact/Contact/Our-Locations/Long-Island?utm_medium=googlemybusiness&utm_source=google.com&utm_campaign=gmb_opcopages&utm_content=Long%20Island","+1 631-342-7400","https://www.google.com/maps/place/Sysco+Long+Island+-+Food+Distributor+%26+Restaurant+Supplies/data=!4m7!3m6!1s0x89e8312eaec2ae33:0xa6de54c44f98e5cf!8m2!3d40.7919863!4d-73.1878775!16s%2Fg%2F12624ksxh!19sChIJM67Cri4x6IkRz-WYT8RU3qY?authuser=0&hl=en&rclk=1"
"Clover Distributor","4.0","1","Distribution service","5149 35th St, Long Island City, NY 11101, United States","","+1 718-729-6721","https://www.google.com/maps/place/Clover+Distributor/data=!4m7!3m6!1s0x89c25ecd21f6c23b:0x251791c313a6d2c0!8m2!3d40.7361549!4d-73.934574!16s%2Fg%2F1td3sd_l!19sChIJO8L2Ic1ewokRwNKmE8ORFyU?authuser=0&hl=en&rclk=1"
"Marathon Foodservice","","","Distribution service","","","+1 631-234-4333","https://www.google.com/maps/place/Marathon+Foodservice/data=!4m4!3m3!1s0x89e837a2bba40bc5:0x9b1b753d5010ffb0!16s%2Fg%2F11b76brf1l!19sChIJxQuku6I36IkRsP8QUD11G5s?authuser=0&hl=en&rclk=1"
"FDC Distributions USA Corp","5.0","1","Distribution service","","","+1 917-702-1304","https://www.google.com/maps/place/FDC+Distributions+USA+Corp/data=!4m7!3m6!1s0x89c2f38b1ed0afb9:0x45934a75f708fbba!8m2!3d40.94438!4d-73.8642945!16s%2Fg%2F11n2z6m3bs!19sChIJua_QHovzwokRuvsI93VKk0U?authuser=0&hl=en&rclk=1"
"BCS International Corp.","3.3","39","Food products supplier","47-15 33rd St, Queens, NY 11101, United States","http://www.bcsroyal.com/","+1 718-392-3355","https://www.google.com/maps/place/BCS+International+Corp./data=!4m7!3m6!1s0x89c25ed3937153b7:0x221ce1d455b6386b!8m2!3d40.7423233!4d-73.93174!16s%2Fg%2F1pp2vm1_n!19sChIJt1Nxk9NewokRazi2VdThHCI?authuser=0&hl=en&rclk=1"
"Wallys Products","","","Distribution service","","","+1 631-902-4901","https://www.google.com/maps/place/Wallys+Products/data=!4m7!3m6!1s0x9f5dcdaf39b3781:0x42c157cd77e3c7c5!8m2!3d40.8521095!4d-72.9490754!16s%2Fg%2F11s7dtm78m!19sChIJgTeb89rc9QkRxcfjd81XwUI?authuser=0&hl=en&rclk=1"
"The Hemp Brands","","","Distribution service","","","","https://www.google.com/maps/place/The+Hemp+Brands/data=!4m7!3m6!1s0x6cd69280c331f6d3:0xce4aaa78a37d359c!8m2!3d46.423669!4d-129.9427086!16s%2Fg%2F11rmv4cyzy!19sChIJ0_Yxw4CS1mwRnDV9o3iqSs4?authuser=0&hl=en&rclk=1"
"AR Distributors Inc","5.0","5","Tobacco supplier","2077 9th Ave, Ronkonkoma, NY 11779, United States","","+1 631-750-6575","https://www.google.com/maps/place/AR+Distributors+Inc/data=!4m7!3m6!1s0x89e83635d8c4af9d:0xd3a2242f554f402f!8m2!3d40.7943677!4d-73.1414173!16s%2Fg%2F11g8v5hf3r!19sChIJna_E2DU26IkRL0BPVS8kotM?authuser=0&hl=en&rclk=1"
"Mercedes Distribution Center Inc","1.0","1","Distribution service","63 Flushing Ave #3, Brooklyn, NY 11205, United States","","+1 718-534-3000","https://www.google.com/maps/place/Mercedes+Distribution+Center+Inc/data=!4m7!3m6!1s0x89c25bcff08b4d11:0xd76e95397fc22917!8m2!3d40.6985052!4d-73.9719769!16s%2Fg%2F12llcv163!19sChIJEU2L8M9bwokRFynCfzmVbtc?authuser=0&hl=en&rclk=1"
"Athenee Imports Distributors","3.0","2","Distribution service","515 Peninsula Blvd, Hempstead, NY 11550, United States","https://atheneeimporters.com/","+1 516-505-4800","https://www.google.com/maps/place/Athenee+Imports+Distributors/data=!4m7!3m6!1s0x89c27ce0ce815249:0xeadc75d4284a2115!8m2!3d40.6997299!4d-73.6280822!16s%2Fg%2F1th299zk!19sChIJSVKBzuB8wokRFSFKKNR13Oo?authuser=0&hl=en&rclk=1"
"Distribution International","4.5","12","Industrial equipment supplier","11-40 Borden Ave, Long Island City, NY 11101, United States","https://www.distributioninternational.com/","+1 718-472-4006","https://www.google.com/maps/place/Distribution+International/data=!4m7!3m6!1s0x89c2593ad60e78cf:0x4ea3e10e5fdcd0f5!8m2!3d40.7402437!4d-73.950605!16s%2Fg%2F1ptxhswvb!19sChIJz3gO1jpZwokR9dDcXw7ho04?authuser=0&hl=en&rclk=1"
"Amazon Distribution Center","4.5","2","Distribution service","546 Gulf Ave, Staten Island, NY 10303, United States","","","https://www.google.com/maps/place/Amazon+Distribution+Center/data=!4m7!3m6!1s0x89c24d0c4458be95:0x4ebbf3f43117f116!8m2!3d40.6155047!4d-74.1795183!16s%2Fg%2F11gr3tygj9!19sChIJlb5YRAxNwokRFvEXMfTzu04?authuser=0&hl=en&rclk=1"
"Sparta Food Distributors Inc","4.7","18","Distribution service","3359 Vernon Blvd, Long Island City, NY 11106, United States","","+1 718-956-4500","https://www.google.com/maps/place/Sparta+Food+Distributors+Inc/data=!4m7!3m6!1s0x89c258cbba7bf595:0x4a25cc0eba045bf5!8m2!3d40.7656182!4d-73.9398723!16s%2Fg%2F1v6wq79h!19sChIJlfV7ustYwokR9VsEug7MJUo?authuser=0&hl=en&rclk=1"
"top distributors","3.6","30","Distribution service","","","+1 718-825-8804","https://www.google.com/maps/place/top+distributors/data=!4m7!3m6!1s0x89c28be7897d535f:0xe5f325ee5e1a0617!8m2!3d40.4347814!4d-73.6705386!16s%2Fg%2F11rcrj8l5t!19sChIJX1N9ieeLwokRFwYaXu4l8-U?authuser=0&hl=en&rclk=1"
"National Distribution Warehouse","3.7","3","Distribution service","1850 Utica Ave, Brooklyn, NY 11234, United States","","+1 718-251-0096","https://www.google.com/maps/place/National+Distribution+Warehouse/data=!4m7!3m6!1s0x89c24334d7c5faa7:0xb4cacd76947e813e!8m2!3d40.6271084!4d-73.9280874!16s%2Fg%2F1tg4xrpt!19sChIJp_rF1zRDwokRPoF-lHbNyrQ?authuser=0&hl=en&rclk=1"
"Crown USA Distributors Inc","4.0","6","Distribution service","1329 Jerome Ave, Bronx, NY 10452, United States","","+1 718-293-1921","https://www.google.com/maps/place/Crown+USA+Distributors+Inc/data=!4m7!3m6!1s0x89c2f43bdcde900d:0x8ba575ee14fe02df!8m2!3d40.8386973!4d-73.9189952!16s%2Fg%2F1td7v39b!19sChIJDZDe3Dv0wokR3wL-FO51pYs?authuser=0&hl=en&rclk=1"
"Giardoni Foods","","","Food products supplier","","https://giardonifoods.com/","+1 631-586-2331","https://www.google.com/maps/place/Giardoni+Foods/data=!4m7!3m6!1s0x89e82dc04012bebb:0xb84fd6f892cc3960!8m2!3d40.816942!4d-73.241533!16s%2Fg%2F1tsbn4ld!19sChIJu74SQMAt6IkRYDnMkvjWT7g?authuser=0&hl=en&rclk=1"
"iScholar, Inc.","4.5","4","Distribution service","","https://shopischolar.com/","+1 631-885-8032","https://www.google.com/maps/place/iScholar,+Inc./data=!4m7!3m6!1s0x89e9d349bf8aa457:0x93cd50fa0b926d1c!8m2!3d46.423669!4d-129.9427086!16s%2Fg%2F1tf76k79!19sChIJV6SKv0nT6YkRHG2SC_pQzZM?authuser=0&hl=en&rclk=1"
"JPL Industries: Bulk Wholesale Elf Bar, Elf Bar Ultra, Geek Bar, Glamee, Air Bar, Fume Vapes","","","Vaporizer store","","https://jplindustry.com/","","https://www.google.com/maps/place/JPL+Industries:+Bulk+Wholesale+Elf+Bar,+Elf+Bar+Ultra,+Geek+Bar,+Glamee,+Air+Bar,+Fume+Vapes/data=!4m7!3m6!1s0x4b853f53d17507dd:0x98649c65f68ec670!8m2!3d46.423669!4d-129.9427086!16s%2Fg%2F11k443zl5n!19sChIJ3Qd10VM_hUsRcMaO9mWcZJg?authuser=0&hl=en&rclk=1"
"VapeRanger Wholesale Disposable Vape, eJuice/eLiquid, & Hemp Products Distributor: 2500+ Brands","3.9","23","Vaporizer store","40 Melville Park Rd, Melville, NY 11747, United States","https://vaperanger.com/?UTM_source=GMB_listing&UTM_medium=organic","+1 631-777-3487","https://www.google.com/maps/place/VapeRanger+Wholesale+Disposable+Vape,+eJuice%2FeLiquid,+%26+Hemp+Products+Distributor:+2500%2B+Brands/data=!4m7!3m6!1s0x89e82ad0b3123121:0x5632a7b55874b181!8m2!3d40.7754208!4d-73.4131867!16s%2Fg%2F11dyx4xcdl!19sChIJITESs9Aq6IkRgbF0WLWnMlY?authuser=0&hl=en&rclk=1"
"Choe Natural Brands","","","Distribution service","","https://www.choenaturalbrands.com/","","https://www.google.com/maps/place/Choe+Natural+Brands/data=!4m7!3m6!1s0x2c013fc40df40885:0x85b754ae68d26e41!8m2!3d40.4347814!4d-73.6705386!16s%2Fg%2F11vjy3xqgx!19sChIJhQj0DcQ_ASwRQW7SaK5Ut4U?authuser=0&hl=en&rclk=1"
"Sonotec US","","","Distribution service","","http://www.sonotecusa.com/","+1 631-415-4758","https://www.google.com/maps/place/Sonotec+US/data=!4m7!3m6!1s0xb747015989e4029:0xd54e93cbba757645!8m2!3d46.423669!4d-129.9427086!16s%2Fg%2F11txztkf30!19sChIJKUCemBVwdAsRRXZ1usuTTtU?authuser=0&hl=en&rclk=1"
"East Coast Distribution","","","Distribution service","275 Central Park W #9f, New York, NY 10024, United States","http://ecd-usa.com/","+1 844-323-8721","https://www.google.com/maps/place/East+Coast+Distribution/data=!4m7!3m6!1s0x406607e35f9a2bbb:0x4c4d6fe6abb77385!8m2!3d40.7864756!4d-73.9688547!16s%2Fg%2F11b7c2rcc9!19sChIJuyuaX-MHZkARhXO3q-ZvTUw?authuser=0&hl=en&rclk=1"
"County-Wide Beverage Distributors","4.3","128","Beverage distributor","55 E Merrick Rd, Valley Stream, NY 11580, United States","http://www.bigbeverage.net/","+1 516-825-0510","https://www.google.com/maps/place/County-Wide+Beverage+Distributors/data=!4m7!3m6!1s0x89c26488a0a6f383:0xcb97d951d0a5b6c5!8m2!3d40.6644574!4d-73.6960649!16s%2Fg%2F1vfp93v3!19sChIJg_OmoIhkwokRxbal0FHZl8s?authuser=0&hl=en&rclk=1"
"S & A Distribution Inc.","","","Distribution service","29 W 34th St. 3rd floor, New York, NY 10001, United States","","+1 212-293-9100","https://www.google.com/maps/place/S+%26+A+Distribution+Inc./data=!4m7!3m6!1s0x89c259a9736396c3:0xab6aabfd03434b86!8m2!3d40.7494534!4d-73.9863081!16s%2Fg%2F11b5qs49lt!19sChIJw5Zjc6lZwokRhktDA_2raqs?authuser=0&hl=en&rclk=1"
"Supermarket Distributors of America","3.8","5","Wholesaler","1626 Locust Ave, Bohemia, NY 11716, United States","http://www.sdaccs.com/","+1 631-273-3900","https://www.google.com/maps/place/Supermarket+Distributors+of+America/data=!4m7!3m6!1s0x89e830d125473db9:0x111eeee2889da335!8m2!3d40.7840032!4d-73.1186463!16s%2Fg%2F11b6ghtwxw!19sChIJuT1HJdEw6IkRNaOdiOLuHhE?authuser=0&hl=en&rclk=1"
"Brooklyn Distribution Center","2.1","47","Distribution service","1194 Metropolitan Ave, Brooklyn, NY 11237, United States","","+1 718-497-1385","https://www.google.com/maps/place/Brooklyn+Distribution+Center/data=!4m7!3m6!1s0x89c25eaebcfd0b55:0x18082b713e29362e!8m2!3d40.7139674!4d-73.9292447!16s%2Fg%2F1tff8jmj!19sChIJVQv9vK5ewokRLjYpPnErCBg?authuser=0&hl=en&rclk=1"
"China Daily Distribution Corporation","","","Distribution service","1500 Broadway #2800, New York, NY 10036, United States","http://www.chinadaily.com.cn/cd/usa.html","+1 212-537-8888","https://www.google.com/maps/place/China+Daily+Distribution+Corporation/data=!4m7!3m6!1s0x89c258551f3d36a3:0x36e18d8b607546b3!8m2!3d40.7568244!4d-73.9856588!16s%2Fg%2F1hc46thgc!19sChIJozY9H1VYwokRs0Z1YIuN4TY?authuser=0&hl=en&rclk=1"
"LLM Distributors USA","5.0","1","Distribution service","","","","https://www.google.com/maps/place/LLM+Distributors+USA/data=!4m7!3m6!1s0x89c2e9d1548ce5e5:0xfdec019777744ce4!8m2!3d46.423669!4d-129.9427086!16s%2Fg%2F11jk2sn8sb!19sChIJ5eWMVNHpwokR5Ex0d5cB7P0?authuser=0&hl=en&rclk=1"
"License 2 Play","2.5","15","Toy manufacturer","","https://license-2-play.com/","+1 516-496-3479","https://www.google.com/maps/place/License+2+Play/data=!4m7!3m6!1s0x89c28184224938ab:0xcf930095bdbba71a!8m2!3d46.423669!4d-129.9427086!16s%2Fg%2F11dxd__20p!19sChIJqzhJIoSBwokRGqe7vZUAk88?authuser=0&hl=en&rclk=1"
"ACC Distribution","","","Distribution service","6 W 18th St, New York, NY 10011, United States","http://www.accdistribution.com/us","+1 212-645-1111","https://www.google.com/maps/place/ACC+Distribution/data=!4m7!3m6!1s0x89c259bd256bfca5:0xb26f35358c8edc3b!8m2!3d40.7386998!4d-73.9927914!16s%2Fg%2F1tdwfvmz!19sChIJpfxrJb1ZwokRO9yOjDU1b7I?authuser=0&hl=en&rclk=1"
"International Warehouse Group","4.7","15","Warehouse","","http://www.intlwhsegrp.com/","+1 631-694-4397","https://www.google.com/maps/place/International+Warehouse+Group/data=!4m7!3m6!1s0x89e82a5d023dabed:0xd569488e8c8b54d3!8m2!3d32.8769575!4d-80.667584!16s%2Fg%2F1td5h4k_!19sChIJ7as9Al0q6IkR01SLjI5IadU?authuser=0&hl=en&rclk=1"
"Bashier Wholesale Distribution","3.7","3","Wholesaler","229 NY-303 #102, Congers, NY 10920, United States","https://bashierwholesale.com/","+1 845-786-5150","https://www.google.com/maps/place/Bashier+Wholesale+Distribution/data=!4m7!3m6!1s0x89c2c160031bd0d5:0x582e655063c0c73c!8m2!3d41.1616659!4d-73.9387842!16s%2Fg%2F1261d92x3!19sChIJ1dAbA2DBwokRPMfAY1BlLlg?authuser=0&hl=en&rclk=1"
"Pride Products","3.4","30","Wholesaler","4333 Veterans Memorial Hwy, Ronkonkoma, NY 11779, United States","http://www.prideproducts.com/","+1 631-737-4444","https://www.google.com/maps/place/Pride+Products/data=!4m7!3m6!1s0x89e837d49513ff69:0x87fc24841fe1fad6!8m2!3d40.7836971!4d-73.0925443!16s%2Fg%2F1vfp97gf!19sChIJaf8TldQ36IkR1vrhH4Qk_Ic?authuser=0&hl=en&rclk=1"
"Oficina","","","Warehouse","1952 Hempstead Tpke, East Meadow, NY 11554, United States","","","https://www.google.com/maps/place/Oficina/data=!4m7!3m6!1s0x89c27d06830d33b5:0xeda84ae15dc4562d!8m2!3d40.7237608!4d-73.5652378!16s%2Fg%2F11q40h9j_3!19sChIJtTMNgwZ9wokRLVbEXeFKqO0?authuser=0&hl=en&rclk=1"
"Nassau Candy","2.9","69","Confectionery wholesaler","300 Duffy Ave, Hicksville, NY 11801, United States","http://www.nassaucandy.com/","+1 516-433-7100","https://www.google.com/maps/place/Nassau+Candy/data=!4m7!3m6!1s0x89c280c54811590d:0x71b94acbc0308c56!8m2!3d40.7621394!4d-73.5451369!16s%2Fg%2F11b6b4zr0n!19sChIJDVkRSMWAwokRVowwwMtKuXE?authuser=0&hl=en&rclk=1"
"NY Dairy Distributors","","","Distribution service","","","+1 718-292-6104","https://www.google.com/maps/place/NY+Dairy+Distributors/data=!4m7!3m6!1s0x8c743cd38014743f:0xadc6e9ccab4f958c!8m2!3d46.423669!4d-129.9427086!16s%2Fg%2F11p6wt8b2j!19sChIJP3QUgNM8dIwRjJVPq8zpxq0?authuser=0&hl=en&rclk=1"
"L&R Distributors Inc.","3.8","8","Distribution service","88 35th St, Brooklyn, NY 11232, United States","http://www.lrdist.com/","+1 718-272-2100","https://www.google.com/maps/place/L%26R+Distributors+Inc./data=!4m7!3m6!1s0x89c25ceae19b3135:0xb4755685ebc0520b!8m2!3d40.6564158!4d-74.0067845!16s%2Fg%2F11fxvn09ms!19sChIJNTGb4epcwokRC1LA64VWdbQ?authuser=0&hl=en&rclk=1"
"LTN Wholesale Distributors","4.0","1","Distribution service","621 McLean Ave, Yonkers, NY 10705, United States","","+1 914-751-3574","https://www.google.com/maps/place/LTN+Wholesale+Distributors/data=!4m7!3m6!1s0x89c2f2f05e666fdf:0x5bed5dc9a7b5ed1a!8m2!3d40.9093323!4d-73.880009!16s%2Fg%2F1w8wbz59!19sChIJ329mXvDywokRGu21p8ld7Vs?authuser=0&hl=en&rclk=1"
"Mundo Distribution USA Inc","1.0","2","Distribution service","4424 5th Ave, Brooklyn, NY 11220, United States","","+1 718-853-0253","https://www.google.com/maps/place/Mundo+Distribution+USA+Inc/data=!4m7!3m6!1s0x89c25ab7c4374723:0xcbdc87fe41b7f672!8m2!3d40.6481227!4d-74.0075709!16s%2Fg%2F1w3w3yxp!19sChIJI0c3xLdawokRcva3Qf6H3Ms?authuser=0&hl=en&rclk=1"
"USA Wholesale & Retail","4.3","4","Warehouse store","346-350 Hendrickson Ave, Lynbrook, NY 11563, United States","","+1 516-808-8973","https://www.google.com/maps/place/USA+Wholesale+%26+Retail/data=!4m7!3m6!1s0x89c2649a8de399e3:0x873480f2fe1c181e!8m2!3d40.6641282!4d-73.6866672!16s%2Fg%2F11dyxkzss8!19sChIJ45njjZpkwokRHhgc_vKANIc?authuser=0&hl=en&rclk=1"
"Empire Smoke Distributors","4.5","51","Distribution service","56-01 Maspeth Ave, Queens, NY 11378, United States","http://empiresmokedist.com/","+1 516-682-2888","https://www.google.com/maps/place/Empire+Smoke+Distributors/data=!4m7!3m6!1s0x89c25f86f0f0a1a5:0xdafd3559923f26c6!8m2!3d40.7226462!4d-73.9151802!16s%2Fg%2F11fhvxm4z4!19sChIJpaHw8IZfwokRxiY_klk1_do?authuser=0&hl=en&rclk=1"
"P & K USA TRADING CORP.","4.0","8","Distribution service","5-48 46th Rd, Long Island City, NY 11101, United States","http://pkusatrading.com/","+1 718-888-9144","https://www.google.com/maps/place/P+%26+K+USA+TRADING+CORP./data=!4m7!3m6!1s0x89c25921550e58f7:0x1eb2d5ee4307f60a!8m2!3d40.7462658!4d-73.9538691!16s%2Fg%2F11clwnbnnn!19sChIJ91gOVSFZwokRCvYHQ-7Vsh4?authuser=0&hl=en&rclk=1"
"Eastern Star Distribution Co","5.0","1","Distribution service","2709 W 15th St, Brooklyn, NY 11224, United States","http://www.easternstarfood.com/","+1 718-449-2300","https://www.google.com/maps/place/Eastern+Star+Distribution+Co/data=!4m7!3m6!1s0x89c245b4a930e7f3:0x23c06601aff51dcf!8m2!3d40.5816498!4d-73.9832397!16s%2Fg%2F1tghf19b!19sChIJ8-cwqbRFwokRzx31rwFmwCM?authuser=0&hl=en&rclk=1"
"NAOT USA CORPORATE HQ","4.2","5","Distribution service","80 Ruland Rd, Melville, NY 11747, United States","http://www.naot.com/","+1 516-465-6268","https://www.google.com/maps/place/NAOT+USA+CORPORATE+HQ/data=!4m7!3m6!1s0x89e82ba630b6f83f:0xe76bc19cbb591839!8m2!3d40.7651057!4d-73.4109974!16s%2Fg%2F1tdkyqkh!19sChIJP_i2MKYr6IkRORhZu5zBa-c?authuser=0&hl=en&rclk=1"
"Long Island Beverage Systems","4.0","5","Beverage distributor","921 Conklin St # F, Farmingdale, NY 11735, United States","http://www.libev.com/","+1 631-777-3125","https://www.google.com/maps/place/Long+Island+Beverage+Systems/data=!4m7!3m6!1s0x89e82ae67b8d00d7:0x3cee92154a0a6abe!8m2!3d40.7382036!4d-73.4276218!16s%2Fg%2F1tpn3ly4!19sChIJ1wCNe-Yq6IkRvmoKShWS7jw?authuser=0&hl=en&rclk=1"
"B & D Distributors","","","Distribution service","320 Roebling St, Brooklyn, NY 11211, United States","https://bd-distributors.com/","+1 718-834-1324","https://www.google.com/maps/place/B+%26+D+Distributors/data=!4m7!3m6!1s0x89c25bde4fdf10dd:0xb60a55fbcafcc8c7!8m2!3d40.7087538!4d-73.961139!16s%2Fg%2F1tdyx8kz!19sChIJ3RDfT95bwokRx8j8yvtVCrY?authuser=0&hl=en&rclk=1"
"OZONE PARK CARRIER ANNEX — Post Office","2.7","501","Post office","1050 Forbell St, Brooklyn, NY 11256, United States","https://www.postallocations.com/ny/brooklyn/ozone-park-carrier-annex","+1 718-843-6776","https://www.google.com/maps/place/OZONE+PARK+CARRIER+ANNEX+%E2%80%94+Post+Office/data=!4m7!3m6!1s0x89c25d9945d7164b:0x1095c445a2fed253!8m2!3d40.6636586!4d-73.8629722!16s%2Fg%2F125_sdyzt!19sChIJSxbXRZldwokRU9L-okXElRA?authuser=0&hl=en&rclk=1"
"AK Distributors Usa Inc","","","Distribution service","295 Oser Ave, Hauppauge, NY 11788, United States","","+1 631-434-9700","https://www.google.com/maps/place/AK+Distributors+Usa+Inc/data=!4m7!3m6!1s0x89e83030cc874aeb:0xfadceb4c5ac62b26!8m2!3d40.8161253!4d-73.2590601!16s%2Fg%2F1q62k4b2c!19sChIJ60qHzDAw6IkRJivGWkzr3Po?authuser=0&hl=en&rclk=1"
"SONOTEC US Inc","","","Distribution service","","http://www.sonotecusa.com/","+1 631-415-4758","https://www.google.com/maps/place/SONOTEC+US+Inc/data=!4m7!3m6!1s0x69ad736cd0f44d45:0x37a1a89eca60bb65!8m2!3d46.423669!4d-129.9427086!16s%2Fg%2F11sssmtpfb!19sChIJRU300GxzrWkRZbtgyp6ooTc?authuser=0&hl=en&rclk=1"
"King Distributor","","","Distribution service","977 E 149th St, Bronx, NY 10455, United States","","+1 718-993-2922","https://www.google.com/maps/place/King+Distributor/data=!4m7!3m6!1s0x89c2f5bb0e1489ab:0x90445ec9350257f0!8m2!3d40.805451!4d-73.901008!16s%2Fg%2F1tlmp7v1!19sChIJq4kUDrv1wokR8FcCNcleRJA?authuser=0&hl=en&rclk=1"
"Gladiator Wine Distribution","4.9","31","Wine wholesaler and importer","112 W 34th St., New York, NY 10001, United States","http://gladiatorwine.com/","+1 646-560-3241","https://www.google.com/maps/place/Gladiator+Wine+Distribution/data=!4m7!3m6!1s0x89c259ae446c8fa9:0xec664e51a073ef07!8m2!3d40.7498313!4d-73.9887048!16s%2Fg%2F11c52lc_ph!19sChIJqY9sRK5ZwokRB-9zoFFOZuw?authuser=0&hl=en&rclk=1"
"Gramercy Distribution Inc","","","Distribution service","321 E 22nd St, New York, NY 10010, United States","","+1 212-505-0320","https://www.google.com/maps/place/Gramercy+Distribution+Inc/data=!4m7!3m6!1s0x89c2590afdae9c6d:0x3d5fb98ba3d87af1!8m2!3d40.7369456!4d-73.9802606!16s%2Fg%2F1hc1m06w5!19sChIJbZyu_QpZwokR8XrYo4u5Xz0?authuser=0&hl=en&rclk=1"
"CTKisses","5.0","1","Distribution service","","","+1 347-638-9066","https://www.google.com/maps/place/CTKisses/data=!4m7!3m6!1s0x6a1acc1be4396347:0xc988bcbbee5802fb!8m2!3d46.423669!4d-129.9427086!16s%2Fg%2F11tj2nx42_!19sChIJR2M55BvMGmoR-wJY7ru8iMk?authuser=0&hl=en&rclk=1"
"Nassau-suffolk Coaltion For The Homeless, Inc. - Food Distribution Center","5.0","1","Food bank","38 Old Country Rd, Garden City, NY 11530, United States","","","https://www.google.com/maps/place/Nassau-suffolk+Coaltion+For+The+Homeless,+Inc.+-+Food+Distribution+Center/data=!4m7!3m6!1s0x89c27d51f76096dd:0xd6cd891a089fd70a!8m2!3d40.7371464!4d-73.647824!16s%2Fg%2F11k6hh0860!19sChIJ3ZZg91F9wokRCtefCBqJzdY?authuser=0&hl=en&rclk=1"
"Essex House Coffee Co","","","Beverage distributor","","http://www.essexhousecoffee.com/","+1 516-546-0805","https://www.google.com/maps/place/Essex+House+Coffee+Co/data=!4m7!3m6!1s0x89c265525ad24817:0x255b2999f0b77b52!8m2!3d40.754757!4d-73.601734!16s%2Fg%2F1tdwfvsq!19sChIJF0jSWlJlwokRUnu38JkpWyU?authuser=0&hl=en&rclk=1"
"USPS Mid-Island Processing and Distribution Center","3.3","178","Mailing service","160 Duryea Rd, Melville, NY 11747, United States","http://www.usps.com/","+1 631-755-2575","https://www.google.com/maps/place/USPS+Mid-Island+Processing+and+Distribution+Center/data=!4m7!3m6!1s0x89e82a4cfe0829bd:0xd2f5141608773ec3!8m2!3d40.7642869!4d-73.4194129!16s%2Fg%2F1261sz_lq!19sChIJvSkI_kwq6IkRwz53CBYU9dI?authuser=0&hl=en&rclk=1"
"Nelson Snack Delights Distribution, Inc.","4.8","8","Distribution service","496 E 134th St, Bronx, NY 10454, United States","","+1 347-504-2110","https://www.google.com/maps/place/Nelson+Snack+Delights+Distribution,+Inc./data=!4m7!3m6!1s0x89c2f5e82dddc4f3:0x877984a0135a6dc4!8m2!3d40.8050804!4d-73.9216268!16s%2Fg%2F11f04fp1_p!19sChIJ88TdLej1wokRxG1aE6CEeYc?authuser=0&hl=en&rclk=1"
"Cool Spot Beverage","4.8","23","Beverage distributor","","","+1 631-225-5996","https://www.google.com/maps/place/Cool+Spot+Beverage/data=!4m7!3m6!1s0x89e9d48643ab58b5:0xfa400920c855ff1c!8m2!3d46.423669!4d-129.9427086!16s%2Fg%2F1vhkllbg!19sChIJtVirQ4bU6YkRHP9VyCAJQPo?authuser=0&hl=en&rclk=1"
"NYC Organic Distribution INC.","3.7","6","Distribution service","527 E 82nd St, Brooklyn, NY 11236, United States","https://nycorganiconline.com/","+1 347-425-4921","https://www.google.com/maps/place/NYC+Organic+Distribution+INC./data=!4m7!3m6!1s0x89c25bc97beb6793:0xdfc7b7262c3c6ded!8m2!3d40.6411455!4d-73.9166181!16s%2Fg%2F11fs_nqttk!19sChIJk2fre8lbwokR7W08LCa3x98?authuser=0&hl=en&rclk=1"
"ACW Doggie Treats Inc","5.0","1","Staple food package","","","+1 516-547-1064","https://www.google.com/maps/place/ACW+Doggie+Treats+Inc/data=!4m7!3m6!1s0x89c27f7ab0b84f3f:0xc35816ede5cc189!8m2!3d28.2993559!4d-81.4000657!16s%2Fg%2F11lkffxx_8!19sChIJP0-4sHp_wokRicFc3m6BNQw?authuser=0&hl=en&rclk=1"
"LocalFlyerDistribution.com Street Teams - Product Sampling - Flyer Distribution","5.0","1","Distribution service","Amsterdam Ave, New York, NY 10001, United States","","+1 212-537-6479","https://www.google.com/maps/place/LocalFlyerDistribution.com+Street+Teams+-+Product+Sampling+-+Flyer+Distribution/data=!4m7!3m6!1s0x89c258600b542db3:0xd1ff7e1b12eafb59!8m2!3d40.7788539!4d-73.9812462!16s%2Fg%2F1hf010qb9!19sChIJsy1UC2BYwokRWfvqEht-_9E?authuser=0&hl=en&rclk=1"
"Sultana Distribution Services Inc","3.5","50","Distribution service","600 Food Center Dr, Bronx, NY 10474, United States","http://www.sultanadist.com/","+1 877-617-5500","https://www.google.com/maps/place/Sultana+Distribution+Services+Inc/data=!4m7!3m6!1s0x89c2f51a44f53cef:0x4a801852caa1b9d4!8m2!3d40.8035866!4d-73.8713392!16s%2Fg%2F1tcyyc1p!19sChIJ7zz1RBr1wokR1LmhylIYgEo?authuser=0&hl=en&rclk=1"
"Swivel Chargers","","","Distribution service","","","+1 347-463-6816","https://www.google.com/maps/place/Swivel+Chargers/data=!4m7!3m6!1s0x89c261a0f3e3e7bf:0xcc12509b24617482!8m2!3d46.423669!4d-129.9427086!16s%2Fg%2F11hzg3k4pf!19sChIJv-fj86BhwokRgnRhJJtQEsw?authuser=0&hl=en&rclk=1"
"Distribution Services Inc","","","Distribution service","5903 West Side Ave #1004, North Bergen, NJ 07047, United States","","+1 201-867-8223","https://www.google.com/maps/place/Distribution+Services+Inc/data=!4m7!3m6!1s0x89c25801d6dbd051:0x3ef97a4a001c1e56!8m2!3d40.7983148!4d-74.0297047!16s%2Fg%2F125_w9qk2!19sChIJUdDb1gFYwokRVh4cAEp6-T4?authuser=0&hl=en&rclk=1"
"Shirah Seforim Distributors","5.0","1","Distribution service","","http://shirahdistributors.com/","+1 718-871-8652","https://www.google.com/maps/place/Shirah+Seforim+Distributors/data=!4m7!3m6!1s0x89c244d5392d2641:0x3f0c3178815b0ca3!8m2!3d46.423669!4d-129.9427086!16s%2Fg%2F11fxdxx9tz!19sChIJQSYtOdVEwokRowxbgXgxDD8?authuser=0&hl=en&rclk=1"
"Arrow Distributors","","","Distribution service","545 8th Ave, New York, NY 10018, United States","https://www.arrowdist.com/products-and-services","+1 212-760-4824","https://www.google.com/maps/place/Arrow+Distributors/data=!4m7!3m6!1s0x89c259ace6d616cd:0xf81e5c5a82735fbe!8m2!3d40.7544865!4d-73.9921838!16s%2Fg%2F1tk68lql!19sChIJzRbW5qxZwokRvl9zglpcHvg?authuser=0&hl=en&rclk=1"
"Athenian Ice Cream Co.","4.5","2","Distribution service","","","+1 631-266-5107","https://www.google.com/maps/place/Athenian+Ice+Cream+Co./data=!4m7!3m6!1s0x89e8257adc41626b:0xfb783e1f7ce8326d!8m2!3d40.9000905!4d-72.9123639!16s%2Fg%2F1td4w99b!19sChIJa2JB3Hol6IkRbTLofB8-ePs?authuser=0&hl=en&rclk=1"
"Emerald Foodservice Co.","","","Distribution service","","http://www.emeraldfoodservice.com/","+1 718-991-3382","https://www.google.com/maps/place/Emerald+Foodservice+Co./data=!4m7!3m6!1s0x89c2f5c39bf09ebf:0x6b16d137c9254907!8m2!3d40.6974881!4d-73.979681!16s%2Fg%2F1v6l8f36!19sChIJv57wm8P1wokRB0klyTfRFms?authuser=0&hl=en&rclk=1"
"MG Distributors","5.0","1","Distribution service","","","+1 914-208-5546","https://www.google.com/maps/place/MG+Distributors/data=!4m7!3m6!1s0x89c2ed11b3aefac3:0x5095c17e31600dac!8m2!3d40.94438!4d-73.8642945!16s%2Fg%2F11mw93pwns!19sChIJw_qusxHtwokRrA1gMX7BlVA?authuser=0&hl=en&rclk=1"
"USA Gas Selda Gas Corporation","4.6","29","Gas company","1146 Middle Country Rd, Middle Island, NY 11953, United States","","+1 631-775-8079","https://www.google.com/maps/place/USA+Gas+Selda+Gas+Corporation/data=!4m7!3m6!1s0x89e843683c51ee83:0x5781d3f79585972a!8m2!3d40.8854795!4d-72.92504!16s%2Fg%2F1tdph777!19sChIJg-5RPGhD6IkRKpeFlffTgVc?authuser=0&hl=en&rclk=1"
"RLS Inc","","","Distribution service","","","+1 914-512-4610","https://www.google.com/maps/place/RLS+Inc/data=!4m7!3m6!1s0xa25a703e18dc7b39:0xeeda1b3ea6496cd7!8m2!3d41.1191305!4d-73.7329966!16s%2Fg%2F11rn29390y!19sChIJOXvcGD5wWqIR12xJpj4b2u4?authuser=0&hl=en&rclk=1"
"Performance Foodservice - Metro NY","2.8","321","Distribution service","1 Ikea Dr, Elizabeth, NJ 07201, United States","http://performancefoodservice.com/metrony","+1 800-275-9500","https://www.google.com/maps/place/Performance+Foodservice+-+Metro+NY/data=!4m7!3m6!1s0x89c25280af620453:0x348a3fd6b6fae1c3!8m2!3d40.6706942!4d-74.1706542!16s%2Fg%2F1tdnm0p5!19sChIJUwRir4BSwokRw-H6ttY_ijQ?authuser=0&hl=en&rclk=1"