Name,Rating,Reviews,Category,Address,Website,Phone,Url
"AZ Distributor","5.0","1","Distribution service","164-19 Hillside Ave., Queens, NY 11432, United States","","+1 516-597-0877","https://www.google.com/maps/place/AZ+Distributor/data=!4m7!3m6!1s0x89c2613da1fe4b33:0x4d443a8488ba3235!8m2!3d40.7091548!4d-73.7983595!16s%2Fg%2F11km_xgs2k!19sChIJM0v-oT1hwokRNTK6iIQ6RE0?authuser=0&hl=en&rclk=1"
"Metro Food Distributors Inc","","","Distribution service","175-1 Rockaway Blvd #201, Queens, NY 11434, United States","","+1 718-995-4140","https://www.google.com/maps/place/Metro+Food+Distributors+Inc/data=!4m7!3m6!1s0x89c26693b970cc0d:0xfb38cb3f11876fdf!8m2!3d40.6581655!4d-73.7704325!16s%2Fg%2F1tdw8_5v!19sChIJDcxwuZNmwokR32-HET_LOPs?authuser=0&hl=en&rclk=1"
"National Distribution Center","4.3","3","Distribution service","4823 55th Ave, Flushing, NY 11378, United States","","","https://www.google.com/maps/place/National+Distribution+Center/data=!4m7!3m6!1s0x89c25ec132bafd87:0x302949fa9c4f35e!8m2!3d40.7287578!4d-73.9183419!16s%2Fg%2F1ttphthd!19sChIJh_26MsFewokRXvPEqZ-UAgM?authuser=0&hl=en&rclk=1"
"OG Distribution (Convenience Store Wholesaler)","","","Wholesaler","","","+1 347-586-9013","https://www.google.com/maps/place/OG+Distribution+%28Convenience+Store+Wholesaler%29/data=!4m7!3m6!1s0x89c25ba78218c163:0xf7d98f99dd79d6f1!8m2!3d38.1335219!4d-79.0110466!16s%2Fg%2F11rs00vwh4!19sChIJY8EYgqdbwokR8dZ53ZmP2fc?authuser=0&hl=en&rclk=1"
"Gold Coast Distributors Ltd","5.0","2","Distribution service","79-11 69th Dr, Queens, NY 11379, United States","http://www.goldcoastbklyn.com/","+1 917-838-2136","https://www.google.com/maps/place/Gold+Coast+Distributors+Ltd/data=!4m7!3m6!1s0x89e82f75ed5de4e7:0x376b2c12ca28a4f!8m2!3d40.7086098!4d-73.8726421!16s%2Fg%2F11j03bv89g!19sChIJ5-Rd7XUv6IkRT4qiLMGydgM?authuser=0&hl=en&rclk=1"
"S S Ny Distribution Inc","","","Distribution service","14717 176th St, Jamaica, NY 11434, United States","","+1 718-376-2002","https://www.google.com/maps/place/S+S+Ny+Distribution+Inc/data=!4m7!3m6!1s0x89c2669361f1664b:0xf3a992df47831e9d!8m2!3d40.6602951!4d-73.769699!16s%2Fg%2F1tp285np!19sChIJS2bxYZNmwokRnR6DR9-SqfM?authuser=0&hl=en&rclk=1"
"Dinas Corp.","4.3","29","Distribution service","104-46 Dunkirk St, Jamaica, NY 11412, United States","http://www.dinascorp.com/#!visit_us/cl4l","+1 718-628-9899","https://www.google.com/maps/place/Dinas+Corp./data=!4m7!3m6!1s0x89c2613e4eaebcc7:0xeb3a045a4b04da1d!8m2!3d40.703994!4d-73.7746569!16s%2Fg%2F11bwqbszch!19sChIJx7yuTj5hwokRHdoES1oEOus?authuser=0&hl=en&rclk=1"
"Preferred Beverage Distributors, Inc","5.0","3","Distribution service","1539 Covert St., Flushing, NY 11385, United States","https://preferredbev.com/","+1 347-889-5585","https://www.google.com/maps/place/Preferred+Beverage+Distributors,+Inc/data=!4m7!3m6!1s0x89c25c24d7624a6d:0xe31e52b13ceb7cbd!8m2!3d40.69503!4d-73.9038953!16s%2Fg%2F11h3vbtrnz!19sChIJbUpi1yRcwokRvXzrPLFSHuM?authuser=0&hl=en&rclk=1"
"Capitol Distributors Corporation","","","Distribution service","5560 58th St, Flushing, NY 11378, United States","","+1 718-326-7802","https://www.google.com/maps/place/Capitol+Distributors+Corporation/data=!4m7!3m6!1s0x89c25ec00e8c8b59:0x4fe282e592b1fd82!8m2!3d40.7260831!4d-73.9125564!16s%2Fg%2F1tfs1_7g!19sChIJWYuMDsBewokRgv2xkuWC4k8?authuser=0&hl=en&rclk=1"
"Ace Distributors Inc","5.0","2","Distribution service","57-41 Penrod St, Corona, NY 11368, United States","http://flyersdistributionnyc.com/","+1 347-685-5109","https://www.google.com/maps/place/Ace+Distributors+Inc/data=!4m7!3m6!1s0x89c25fcda6ced847:0x4848d6a34dc82527!8m2!3d40.739607!4d-73.85554!16s%2Fg%2F11gfdfl3np!19sChIJR9jOps1fwokRJyXITaPWSEg?authuser=0&hl=en&rclk=1"
"K.F. Flooring Distribution Center","","","Warehouse","53-35 97th Pl, Queens, NY 11368, United States","http://www.kfflooring.com/","+1 718-321-1223","https://www.google.com/maps/place/K.F.+Flooring+Distribution+Center/data=!4m7!3m6!1s0x89c25f3462d7294f:0xf87cec01afbcb95f!8m2!3d40.7398268!4d-73.8638849!16s%2Fg%2F11f65t7sdq!19sChIJTynXYjRfwokRX7m8rwHsfPg?authuser=0&hl=en&rclk=1"
"Ontime Distribution Inc.","","","Warehouse","56-25 56th Terrace, Queens, NY 11378, United States","http://www.ontime-usa.com/","+1 718-417-1100","https://www.google.com/maps/place/Ontime+Distribution+Inc./data=!4m7!3m6!1s0x89c2fc5789842857:0x79f13aadfab3cafb!8m2!3d40.7238048!4d-73.9137332!16s%2Fg%2F11gblftnv0!19sChIJVyiEiVf8wokR-8qz-q068Xk?authuser=0&hl=en&rclk=1"
"Corcraft Distribution Center","5.0","1","Distribution service","1006 35th Ave, Astoria, NY 11106, United States","","","https://www.google.com/maps/place/Corcraft+Distribution+Center/data=!4m7!3m6!1s0x89c258cc64423cff:0xf6b32fee42b5d857!8m2!3d40.762888!4d-73.939387!16s%2Fg%2F11hctksptl!19sChIJ_zxCZMxYwokRV9i1Qu4vs_Y?authuser=0&hl=en&rclk=1"
"JCD Distribution, Inc.","5.0","2","Wholesaler","13-20 131st St, Queens, NY 11356, United States","http://jcdus.com/","+1 929-335-7755","https://www.google.com/maps/place/JCD+Distribution,+Inc./data=!4m7!3m6!1s0x89c28b12f22a8f5d:0x6873817ed10d74e1!8m2!3d40.7868595!4d-73.8376333!16s%2Fg%2F11sjwh7kv1!19sChIJXY8q8hKLwokR4XQN0X6Bc2g?authuser=0&hl=en&rclk=1"
"LNA Distributors","1.0","1","Distribution service","4331 165th St, Flushing, NY 11358, United States","","+1 718-445-7124","https://www.google.com/maps/place/LNA+Distributors/data=!4m7!3m6!1s0x89c260318cd22253:0xa19367b2975b5591!8m2!3d40.7575432!4d-73.8012418!16s%2Fg%2F1vpptflw!19sChIJUyLSjDFgwokRkVVbl7Jnk6E?authuser=0&hl=en&rclk=1"
"BCS International Corp.","3.3","39","Food products supplier","47-15 33rd St, Queens, NY 11101, United States","http://www.bcsroyal.com/","+1 718-392-3355","https://www.google.com/maps/place/BCS+International+Corp./data=!4m7!3m6!1s0x89c25ed3937153b7:0x221ce1d455b6386b!8m2!3d40.7423233!4d-73.93174!16s%2Fg%2F1pp2vm1_n!19sChIJt1Nxk9NewokRazi2VdThHCI?authuser=0&hl=en&rclk=1"
"Hillside Beer & Soda Distribution","4.2","18","Beer distributor","26508 Hillside Ave., Queens, NY 11004, United States","","+1 718-347-6220","https://www.google.com/maps/place/Hillside+Beer+%26+Soda+Distribution/data=!4m7!3m6!1s0x89c26261a0e638cf:0x8cdec18397d280c8!8m2!3d40.7381591!4d-73.7032882!16s%2Fg%2F1trprqv0!19sChIJzzjmoGFiwokRyIDSl4PB3ow?authuser=0&hl=en&rclk=1"
"USPS: Queens Processing & Distribution Center","2.5","384","Shipping company","1402 20th Ave, Queens, NY 11356, United States","http://usps.com/","","https://www.google.com/maps/place/USPS:+Queens+Processing+%26+Distribution+Center/data=!4m7!3m6!1s0x89c28aa5a5aaf035:0x6f10d1ae7dcc6485!8m2!3d40.7807684!4d-73.8275849!16s%2Fg%2F1tdkym0g!19sChIJNfCqpaWKwokRhWTMfa7REG8?authuser=0&hl=en&rclk=1"
"State Warehouse Distributors","4.8","11","Warehouse","3346 Prince St, Flushing, NY 11354, United States","http://www.swdcorp.com/","+1 718-353-2525","https://www.google.com/maps/place/State+Warehouse+Distributors/data=!4m7!3m6!1s0x89c26005a5f8c921:0x6c0b72ceed678ac0!8m2!3d40.7652594!4d-73.8335238!16s%2Fg%2F1tfcp7zf!19sChIJIcn4pQVgwokRwIpn7c5yC2w?authuser=0&hl=en&rclk=1"
"Clover Distributor","4.0","1","Distribution service","5149 35th St, Long Island City, NY 11101, United States","","+1 718-729-6721","https://www.google.com/maps/place/Clover+Distributor/data=!4m7!3m6!1s0x89c25ecd21f6c23b:0x251791c313a6d2c0!8m2!3d40.7361549!4d-73.934574!16s%2Fg%2F1td3sd_l!19sChIJO8L2Ic1ewokRwNKmE8ORFyU?authuser=0&hl=en&rclk=1"
"Brooklyn Distribution Center","2.1","47","Distribution service","1194 Metropolitan Ave, Brooklyn, NY 11237, United States","","+1 718-497-1385","https://www.google.com/maps/place/Brooklyn+Distribution+Center/data=!4m7!3m6!1s0x89c25eaebcfd0b55:0x18082b713e29362e!8m2!3d40.7139674!4d-73.9292447!16s%2Fg%2F1tff8jmj!19sChIJVQv9vK5ewokRLjYpPnErCBg?authuser=0&hl=en&rclk=1"
"Distribution International","3.8","6","Industrial equipment supplier","56-23 55th Ave, Flushing, NY 11378, United States","https://www.distributioninternational.com/","+1 718-894-2345","https://www.google.com/maps/place/Distribution+International/data=!4m7!3m6!1s0x89c25ec034f7805b:0x79486b86a98f5367!8m2!3d40.7281584!4d-73.9140428!16s%2Fg%2F1tftm3mw!19sChIJW4D3NMBewokRZ1OPqYZrSHk?authuser=0&hl=en&rclk=1"
"National Distribution Warehouse","3.7","3","Distribution service","1850 Utica Ave, Brooklyn, NY 11234, United States","","+1 718-251-0096","https://www.google.com/maps/place/National+Distribution+Warehouse/data=!4m7!3m6!1s0x89c24334d7c5faa7:0xb4cacd76947e813e!8m2!3d40.6271084!4d-73.9280874!16s%2Fg%2F1tg4xrpt!19sChIJp_rF1zRDwokRPoF-lHbNyrQ?authuser=0&hl=en&rclk=1"
"L&R Distributors Inc.","3.8","8","Distribution service","88 35th St, Brooklyn, NY 11232, United States","http://www.lrdist.com/","+1 718-272-2100","https://www.google.com/maps/place/L%26R+Distributors+Inc./data=!4m7!3m6!1s0x89c25ceae19b3135:0xb4755685ebc0520b!8m2!3d40.6564158!4d-74.0067845!16s%2Fg%2F11fxvn09ms!19sChIJNTGb4epcwokRC1LA64VWdbQ?authuser=0&hl=en&rclk=1"
"Rite Way Wholesale Inc.","4.3","7","Wholesaler","48-25 Metropolitan Ave, Queens, NY 11385, United States","http://www.ritewaywholesale.com/","+1 718-417-8886","https://www.google.com/maps/place/Rite+Way+Wholesale+Inc./data=!4m7!3m6!1s0x89c25ea30b8c77b1:0x65e0187a95bb7846!8m2!3d40.714911!4d-73.916822!16s%2Fg%2F1vfwdsd_!19sChIJsXeMC6NewokRRni7lXoY4GU?authuser=0&hl=en&rclk=1"
"Advance Food International, Inc.","4.3","6","Food manufacturer","5605 55th Dr, Queens, NY 11378, United States","http://advancefoodny.com/","+1 718-482-0123","https://www.google.com/maps/place/Advance+Food+International,+Inc./data=!4m7!3m6!1s0x89c25ec07c0b8403:0x89fb11b6b4f6973b!8m2!3d40.7266126!4d-73.9146279!16s%2Fg%2F1tsyqq11!19sChIJA4QLfMBewokRO5f2tLYR-4k?authuser=0&hl=en&rclk=1"
"Rockaway Beverage Inc.","4.2","39","Beverage distributor","15325 Rockaway Blvd, Jamaica, NY 11434, United States","","+1 347-426-4443","https://www.google.com/maps/place/Rockaway+Beverage+Inc./data=!4m7!3m6!1s0x89c266c32bf72929:0x9573c2036ef13a37!8m2!3d40.669952!4d-73.7827886!16s%2Fg%2F1ttpc6sr!19sChIJKSn3K8NmwokRNzrxbgPCc5U?authuser=0&hl=en&rclk=1"
"Crown USA Distributors Inc","4.0","6","Distribution service","1329 Jerome Ave, Bronx, NY 10452, United States","","+1 718-293-1921","https://www.google.com/maps/place/Crown+USA+Distributors+Inc/data=!4m7!3m6!1s0x89c2f43bdcde900d:0x8ba575ee14fe02df!8m2!3d40.8386973!4d-73.9189952!16s%2Fg%2F1td7v39b!19sChIJDZDe3Dv0wokR3wL-FO51pYs?authuser=0&hl=en&rclk=1"
"East Coast Distribution","","","Distribution service","275 Central Park W #9f, New York, NY 10024, United States","http://ecd-usa.com/","+1 844-323-8721","https://www.google.com/maps/place/East+Coast+Distribution/data=!4m7!3m6!1s0x406607e35f9a2bbb:0x4c4d6fe6abb77385!8m2!3d40.7864756!4d-73.9688547!16s%2Fg%2F11b7c2rcc9!19sChIJuyuaX-MHZkARhXO3q-ZvTUw?authuser=0&hl=en&rclk=1"
"Finest Foods Distributing","4.2","5","Distribution service","940 Jamaica Ave, Brooklyn, NY 11208, United States","","+1 718-296-0700","https://www.google.com/maps/place/Finest+Foods+Distributing/data=!4m7!3m6!1s0x89c25ddcbc8fbacf:0xdf75e698866e28ee!8m2!3d40.6905818!4d-73.8702342!16s%2Fg%2F1vntktfb!19sChIJz7qPvNxdwokR7ihuhpjmdd8?authuser=0&hl=en&rclk=1"
"Manhattan Beer Distributors","3.2","47","Beer distributor","47-47 Metropolitan Ave, Queens, NY 11385, United States","http://www.manhattanbeer.com/","+1 718-894-3700","https://www.google.com/maps/place/Manhattan+Beer+Distributors/data=!4m7!3m6!1s0x89c25ea4a850ff0d:0xa994123cf6225c74!8m2!3d40.715583!4d-73.9178234!16s%2Fg%2F1tdz0wkc!19sChIJDf9QqKRewokRdFwi9jwSlKk?authuser=0&hl=en&rclk=1"
"Excel Wholesale Distributors","5.0","2","Wholesaler","1513 132nd St, Flushing, NY 11356, United States","https://www.exceldistributor.com/","+1 718-321-3103","https://www.google.com/maps/place/Excel+Wholesale+Distributors/data=!4m7!3m6!1s0x89c28ab1fa9f7e9f:0xa508152f3bc6667b!8m2!3d40.7838627!4d-73.8353495!16s%2Fg%2F1tfstt82!19sChIJn36f-rGKwokRe2bGOy8VCKU?authuser=0&hl=en&rclk=1"
"Toco 2 EW Wholesale Retail","4.4","10","Beer distributor","106-49 150th St, South Jamaica, NY 11435, United States","","+1 347-494-5400","https://www.google.com/maps/place/Toco+2+EW+Wholesale+Retail/data=!4m7!3m6!1s0x89c260d154a716db:0x6b105b128ab7f59f!8m2!3d40.694795!4d-73.800796!16s%2Fg%2F11bwyvrm9s!19sChIJ2xanVNFgwokRn_W3ihJbEGs?authuser=0&hl=en&rclk=1"
"MCD Distributors Inc","5.0","1","Distribution service","480 Austin Pl # 1, Bronx, NY 10455, United States","","+1 718-583-0870","https://www.google.com/maps/place/MCD+Distributors+Inc/data=!4m7!3m6!1s0x89c2f5bbaec5adbd:0x41e3db93a81ebc64!8m2!3d40.8100434!4d-73.9039013!16s%2Fg%2F1w6_prk6!19sChIJva3Frrv1wokRZLweqJPb40E?authuser=0&hl=en&rclk=1"
"top distributors","3.6","30","Distribution service","","","+1 718-825-8804","https://www.google.com/maps/place/top+distributors/data=!4m7!3m6!1s0x89c28be7897d535f:0xe5f325ee5e1a0617!8m2!3d40.4347814!4d-73.6705386!16s%2Fg%2F11rcrj8l5t!19sChIJX1N9ieeLwokRFwYaXu4l8-U?authuser=0&hl=en&rclk=1"
"Premium Distribution Corporation","2.5","4","Distribution service","215 Park Ave S #1802, New York, NY 10003, United States","","+1 212-533-1100","https://www.google.com/maps/place/Premium+Distribution+Corporation/data=!4m7!3m6!1s0x89c259a382ecee4b:0x3d459af6fd360c2c!8m2!3d40.7368041!4d-73.9882876!16s%2Fg%2F1tflnbw0!19sChIJS-7sgqNZwokRLAw2_faaRT0?authuser=0&hl=en&rclk=1"
"Broadfield Distributing Inc","4.0","5","Distribution service","179 Liberty Ave, Mineola, NY 11501, United States","https://www.broadfield.com/","+1 516-676-2378","https://www.google.com/maps/place/Broadfield+Distributing+Inc/data=!4m7!3m6!1s0x89c2859e5f33a615:0x37bc7ebf5913385a!8m2!3d40.7451493!4d-73.627356!16s%2Fg%2F1trtw7fq!19sChIJFaYzX56FwokRWjgTWb9-vDc?authuser=0&hl=en&rclk=1"
"JBD","","","Beverage distributor","5601 Maspeth Ave, Queens, NY 11378, United States","http://www.jbdus.com/","+1 646-732-8294","https://www.google.com/maps/place/JBD/data=!4m7!3m6!1s0x89c25fe370ffe265:0x6ca8128d9ec03f68!8m2!3d40.7226462!4d-73.9151802!16s%2Fg%2F11ptz3w0hp!19sChIJZeL_cONfwokRaD_Ano0SqGw?authuser=0&hl=en&rclk=1"
"Jaan Distributors, Inc.","5.0","2","Wholesaler","179-30 93rd Ave, Queens, NY 11433, United States","https://www.facebook.com/Jaanbakery","+1 516-728-4322","https://www.google.com/maps/place/Jaan+Distributors,+Inc./data=!4m7!3m6!1s0x89c26117cabf53d3:0x20edd0971c95f7e5!8m2!3d40.7073867!4d-73.7806872!16s%2Fg%2F12331xrjg!19sChIJ01O_yhdhwokR5feVHJfQ7SA?authuser=0&hl=en&rclk=1"
"OZONE PARK CARRIER ANNEX — Post Office","2.7","501","Post office","1050 Forbell St, Brooklyn, NY 11256, United States","https://www.postallocations.com/ny/brooklyn/ozone-park-carrier-annex","+1 718-843-6776","https://www.google.com/maps/place/OZONE+PARK+CARRIER+ANNEX+%E2%80%94+Post+Office/data=!4m7!3m6!1s0x89c25d9945d7164b:0x1095c445a2fed253!8m2!3d40.6636586!4d-73.8629722!16s%2Fg%2F125_sdyzt!19sChIJSxbXRZldwokRU9L-okXElRA?authuser=0&hl=en&rclk=1"
"Liberty Distributors Inc","3.9","16","Warehouse","1065 Shepherd Ave, Brooklyn, NY 11208, United States","","+1 718-257-3436","https://www.google.com/maps/place/Liberty+Distributors+Inc/data=!4m7!3m6!1s0x89c25d09dc9ddcad:0x57e29f2f709ac2d1!8m2!3d40.6598453!4d-73.873142!16s%2Fg%2F1v2jdv3b!19sChIJrdyd3AldwokR0cKacC-f4lc?authuser=0&hl=en&rclk=1"
"Delca Distributors Inc","","","Distribution service","530 5th Ave #24, New York, NY 10036, United States","","+1 212-759-4505","https://www.google.com/maps/place/Delca+Distributors+Inc/data=!4m7!3m6!1s0x89c258fe2ddb8637:0xa7c8204f2d5508dc!8m2!3d40.7552441!4d-73.9800688!16s%2Fg%2F1vlqr3h4!19sChIJN4bbLf5YwokR3AhVLU8gyKc?authuser=0&hl=en&rclk=1"
"Bella Distributions","","","Distribution service","1542 125th St, Flushing, NY 11356, United States","","+1 718-321-3161","https://www.google.com/maps/place/Bella+Distributions/data=!4m7!3m6!1s0x89c2f54d467ccb3b:0xfd7eddb668ac5dde!8m2!3d40.7852053!4d-73.8418693!16s%2Fg%2F1xg5tm78!19sChIJO8t8Rk31wokR3l2saLbdfv0?authuser=0&hl=en&rclk=1"
"Game World Distributors","2.9","21","Wholesaler","108-15 Corona Ave., Corona, NY 11368, United States","https://www.gameworlddistributors.net/","+1 718-595-1800","https://www.google.com/maps/place/Game+World+Distributors/data=!4m7!3m6!1s0x89c25fce22d3eb51:0xdb6d2116769f3bf0!8m2!3d40.7430841!4d-73.8544203!16s%2Fg%2F1thk9nyb!19sChIJUevTIs5fwokR8DufdhYhbds?authuser=0&hl=en&rclk=1"
"Dial Industries, Inc.","5.0","5","Distribution service","200 Forest Dr Suite 6, Greenvale, NY 11548, United States","http://dialindustries.com/","+1 718-526-2508","https://www.google.com/maps/place/Dial+Industries,+Inc./data=!4m7!3m6!1s0x89c2863d84f7d989:0x2e90caa3f720c6d6!8m2!3d40.8038864!4d-73.6392517!16s%2Fg%2F1tnbm1gw!19sChIJidn3hD2GwokR1sYg96PKkC4?authuser=0&hl=en&rclk=1"
"SL Discount Distributor Corp.","3.6","15","Wholesaler","59-12 37th Ave, Woodside, NY 11377, United States","https://www.sldiscount.com/","+1 718-779-6889","https://www.google.com/maps/place/SL+Discount+Distributor+Corp./data=!4m7!3m6!1s0x89c25f1b7a638c83:0x5d78cb170446b4f2!8m2!3d40.7494316!4d-73.9030609!16s%2Fg%2F1tknlc7c!19sChIJg4xjehtfwokR8rRGBBfLeF0?authuser=0&hl=en&rclk=1"
"S & A Distribution Inc.","","","Distribution service","29 W 34th St. 3rd floor, New York, NY 10001, United States","","+1 212-293-9100","https://www.google.com/maps/place/S+%26+A+Distribution+Inc./data=!4m7!3m6!1s0x89c259a9736396c3:0xab6aabfd03434b86!8m2!3d40.7494534!4d-73.9863081!16s%2Fg%2F11b5qs49lt!19sChIJw5Zjc6lZwokRhktDA_2raqs?authuser=0&hl=en&rclk=1"
"LTN Wholesale Distributors","4.0","1","Distribution service","621 McLean Ave, Yonkers, NY 10705, United States","","+1 914-751-3574","https://www.google.com/maps/place/LTN+Wholesale+Distributors/data=!4m7!3m6!1s0x89c2f2f05e666fdf:0x5bed5dc9a7b5ed1a!8m2!3d40.9093323!4d-73.880009!16s%2Fg%2F1w8wbz59!19sChIJ329mXvDywokRGu21p8ld7Vs?authuser=0&hl=en&rclk=1"
"City Wide Distributors","","","Distribution service","35 Jericho Turnpike, Mineola, NY 11501, United States","http://www.citywidedistributors.com/","+1 516-521-6612","https://www.google.com/maps/place/City+Wide+Distributors/data=!4m7!3m6!1s0x89c287efab58b59d:0xc658759ccc039208!8m2!3d40.7506405!4d-73.6361038!16s%2Fg%2F1tgs1w23!19sChIJnbVYq--HwokRCJIDzJx1WMY?authuser=0&hl=en&rclk=1"
"ACC Distribution","","","Distribution service","6 W 18th St, New York, NY 10011, United States","http://www.accdistribution.com/us","+1 212-645-1111","https://www.google.com/maps/place/ACC+Distribution/data=!4m7!3m6!1s0x89c259bd256bfca5:0xb26f35358c8edc3b!8m2!3d40.7386998!4d-73.9927914!16s%2Fg%2F1tdwfvmz!19sChIJpfxrJb1ZwokRO9yOjDU1b7I?authuser=0&hl=en&rclk=1"
"A&K Wholesale Dist llc","","","Wholesaler","100-02 87th Ave, Richmond Hill, NY 11418, United States","","+1 718-313-3800","https://www.google.com/maps/place/A%26K+Wholesale+Dist+llc/data=!4m7!3m6!1s0x89c25d7b4c494f75:0x1d72619af629ae1f!8m2!3d40.6938!4d-73.8461279!16s%2Fg%2F11j8ykpvrk!19sChIJdU9JTHtdwokRH64p9pphch0?authuser=0&hl=en&rclk=1"
"National Food Distributors","5.0","2","Produce wholesaler","","https://www.nationalfooddistributors.us/","+1 718-821-0011","https://www.google.com/maps/place/National+Food+Distributors/data=!4m7!3m6!1s0x89c25f0b00bcc229:0xc6934ce8ed90975e!8m2!3d40.6514114!4d-76.1535438!16s%2Fg%2F11lr9v0qw7!19sChIJKcK8AAtfwokRXpeQ7ehMk8Y?authuser=0&hl=en&rclk=1"
"Mags Express","","","Distribution service","30-10 Review Ave, Long Island City, NY 11101, United States","http://magsexpress.com/","+1 718-706-2300","https://www.google.com/maps/place/Mags+Express/data=!4m7!3m6!1s0x89c259324890e615:0xfb6a9c2c504497e3!8m2!3d40.7372278!4d-73.9401479!16s%2Fg%2F11bw44pns4!19sChIJFeaQSDJZwokR45dEUCycavs?authuser=0&hl=en&rclk=1"
"B & T Food Distribution Inc","3.7","3","Distribution service","122 Avenue O, Brooklyn, NY 11204, United States","","+1 718-234-6505","https://www.google.com/maps/place/B+%26+T+Food+Distribution+Inc/data=!4m7!3m6!1s0x89c244e23196d73b:0xd11bb9e735a98b64!8m2!3d40.610401!4d-73.9803859!16s%2Fg%2F1tjz48jk!19sChIJO9eWMeJEwokRZIupNee5G9E?authuser=0&hl=en&rclk=1"
"S & R Trading","5.0","6","Distribution service","4702 Metropolitan Ave, Ridgewood, NY 11385, United States","http://srtradinginc.com/","+1 718-366-2446","https://www.google.com/maps/place/S+%26+R+Trading/data=!4m7!3m6!1s0x89c25ea7e9eb8249:0x4c202cfb6c2a2a5f!8m2!3d40.7135999!4d-73.9200457!16s%2Fg%2F1vd727c2!19sChIJSYLr6adewokRXyoqbPssIEw?authuser=0&hl=en&rclk=1"
"Global Supplies","2.1","7","Distribution service","138 31st St, Brooklyn, NY 11232, United States","https://globalsuppliesusa.com/","+1 718-437-3124","https://www.google.com/maps/place/Global+Supplies/data=!4m7!3m6!1s0x89c25ad6796f1fad:0xec963359b636977f!8m2!3d40.6577277!4d-74.0027467!16s%2Fg%2F1tmpwx6f!19sChIJrR9vedZawokRf5c2tlkzluw?authuser=0&hl=en&rclk=1"
"P & K USA TRADING CORP.","4.0","8","Distribution service","5-48 46th Rd, Long Island City, NY 11101, United States","http://pkusatrading.com/","+1 718-888-9144","https://www.google.com/maps/place/P+%26+K+USA+TRADING+CORP./data=!4m7!3m6!1s0x89c25921550e58f7:0x1eb2d5ee4307f60a!8m2!3d40.7462658!4d-73.9538691!16s%2Fg%2F11clwnbnnn!19sChIJ91gOVSFZwokRCvYHQ-7Vsh4?authuser=0&hl=en&rclk=1"
"NDC Distributors","","","Pharmaceutical products wholesaler","","http://ndcdrug.com/","+1 888-694-7757","https://www.google.com/maps/place/NDC+Distributors/data=!4m7!3m6!1s0x89c2f76eadfd533f:0x65cce944121bbe1!8m2!3d46.423669!4d-129.9427086!16s%2Fg%2F11g8767vnn!19sChIJP1P9rW73wokR4bshQZTOXAY?authuser=0&hl=en&rclk=1"
"Choice Products Services Inc","3.7","22","Distribution service","135 Eileen Way, Syosset, NY 11791, United States","http://www.choiceproductsusa.com/","+1 516-496-9494","https://www.google.com/maps/place/Choice+Products+Services+Inc/data=!4m7!3m6!1s0x89c2817c68657543:0xd2d2c277f37bd551!8m2!3d40.8034774!4d-73.520809!16s%2Fg%2F1trchbq9!19sChIJQ3VlaHyBwokRUdV783fC0tI?authuser=0&hl=en&rclk=1"
"Service Partners","5.0","2","Distribution service","11-40 Borden Ave, Queens, NY 11101, United States","https://www.service-partners.com/branches/ny/new-york/b03/","+1 845-207-5128","https://www.google.com/maps/place/Service+Partners/data=!4m7!3m6!1s0x89c259c17b3407bd:0x1b8d62025afc4b6b!8m2!3d40.7402242!4d-73.9505855!16s%2Fg%2F11st4sr256!19sChIJvQc0e8FZwokRa0v8WgJijRs?authuser=0&hl=en&rclk=1"
"AWISCO Maspeth","4.4","71","Welding supply store","55-15 43rd St, Maspeth, NY 11378, United States","http://www.awisco.com/","+1 718-786-7788","https://www.google.com/maps/place/AWISCO+Maspeth/data=!4m7!3m6!1s0x89c25ec88a2ed745:0x2a9725a72ef42cad!8m2!3d40.7297232!4d-73.9255729!16s%2Fg%2F1tptrjr9!19sChIJRdcuishewokRrSz0Lqcllyo?authuser=0&hl=en&rclk=1"
"Department of Probation Queens Office - Food Distribution Center","2.0","2","Food bank","16224 Jamaica Ave, Queens, NY 11433, United States","","+1 718-657-7426","https://www.google.com/maps/place/Department+of+Probation+Queens+Office+-+Food+Distribution+Center/data=!4m7!3m6!1s0x89c260df30315119:0x4f009ad66ebeb56e!8m2!3d40.7043138!4d-73.7969906!16s%2Fg%2F11jppv_m6s!19sChIJGVExMN9gwokRbrW-btaaAE8?authuser=0&hl=en&rclk=1"
"88 Trading Corp","4.5","31","Wholesaler","58-29 48th St, Maspeth, NY 11378, United States","http://www.88tradingcorp.com/","+1 718-326-1699","https://www.google.com/maps/place/88+Trading+Corp/data=!4m7!3m6!1s0x89c25eba2e103457:0xbbf19aeda6d971c9!8m2!3d40.7211041!4d-73.921704!16s%2Fg%2F1vzqt55x!19sChIJVzQQLrpewokRyXHZpu2a8bs?authuser=0&hl=en&rclk=1"
"Universal Drug Wholesale Corp.","","","Pharmaceutical products wholesaler","108-04 Jamaica Ave, Richmond Hill, NY 11418, United States","","+1 347-579-0607","https://www.google.com/maps/place/Universal+Drug+Wholesale+Corp./data=!4m7!3m6!1s0x89c261685f503db3:0xa3bdfe68aded664a!8m2!3d40.695504!4d-73.839397!16s%2Fg%2F11jgx7vgx6!19sChIJsz1QX2hhwokRSmbtrWj-vaM?authuser=0&hl=en&rclk=1"
"Bradford Airport Logistics","4.7","3","Distribution service","2-15 26th Ave, Astoria, NY 11102, United States","https://www.airportlogistics.org/","+1 929-502-7100","https://www.google.com/maps/place/Bradford+Airport+Logistics/data=!4m7!3m6!1s0x89c25fcb4f571869:0x892e5a53a331a26b!8m2!3d40.7772532!4d-73.933938!16s%2Fg%2F11j7yn4_z7!19sChIJaRhXT8tfwokRa6Ixo1NaLok?authuser=0&hl=en&rclk=1"
"Ideal Trading USA - Toy Wholesale","4.5","11","Toy store","5000 Grand Ave, Maspeth, NY 11378, United States","http://idealtradingusa.com/","+1 718-366-8860","https://www.google.com/maps/place/Ideal+Trading+USA+-+Toy+Wholesale/data=!4m7!3m6!1s0x89c25e966dd311d5:0xaae37fffb6dd19f6!8m2!3d40.7174565!4d-73.9180104!16s%2Fg%2F11b6tyhn4l!19sChIJ1RHTbZZewokR9hndtv9_46o?authuser=0&hl=en&rclk=1"
"Baldor Specialty Foods","3.6","293","Distribution service","155 Food Center Dr, Bronx, NY 10474, United States","https://www.baldorfood.com/","+1 718-860-9100","https://www.google.com/maps/place/Baldor+Specialty+Foods/data=!4m7!3m6!1s0x89c2f50550196e87:0x6f7cc2a878821ca5!8m2!3d40.808992!4d-73.873363!16s%2Fg%2F1tf3_994!19sChIJh24ZUAX1wokRpRyCeKjCfG8?authuser=0&hl=en&rclk=1"
"East Coast USA Distributors","3.8","35","Auto parts store","1807 Gilford Ave, New Hyde Park, NY 11040, United States","http://www.ecusad.com/","+1 516-326-1560","https://www.google.com/maps/place/East+Coast+USA+Distributors/data=!4m7!3m6!1s0x89c262a31ad52b9f:0x55517e93bcaa363c!8m2!3d40.7422572!4d-73.6742323!16s%2Fg%2F1tfkm2qz!19sChIJnyvVGqNiwokRPDaqvJN-UVU?authuser=0&hl=en&rclk=1"
"Pride Products","3.4","30","Wholesaler","4333 Veterans Memorial Hwy, Ronkonkoma, NY 11779, United States","http://www.prideproducts.com/","+1 631-737-4444","https://www.google.com/maps/place/Pride+Products/data=!4m7!3m6!1s0x89e837d49513ff69:0x87fc24841fe1fad6!8m2!3d40.7836971!4d-73.0925443!16s%2Fg%2F1vfp97gf!19sChIJaf8TldQ36IkR1vrhH4Qk_Ic?authuser=0&hl=en&rclk=1"
"BJ's Wholesale Club","4.1","1,710","Warehouse club","1752 Shore Pkwy, Brooklyn, NY 11214, United States","https://www.bjs.com/cl/brooklyn---bensonhurst/0195?chl=locl&vnd=ggmb&lob=xlob&tcz=main&utm_campaign=locdist&opz1=0195&opz2=store","+1 718-372-6951","https://www.google.com/maps/place/BJ%27s+Wholesale+Club/data=!4m7!3m6!1s0x89c245a44c619dff:0x64c78fddcd50d81d!8m2!3d40.5923995!4d-73.9976119!16s%2Fg%2F11b74vpd6p!19sChIJ_51hTKRFwokRHdhQzd2Px2Q?authuser=0&hl=en&rclk=1"
"High Grade Express Courier","5.0","1","Courier service","6206 62nd Ave, Queens, NY 11379, United States","https://hgecourier.com/","+1 347-615-1116","https://www.google.com/maps/place/High+Grade+Express+Courier/data=!4m7!3m6!1s0x89c25f1101c0a04b:0x290a96e653d4d41e!8m2!3d40.7139136!4d-73.8992452!16s%2Fg%2F11jlv7m7xj!19sChIJS6DAARFfwokRHtTUU-aWCik?authuser=0&hl=en&rclk=1"
"RDS Same Day Delivery","4.8","202","Courier service","37-41 Vernon Blvd, Long Island City, NY 11101, United States","http://www.rdsdelivery.com/","+1 212-260-5800","https://www.google.com/maps/place/RDS+Same+Day+Delivery/data=!4m7!3m6!1s0x89c259763ac96f4b:0xa1980e55861a060b!8m2!3d40.759416!4d-73.943822!16s%2Fg%2F1tgs1vrj!19sChIJS2_JOnZZwokRCwYahlUOmKE?authuser=0&hl=en&rclk=1"
"Fulfillment St.","5.0","3","Beauty supply store","11211 Roosevelt Ave, Queens, NY 11368, United States","","","https://www.google.com/maps/place/Fulfillment+St./data=!4m7!3m6!1s0x89c25f1ba0094819:0x43e37a4579ef8d!8m2!3d40.752343!4d-73.8541966!16s%2Fg%2F11jz18xtrb!19sChIJGUgJoBtfwokRje95RXrjQwA?authuser=0&hl=en&rclk=1"
"East Coast Warehouse & Distribution Corporation","3.0","148","Warehouse","202 Port Jersey Blvd # 2, Jersey City, NJ 07305, United States","http://eastcoastwarehouse.com/","+1 908-351-2800","https://www.google.com/maps/place/East+Coast+Warehouse+%26+Distribution+Corporation/data=!4m7!3m6!1s0x89c251bc7e03e45d:0x6b366f8f62ec44ad!8m2!3d40.67782!4d-74.0858772!16s%2Fg%2F1tdc63yt!19sChIJXeQDfrxRwokRrUTsYo9vNms?authuser=0&hl=en&rclk=1"
"Port Distributing Corp","4.0","1","Industrial consultant","Vernon Blvd, Long Island City, NY 11101, United States","","","https://www.google.com/maps/place/Port+Distributing+Corp/data=!4m7!3m6!1s0x89c258d08a4cd8b5:0xdcdc93eec29fb620!8m2!3d40.7571013!4d-73.9464114!16s%2Fg%2F11f04dbpnc!19sChIJtdhMitBYwokRILafwu6T3Nw?authuser=0&hl=en&rclk=1"
"D'Arrigo Delivery Inc","2.0","59","Distribution service","315 Hunts Point Ave, Bronx, NY 10474, United States","https://www.darrigony.com/","+1 718-991-5900","https://www.google.com/maps/place/D%27Arrigo+Delivery+Inc/data=!4m7!3m6!1s0x89c2f505aaaaaaab:0x8e3e20c2266442da!8m2!3d40.8124588!4d-73.8782052!16s%2Fg%2F1262gb8bw!19sChIJq6qqqgX1wokR2kJkJsIgPo4?authuser=0&hl=en&rclk=1"
"A & A Distributing","5.0","3","Distribution service","717 Pennsylvania Ave, Linden, NJ 07036, United States","http://www.aadistributing.com/","+1 908-290-3757","https://www.google.com/maps/place/A+%26+A+Distributing/data=!4m7!3m6!1s0x89c3b31df88f5e71:0x9e68bdb49a0e6261!8m2!3d40.6367076!4d-74.2447793!16s%2Fg%2F1tgnslrd!19sChIJcV6P-B2zw4kRYWIOmrS9aJ4?authuser=0&hl=en&rclk=1"
"Classic Beverage x The Smoking Factory 02","4.8","83","Beer distributor","1811 Newbridge Rd, Bellmore, NY 11710, United States","https://www.classic-beverage.com/","+1 516-308-4747","https://www.google.com/maps/place/Classic+Beverage+x+The+Smoking+Factory+02/data=!4m7!3m6!1s0x89c27fd23db9d729:0xeb335b872a9ee5b9!8m2!3d40.6784114!4d-73.5391126!16s%2Fg%2F11hyfwtjhb!19sChIJKde5PdJ_wokRueWeKodbM-s?authuser=0&hl=en&rclk=1"
"United States Postal Service","1.6","770","Post office","8840 164th St, Jamaica, NY 11432, United States","https://tools.usps.com/find-location.htm?location=1368233&utm_source=google-my-business-url&utm_medium=search&utm_campaign=yext&y_source=1_MzM2Njk4OS03MTUtbG9jYXRpb24ud2Vic2l0ZQ%3D%3D","+1 800-275-8777","https://www.google.com/maps/place/United+States+Postal+Service/data=!4m7!3m6!1s0x89c260dfcaa65b29:0xd21e11de76e33f45!8m2!3d40.707437!4d-73.7977028!16s%2Fm%2F06_m8s4!19sChIJKVumyt9gwokRRT_jdt4RHtI?authuser=0&hl=en&rclk=1"