Name,Rating,Reviews,Category,Address,Website,Phone,Url
"Primeful Distribution Inc","","","Distribution service","309 Christopher St Suite # 9, Ronkonkoma, NY 11779, United States","https://primefuldistribution.com/","+1 888-503-5770","https://www.google.com/maps/place/Primeful+Distribution+Inc/data=!4m7!3m6!1s0x89e83707207ba455:0xddb2de60199673ab!8m2!3d40.7960985!4d-73.1380613!16s%2Fg%2F11p73q3_kw!19sChIJVaR7IAc36IkRq3OWGWDest0?authuser=0&hl=en&rclk=1"
"Quality King Distributors, Inc","4.2","25","Distribution service","201 Comac St, Ronkonkoma, NY 11779, United States","https://www.qkd.com/","+1 631-467-4580","https://www.google.com/maps/place/Quality+King+Distributors,+Inc/data=!4m7!3m6!1s0x89e83700cec25761:0x19c6a785f7aaf610!8m2!3d40.7934341!4d-73.136444!16s%2Fg%2F1tgpz73c!19sChIJYVfCzgA36IkREPaq94Wnxhk?authuser=0&hl=en&rclk=1"
"Choice Distribution","4.8","6","Distribution service","111 Bell St, West Babylon, NY 11704, United States","","+1 631-756-0120","https://www.google.com/maps/place/Choice+Distribution/data=!4m7!3m6!1s0x89e82b6b3ab16735:0xec531195c334a6e8!8m2!3d40.732152!4d-73.393647!16s%2Fg%2F1tftm7bw!19sChIJNWexOmsr6IkR6KY0w5URU-w?authuser=0&hl=en&rclk=1"
"Brentwood Distribution Center","3.4","7","Warehouse","101 Wilshire Blvd, Brentwood, NY 11717, United States","","","https://www.google.com/maps/place/Brentwood+Distribution+Center/data=!4m7!3m6!1s0x89e82e0f26bb8179:0xb9ff6971c3f81d31!8m2!3d40.7788284!4d-73.290995!16s%2Fg%2F11k5lvqh4v!19sChIJeYG7Jg8u6IkRMR34w3Fp_7k?authuser=0&hl=en&rclk=1"
"Bi-County Distributors Inc","5.0","6","Distribution service","33 Comac Loop #5, Ronkonkoma, NY 11779, United States","","+1 631-588-5922","https://www.google.com/maps/place/Bi-County+Distributors+Inc/data=!4m7!3m6!1s0x89e8371d2ed87e23:0x8399c4a84b187d5b!8m2!3d40.7931829!4d-73.1473035!16s%2Fg%2F1tgnspp9!19sChIJI37YLh036IkRW30YS6jEmYM?authuser=0&hl=en&rclk=1"
"THERESIA DISTRIBUTORS","","","Distribution service","","https://theresiadistributors.com/","+1 516-693-8355","https://www.google.com/maps/place/THERESIA+DISTRIBUTORS/data=!4m7!3m6!1s0x4fbc93b8991aa4a9:0xc3e64c439231d487!8m2!3d40.922326!4d-72.637448!16s%2Fg%2F11vq6nn58y!19sChIJqaQambiTvE8Rh9QxkkNM5sM?authuser=0&hl=en&rclk=1"
"MSG Distributors Inc","5.0","2","Distribution service","10 Dubon Ct S, Farmingdale, NY 11735, United States","https://msgdistributors.com/","+1 631-801-1041","https://www.google.com/maps/place/MSG+Distributors+Inc/data=!4m7!3m6!1s0x89c25e11eea4e4ff:0x4bf52c9f095ea5c6!8m2!3d40.7515204!4d-73.4168139!16s%2Fg%2F113jvp67y!19sChIJ_-Sk7hFewokRxqVeCZ8s9Us?authuser=0&hl=en&rclk=1"
"Bi-Lo Distributors Ltd","3.9","23","Distribution service","5 Hub Dr, Melville, NY 11747, United States","https://www.biloltd.net/","+1 631-845-9780","https://www.google.com/maps/place/Bi-Lo+Distributors+Ltd/data=!4m7!3m6!1s0x89e82a5c18fcd889:0x33b8e6d1f2814428!8m2!3d40.7605201!4d-73.4370054!16s%2Fg%2F1vyk3jqw!19sChIJidj8GFwq6IkRKESB8tHmuDM?authuser=0&hl=en&rclk=1"
"Hcw Distributing Corporation","4.0","1","Distribution service","91 Cabot Ct, Hauppauge, NY 11788, United States","http://www.hauppauge.com/","+1 631-434-1600","https://www.google.com/maps/place/Hcw+Distributing+Corporation/data=!4m7!3m6!1s0x89e830357f6c3143:0x5085f7afa4783c9!8m2!3d40.8093365!4d-73.2531623!16s%2Fg%2F113hhbmx2!19sChIJQzFsfzUw6IkRyYNH-npfCAU?authuser=0&hl=en&rclk=1"
"Galaxy Distributors","4.0","4","Distribution service","1691 Church St B, Holbrook, NY 11741, United States","http://www.galaxydist.com/","+1 631-563-3990","https://www.google.com/maps/place/Galaxy+Distributors/data=!4m7!3m6!1s0x89e849cf31447d47:0x2fbe29ba8d70f1fc!8m2!3d40.7712104!4d-73.0704614!16s%2Fg%2F1tfc31cf!19sChIJR31EMc9J6IkR_PFwjbopvi8?authuser=0&hl=en&rclk=1"
"Island Park Food Distributors","5.0","3","Distribution service","71 Remington Blvd a, Ronkonkoma, NY 11779, United States","","+1 631-737-1300","https://www.google.com/maps/place/Island+Park+Food+Distributors/data=!4m7!3m6!1s0x89e837007dfd3c43:0x5f38778967fb7240!8m2!3d40.7914318!4d-73.1353433!16s%2Fg%2F1tfjm4qq!19sChIJQzz9fQA36IkRQHL7Z4l3OF8?authuser=0&hl=en&rclk=1"
"American Food Distributors","1.0","4","Distribution service","110 Marcus Blvd #300, Hauppauge, NY 11788, United States","","+1 631-864-5400","https://www.google.com/maps/place/American+Food+Distributors/data=!4m7!3m6!1s0x89e8302c35f71f7f:0x72c8713d4339d6df!8m2!3d40.8117778!4d-73.2479115!16s%2Fg%2F1td0bzjw!19sChIJfx_3NSww6IkR39Y5Qz1xyHI?authuser=0&hl=en&rclk=1"
"Qwest Distribution","","","Distribution service","1650 Sycamore Ave, Bohemia, NY 11716, United States","","+1 631-889-3927","https://www.google.com/maps/place/Qwest+Distribution/data=!4m7!3m6!1s0x89e837b83a90a773:0x6e0df57d726752!8m2!3d40.7856841!4d-73.124726!16s%2Fg%2F11h8jllrzj!19sChIJc6eQOrg36IkRUmdyffUNbgA?authuser=0&hl=en&rclk=1"
"SLR Food DIstribution","","","Warehouse","495 W John St, Hicksville, NY 11801, United States","","+1 516-437-3782","https://www.google.com/maps/place/SLR+Food+DIstribution/data=!4m7!3m6!1s0x89c281d234e9a4d9:0x1b939bcf10d418da!8m2!3d40.7652225!4d-73.5458855!16s%2Fg%2F11qp1v5xrs!19sChIJ2aTpNNKBwokR2hjUEM-bkxs?authuser=0&hl=en&rclk=1"
"Monaco Distribution Inc.","","","Distribution service","","http://www.facebook.com/monacodistributioninc","+1 516-399-0231","https://www.google.com/maps/place/Monaco+Distribution+Inc./data=!4m7!3m6!1s0x89c27fd60c5b1b75:0xc75d383b9eee2437!8m2!3d40.2003854!4d-76.1535438!16s%2Fg%2F1hc0rd3tt!19sChIJdRtbDNZ_wokRNyTunjs4Xcc?authuser=0&hl=en&rclk=1"
"AR Distributors Inc","5.0","5","Tobacco supplier","2077 9th Ave, Ronkonkoma, NY 11779, United States","","+1 631-750-6575","https://www.google.com/maps/place/AR+Distributors+Inc/data=!4m7!3m6!1s0x89e83635d8c4af9d:0xd3a2242f554f402f!8m2!3d40.7943677!4d-73.1414173!16s%2Fg%2F11g8v5hf3r!19sChIJna_E2DU26IkRL0BPVS8kotM?authuser=0&hl=en&rclk=1"
"CPG Distributors Inc","","","Distribution service","195 Pine Aire Dr, Bay Shore, NY 11706, United States","","+1 631-951-4485","https://www.google.com/maps/place/CPG+Distributors+Inc/data=!4m7!3m6!1s0x89e82e0062ea747b:0x295b4c6a04e537f!8m2!3d40.7724626!4d-73.2787205!16s%2Fg%2F1tj9vcdf!19sChIJe3TqYgAu6IkRf1NOoMa0lQI?authuser=0&hl=en&rclk=1"
"USPS Logistical and Distribution Center","2.9","86","Distribution service","288 Grumman Rd W, Bethpage, NY 11714, United States","https://www.usps.com/welcome.htm","+1 516-349-5000","https://www.google.com/maps/place/USPS+Logistical+and+Distribution+Center/data=!4m7!3m6!1s0x89c280422c3bb7e3:0x1567924de2da99e6!8m2!3d40.7464206!4d-73.4950056!16s%2Fg%2F1tj97b7p!19sChIJ47c7LEKAwokR5pna4k2SZxU?authuser=0&hl=en&rclk=1"
"Amazon Distribution Center (DBU3)","3.9","41","Distribution service","2 Westbury Ave, Carle Place, NY 11514, United States","","","https://www.google.com/maps/place/Amazon+Distribution+Center+%28DBU3%29/data=!4m7!3m6!1s0x89c287667277ab73:0x6b708c55e5f9ebe6!8m2!3d40.7477191!4d-73.6220944!16s%2Fg%2F11nyr_4gjr!19sChIJc6t3cmaHwokR5uv55VWMcGs?authuser=0&hl=en&rclk=1"
"Warehouses Inc.","","","Warehouse","900 Wheeler Rd #205, Hauppauge, NY 11788, United States","","+1 631-792-1090","https://www.google.com/maps/place/Warehouses+Inc./data=!4m7!3m6!1s0x89e830bde9a352c7:0xa1225c77e5aacf9f!8m2!3d40.824926!4d-73.205557!16s%2Fg%2F11h0znbvy!19sChIJx1Kj6b0w6IkRn8-q5XdcIqE?authuser=0&hl=en&rclk=1"
"USPS Logistical and Distribution Center","2.9","86","Distribution service","288 Grumman Rd W, Bethpage, NY 11714, United States","https://www.usps.com/welcome.htm","+1 516-349-5000","https://www.google.com/maps/place/USPS+Logistical+and+Distribution+Center/data=!4m7!3m6!1s0x89c280422c3bb7e3:0x1567924de2da99e6!8m2!3d40.7464206!4d-73.4950056!16s%2Fg%2F1tj97b7p!19sChIJ47c7LEKAwokR5pna4k2SZxU?authuser=0&hl=en&rclk=1"
"Northwell Health Integrated Distribution Center","4.3","27","Warehouse","401 Grumman Rd W, Bethpage, NY 11714, United States","https://www.northwell.edu/","","https://www.google.com/maps/place/Northwell+Health+Integrated+Distribution+Center/data=!4m7!3m6!1s0x89c28044dd79dabd:0xc6e9d21eb6d575f0!8m2!3d40.749852!4d-73.4963325!16s%2Fg%2F1hc2jh6k9!19sChIJvdp53USAwokR8HXVth7S6cY?authuser=0&hl=en&rclk=1"
"Metrostar Foodservice","4.0","21","Distribution service","86 Emjay Blvd, Brentwood, NY 11717, United States","http://www.metrostarny.com/","+1 631-813-2800","https://www.google.com/maps/place/Metrostar+Foodservice/data=!4m7!3m6!1s0x89e82e02af594711:0xe7cefb73a0acea8b!8m2!3d40.78019!4d-73.27697!16s%2Fg%2F1v7pzhzv!19sChIJEUdZrwIu6IkRi-qsoHP7zuc?authuser=0&hl=en&rclk=1"
"LMS Industrial Distributors","5.0","1","Distribution service","20 Beverly Rd, Oakdale, NY 11769, United States","","+1 631-567-5400","https://www.google.com/maps/place/LMS+Industrial+Distributors/data=!4m7!3m6!1s0x89e8343afd8543d5:0xa92e78257a980dc1!8m2!3d40.7400701!4d-73.1496794!16s%2Fg%2F1tjtk9fr!19sChIJ1UOF_To06IkRwQ2YeiV4Lqk?authuser=0&hl=en&rclk=1"
"Belco Distributors","","","Distribution service","100 Adams Blvd, Farmingdale, NY 11735, United States","https://www.belcodist.com/","+1 631-501-2020","https://www.google.com/maps/place/Belco+Distributors/data=!4m7!3m6!1s0x89e82b2ebac193e5:0xd75765cf31bbbe19!8m2!3d40.7174491!4d-73.4115066!16s%2Fg%2F11hy9p82kj!19sChIJ5ZPBui4r6IkRGb67Mc9lV9c?authuser=0&hl=en&rclk=1"
"Giardoni Foods","","","Food products supplier","","https://giardonifoods.com/","+1 631-586-2331","https://www.google.com/maps/place/Giardoni+Foods/data=!4m7!3m6!1s0x89e82dc04012bebb:0xb84fd6f892cc3960!8m2!3d40.816942!4d-73.241533!16s%2Fg%2F1tsbn4ld!19sChIJu74SQMAt6IkRYDnMkvjWT7g?authuser=0&hl=en&rclk=1"
"Cloud Coast Distribution","5.0","3","Distribution service","","http://cloud-coast.com/","+1 929-217-6998","https://www.google.com/maps/place/Cloud+Coast+Distribution/data=!4m7!3m6!1s0x6729da37d70513db:0x1e9e5e127c52add4!8m2!3d46.423669!4d-129.9427086!16s%2Fg%2F11svb8nxm6!19sChIJ2xMF1zfaKWcR1K1SfBJenh4?authuser=0&hl=en&rclk=1"
"Sonotec US","","","Distribution service","","http://www.sonotecusa.com/","+1 631-415-4758","https://www.google.com/maps/place/Sonotec+US/data=!4m7!3m6!1s0xb747015989e4029:0xd54e93cbba757645!8m2!3d46.423669!4d-129.9427086!16s%2Fg%2F11txztkf30!19sChIJKUCemBVwdAsRRXZ1usuTTtU?authuser=0&hl=en&rclk=1"
"Pride Products","3.4","30","Wholesaler","4333 Veterans Memorial Hwy, Ronkonkoma, NY 11779, United States","http://www.prideproducts.com/","+1 631-737-4444","https://www.google.com/maps/place/Pride+Products/data=!4m7!3m6!1s0x89e837d49513ff69:0x87fc24841fe1fad6!8m2!3d40.7836971!4d-73.0925443!16s%2Fg%2F1vfp97gf!19sChIJaf8TldQ36IkR1vrhH4Qk_Ic?authuser=0&hl=en&rclk=1"
"Assure Distribution","5.0","16","Distribution service","","https://www.assuredistribution.com/","+1 888-698-9590","https://www.google.com/maps/place/Assure+Distribution/data=!4m7!3m6!1s0x89c265e037b6a051:0x586c388e918c436!8m2!3d46.423669!4d-129.9427086!16s%2Fg%2F11jgyd3d0r!19sChIJUaC2N-BlwokRNsQY6YjDhgU?authuser=0&hl=en&rclk=1"
"Affirma Distributors","4.0","5","Distribution service","","https://affirmadistributors.com/","+1 516-244-3318","https://www.google.com/maps/place/Affirma+Distributors/data=!4m7!3m6!1s0x89c27bea013e8ddd:0xac7c9116831d85fa!8m2!3d46.423669!4d-129.9427086!16s%2Fg%2F11kqw00vt3!19sChIJ3Y0-Aep7wokR-oUdgxaRfKw?authuser=0&hl=en&rclk=1"
"Shah Distributor Inc.","4.2","5","Distribution service","47 Roselle St, Mineola, NY 11501, United States","","+1 516-492-3168","https://www.google.com/maps/place/Shah+Distributor+Inc./data=!4m7!3m6!1s0x89c262eb31b90597:0xe675bbbd26905e!8m2!3d40.7535153!4d-73.6357535!16s%2Fg%2F1tgdv1jl!19sChIJlwW5MetiwokRXpAmvbt15gA?authuser=0&hl=en&rclk=1"
"Supermarket Distributors of America","3.8","5","Wholesaler","1626 Locust Ave, Bohemia, NY 11716, United States","http://www.sdaccs.com/","+1 631-273-3900","https://www.google.com/maps/place/Supermarket+Distributors+of+America/data=!4m7!3m6!1s0x89e830d125473db9:0x111eeee2889da335!8m2!3d40.7840032!4d-73.1186463!16s%2Fg%2F11b6ghtwxw!19sChIJuT1HJdEw6IkRNaOdiOLuHhE?authuser=0&hl=en&rclk=1"
"Nassau Provisions","3.5","38","Distribution service","700 Furrows Rd, Holtsville, NY 11742, United States","http://www.nassauprovisions.com/","+1 516-378-5921","https://www.google.com/maps/place/Nassau+Provisions/data=!4m7!3m6!1s0x89c27bfadf9c05f7:0x2bd6d5d3d5901114!8m2!3d40.8109047!4d-73.0508067!16s%2Fg%2F1tqcm450!19sChIJ9wWc3_p7wokRFBGQ1dPV1is?authuser=0&hl=en&rclk=1"
"SBG Distribution LLC","5.0","1","Distribution service","257 E 2nd St, Mineola, NY 11501, United States","http://sbgdistribution.com/","+1 516-853-7377","https://www.google.com/maps/place/SBG+Distribution+LLC/data=!4m7!3m6!1s0x89c287f5f7efffff:0xe58397055f07329!8m2!3d40.7447741!4d-73.623754!16s%2Fg%2F11h3vc22_0!19sChIJ___v9_WHwokRKXPwVXA5WA4?authuser=0&hl=en&rclk=1"
"S & S Wholesale Distribution","","","Wholesaler","623 N Bicycle Path, Port Jefferson Station, NY 11776, United States","","+1 631-924-5522","https://www.google.com/maps/place/S+%26+S+Wholesale+Distribution/data=!4m7!3m6!1s0x89e8411e64e6ba2f:0x10b6da2a7d9ebe8a!8m2!3d40.9164094!4d-73.0384115!16s%2Fg%2F1tfyfm0n!19sChIJL7rmZB5B6IkRir6efSrathA?authuser=0&hl=en&rclk=1"
"iScholar, Inc.","4.5","4","Distribution service","","https://shopischolar.com/","+1 631-885-8032","https://www.google.com/maps/place/iScholar,+Inc./data=!4m7!3m6!1s0x89e9d349bf8aa457:0x93cd50fa0b926d1c!8m2!3d46.423669!4d-129.9427086!16s%2Fg%2F1tf76k79!19sChIJV6SKv0nT6YkRHG2SC_pQzZM?authuser=0&hl=en&rclk=1"
"Advanced Distribution Systems, Inc.","4.3","33","Distribution service","614 NY-303, Blauvelt, NY 10913, United States","http://www.ads-outsource.com/","+1 201-767-7350","https://www.google.com/maps/place/Advanced+Distribution+Systems,+Inc./data=!4m7!3m6!1s0x89c2ee9a5921a767:0x987ff1f5e856ecce!8m2!3d41.0743222!4d-73.952263!16s%2Fg%2F1trxl69c!19sChIJZ6chWZruwokRzuxW6PXxf5g?authuser=0&hl=en&rclk=1"
"HELP Suffolk Food Pantry - Food Distribution Center","","","Food bank","685 Brookhaven Ave, Bellport, NY 11713, United States","","+1 631-286-2400","https://www.google.com/maps/place/HELP+Suffolk+Food+Pantry+-+Food+Distribution+Center/data=!4m7!3m6!1s0x89e84f98166cffb5:0x25aa4cac78a35543!8m2!3d40.7798494!4d-72.9352943!16s%2Fg%2F11k6hh03vw!19sChIJtf9sFphP6IkRQ1WjeKxMqiU?authuser=0&hl=en&rclk=1"
"One World Distributors NY","3.5","6","Wholesaler","315 Michael Dr, Syosset, NY 11791, United States","http://www.onewdist.com/","+1 516-226-1212","https://www.google.com/maps/place/One+World+Distributors+NY/data=!4m7!3m6!1s0x89c2817ee7cf7aef:0x7a806f1b60fc9b0b!8m2!3d40.8025986!4d-73.5159145!16s%2Fg%2F11g0k23m0r!19sChIJ73rP536BwokRC5v8YBtvgHo?authuser=0&hl=en&rclk=1"
"3OVO Logistics","4.1","11","Warehouse","2020 Ocean Ave unit a, Ronkonkoma, NY 11779, United States","http://3ovologistics.com/","+1 833-375-3686","https://www.google.com/maps/place/3OVO+Logistics/data=!4m7!3m6!1s0x89e837ae3c555555:0x2d97c0f2fa11d357!8m2!3d40.7938182!4d-73.1240806!16s%2Fg%2F11f63xg83c!19sChIJVVVVPK436IkRV9MR-vLAly0?authuser=0&hl=en&rclk=1"
"National Distribution Inc","5.0","1","Machine shop","28 B Industrial Blvd, Medford, NY 11763, United States","http://nationaldistribution.com/","+1 631-845-4970","https://www.google.com/maps/place/National+Distribution+Inc/data=!4m7!3m6!1s0x89e82b018d8a670d:0x101844ef05946ada!8m2!3d40.8096444!4d-72.9605984!16s%2Fg%2F1tgjm9x6!19sChIJDWeKjQEr6IkR2mqUBe9EGBA?authuser=0&hl=en&rclk=1"
"Rahman Distributors Inc","5.0","5","Distribution service","3617 36th St, Astoria, NY 11106, United States","","+1 917-396-4882","https://www.google.com/maps/place/Rahman+Distributors+Inc/data=!4m7!3m6!1s0x89c25f2f0b529a27:0xf4f66f9acafb642c!8m2!3d40.7542209!4d-73.9259683!16s%2Fg%2F1hc5y7rjh!19sChIJJ5pSCy9fwokRLGT7yppv9vQ?authuser=0&hl=en&rclk=1"
"Sysco Long Island - Food Distributor & Restaurant Supplies","3.6","167","Food products supplier","199 Lowell Ave, Central Islip, NY 11722, United States","https://sysco.com/Contact/Contact/Our-Locations/Long-Island?utm_medium=googlemybusiness&utm_source=google.com&utm_campaign=gmb_opcopages&utm_content=Long%20Island","+1 631-342-7400","https://www.google.com/maps/place/Sysco+Long+Island+-+Food+Distributor+%26+Restaurant+Supplies/data=!4m7!3m6!1s0x89e8312eaec2ae33:0xa6de54c44f98e5cf!8m2!3d40.7919863!4d-73.1878775!16s%2Fg%2F12624ksxh!19sChIJM67Cri4x6IkRz-WYT8RU3qY?authuser=0&hl=en&rclk=1"
"JPL Industries: Bulk Wholesale Elf Bar, Elf Bar Ultra, Geek Bar, Glamee, Air Bar, Fume Vapes","","","Vaporizer store","","https://jplindustry.com/","","https://www.google.com/maps/place/JPL+Industries:+Bulk+Wholesale+Elf+Bar,+Elf+Bar+Ultra,+Geek+Bar,+Glamee,+Air+Bar,+Fume+Vapes/data=!4m7!3m6!1s0x4b853f53d17507dd:0x98649c65f68ec670!8m2!3d46.423669!4d-129.9427086!16s%2Fg%2F11k443zl5n!19sChIJ3Qd10VM_hUsRcMaO9mWcZJg?authuser=0&hl=en&rclk=1"
"Hauppauge Provisions Co","4.7","3","Meat wholesaler","95 Hoffman Ln # T, Islandia, NY 11749, United States","http://www.hauppaugeprovisions.com/","+1 631-234-7575","https://www.google.com/maps/place/Hauppauge+Provisions+Co/data=!4m7!3m6!1s0x89e830d25eefedc9:0xd4832e1b3ff8c54c!8m2!3d40.8049469!4d-73.1842553!16s%2Fg%2F1tfpkvyb!19sChIJye3vXtIw6IkRTMX4Pxsug9Q?authuser=0&hl=en&rclk=1"
"Long Island Beverage","4.4","247","Beer distributor","400 Hawkins Ave, Ronkonkoma, NY 11779, United States","http://www.longislandbeverageinc.com/","+1 631-366-7262","https://www.google.com/maps/place/Long+Island+Beverage/data=!4m7!3m6!1s0x89e8382b2df6bdff:0xbd815871dd3c5287!8m2!3d40.8240472!4d-73.1083106!16s%2Fg%2F1td7d5j5!19sChIJ_732LSs46IkRh1I83XFYgb0?authuser=0&hl=en&rclk=1"
"Metro Food Distributors Inc","","","Distribution service","175-1 Rockaway Blvd #201, Queens, NY 11434, United States","","+1 718-995-4140","https://www.google.com/maps/place/Metro+Food+Distributors+Inc/data=!4m7!3m6!1s0x89c26693b970cc0d:0xfb38cb3f11876fdf!8m2!3d40.6581655!4d-73.7704325!16s%2Fg%2F1tdw8_5v!19sChIJDcxwuZNmwokR32-HET_LOPs?authuser=0&hl=en&rclk=1"
"SONOTEC US Inc","","","Distribution service","","http://www.sonotecusa.com/","+1 631-415-4758","https://www.google.com/maps/place/SONOTEC+US+Inc/data=!4m7!3m6!1s0x69ad736cd0f44d45:0x37a1a89eca60bb65!8m2!3d46.423669!4d-129.9427086!16s%2Fg%2F11sssmtpfb!19sChIJRU300GxzrWkRZbtgyp6ooTc?authuser=0&hl=en&rclk=1"
"Evergreen Team USA","4.3","3","Distribution service","65 E Bethpage Rd #300, Plainview, NY 11803, United States","","+1 516-586-6575","https://www.google.com/maps/place/Evergreen+Team+USA/data=!4m7!3m6!1s0x89e82a0db8be05b1:0xafc6ed4333e6c102!8m2!3d40.7812185!4d-73.4553217!16s%2Fg%2F1wc48_j7!19sChIJsQW-uA0q6IkRAsHmM0Ptxq8?authuser=0&hl=en&rclk=1"
"D.L. Carr Distributors","","","Distribution service","1 Fairchild Ct #120, Plainview, NY 11803, United States","http://stertil-koni.com/","+1 800-487-8688","https://www.google.com/maps/place/D.L.+Carr+Distributors/data=!4m7!3m6!1s0x89e82a01417515cd:0xcace837bc3e89c73!8m2!3d40.7941971!4d-73.4604726!16s%2Fg%2F11g886rczr!19sChIJzRV1QQEq6IkRc5zow3uDzso?authuser=0&hl=en&rclk=1"
"S S Ny Distribution Inc","","","Distribution service","14717 176th St, Jamaica, NY 11434, United States","","+1 718-376-2002","https://www.google.com/maps/place/S+S+Ny+Distribution+Inc/data=!4m7!3m6!1s0x89c2669361f1664b:0xf3a992df47831e9d!8m2!3d40.6602951!4d-73.769699!16s%2Fg%2F1tp285np!19sChIJS2bxYZNmwokRnR6DR9-SqfM?authuser=0&hl=en&rclk=1"
"Sparta Food Distributors Inc","4.7","18","Distribution service","3359 Vernon Blvd, Long Island City, NY 11106, United States","","+1 718-956-4500","https://www.google.com/maps/place/Sparta+Food+Distributors+Inc/data=!4m7!3m6!1s0x89c258cbba7bf595:0x4a25cc0eba045bf5!8m2!3d40.7656182!4d-73.9398723!16s%2Fg%2F1v6wq79h!19sChIJlfV7ustYwokR9VsEug7MJUo?authuser=0&hl=en&rclk=1"
"VapeRanger Wholesale Disposable Vape, eJuice/eLiquid, & Hemp Products Distributor: 2500+ Brands","3.9","23","Vaporizer store","40 Melville Park Rd, Melville, NY 11747, United States","https://vaperanger.com/?UTM_source=GMB_listing&UTM_medium=organic","+1 631-777-3487","https://www.google.com/maps/place/VapeRanger+Wholesale+Disposable+Vape,+eJuice%2FeLiquid,+%26+Hemp+Products+Distributor:+2500%2B+Brands/data=!4m7!3m6!1s0x89e82ad0b3123121:0x5632a7b55874b181!8m2!3d40.7754208!4d-73.4131867!16s%2Fg%2F11dyx4xcdl!19sChIJITESs9Aq6IkRgbF0WLWnMlY?authuser=0&hl=en&rclk=1"
"Distribution International","4.5","12","Industrial equipment supplier","11-40 Borden Ave, Long Island City, NY 11101, United States","https://www.distributioninternational.com/","+1 718-472-4006","https://www.google.com/maps/place/Distribution+International/data=!4m7!3m6!1s0x89c2593ad60e78cf:0x4ea3e10e5fdcd0f5!8m2!3d40.7402437!4d-73.950605!16s%2Fg%2F1ptxhswvb!19sChIJz3gO1jpZwokR9dDcXw7ho04?authuser=0&hl=en&rclk=1"
"International Warehouse Group","4.7","15","Warehouse","","http://www.intlwhsegrp.com/","+1 631-694-4397","https://www.google.com/maps/place/International+Warehouse+Group/data=!4m7!3m6!1s0x89e82a5d023dabed:0xd569488e8c8b54d3!8m2!3d32.8769575!4d-80.667584!16s%2Fg%2F1td5h4k_!19sChIJ7as9Al0q6IkR01SLjI5IadU?authuser=0&hl=en&rclk=1"
"NY Houseware Distributors","1.0","1","Distribution service","","","+1 845-662-3697","https://www.google.com/maps/place/NY+Houseware+Distributors/data=!4m7!3m6!1s0x89c2d65ef76b7a89:0x8efd9613c25550a8!8m2!3d46.423669!4d-129.9427086!16s%2Fg%2F11b6srj6n3!19sChIJiXpr917WwokRqFBVwhOW_Y4?authuser=0&hl=en&rclk=1"
"AK Distributors Usa Inc","","","Distribution service","295 Oser Ave, Hauppauge, NY 11788, United States","","+1 631-434-9700","https://www.google.com/maps/place/AK+Distributors+Usa+Inc/data=!4m7!3m6!1s0x89e83030cc874aeb:0xfadceb4c5ac62b26!8m2!3d40.8161253!4d-73.2590601!16s%2Fg%2F1q62k4b2c!19sChIJ60qHzDAw6IkRJivGWkzr3Po?authuser=0&hl=en&rclk=1"
"Distribution International","4.8","4","Industrial equipment supplier","300 Karin Ln, Hicksville, NY 11801, United States","https://www.distributioninternational.com/","+1 516-932-9170","https://www.google.com/maps/place/Distribution+International/data=!4m7!3m6!1s0x89c28053b82ad2c1:0x35165510679cd8e!8m2!3d40.7614924!4d-73.5038591!16s%2Fg%2F1263kwzkg!19sChIJwdIquFOAwokRjs15BlFlUQM?authuser=0&hl=en&rclk=1"
"National Distribution Warehouse","3.7","3","Distribution service","1850 Utica Ave, Brooklyn, NY 11234, United States","","+1 718-251-0096","https://www.google.com/maps/place/National+Distribution+Warehouse/data=!4m7!3m6!1s0x89c24334d7c5faa7:0xb4cacd76947e813e!8m2!3d40.6271084!4d-73.9280874!16s%2Fg%2F1tg4xrpt!19sChIJp_rF1zRDwokRPoF-lHbNyrQ?authuser=0&hl=en&rclk=1"
"BCS International Corp.","3.3","39","Food products supplier","47-15 33rd St, Queens, NY 11101, United States","http://www.bcsroyal.com/","+1 718-392-3355","https://www.google.com/maps/place/BCS+International+Corp./data=!4m7!3m6!1s0x89c25ed3937153b7:0x221ce1d455b6386b!8m2!3d40.7423233!4d-73.93174!16s%2Fg%2F1pp2vm1_n!19sChIJt1Nxk9NewokRazi2VdThHCI?authuser=0&hl=en&rclk=1"
"Nikon Distribution Center","","","Distribution service","336 S Service Rd, Melville, NY 11747, United States","","+1 631-650-1210","https://www.google.com/maps/place/Nikon+Distribution+Center/data=!4m7!3m6!1s0x89e82bce3fff70e7:0xe6ea0041fd5eedb9!8m2!3d40.7796441!4d-73.4106594!16s%2Fg%2F1tjl6ym4!19sChIJ53D_P84r6IkRue1e_UEA6uY?authuser=0&hl=en&rclk=1"
"BJ's Wholesale Club","3.7","246","Warehouse club","1000 Old Nichols Rd, Islandia, NY 11749, United States","https://www.bjs.com/cl/islandia/0049?chl=locl&vnd=ggmb&lob=xlob&tcz=main&utm_campaign=locdist&opz1=0049&opz2=store","+1 631-851-0200","https://www.google.com/maps/place/BJ%27s+Wholesale+Club/data=!4m7!3m6!1s0x89e8373f971496c5:0x863ad0f73a3bdc95!8m2!3d40.8114479!4d-73.1606773!16s%2Fg%2F1tdzh0c6!19sChIJxZYUlz836IkRldw7OvfQOoY?authuser=0&hl=en&rclk=1"
"X-Press Distribution","3.0","7","Distribution service","6907 69th Pl, Glendale, NY 11385, United States","","+1 718-416-3781","https://www.google.com/maps/place/X-Press+Distribution/data=!4m7!3m6!1s0x89c25e7ea941d53f:0x8a4f1dd649e33e81!8m2!3d40.706044!4d-73.8834606!16s%2Fg%2F1vqmk8v0!19sChIJP9VBqX5ewokRgT7jSdYdT4o?authuser=0&hl=en&rclk=1"
"International Warehouse Group","2.7","3","Warehouse","303 Winding Rd, Old Bethpage, NY 11804, United States","http://www.shipiwg.com/","+1 631-617-5670","https://www.google.com/maps/place/International+Warehouse+Group/data=!4m7!3m6!1s0x89e82b2c0315091b:0x734904b2d9f41abe!8m2!3d40.7600483!4d-73.4440015!16s%2Fg%2F11mvbbd4fx!19sChIJGwkVAywr6IkRvhr02bIESXM?authuser=0&hl=en&rclk=1"
"Brookhaven Logistics Center","3.0","2","Warehouse","1001 Express Dr N, Yaphank, NY 11980, United States","","","https://www.google.com/maps/place/Brookhaven+Logistics+Center/data=!4m7!3m6!1s0x89e845b2a7d66c49:0x580128f8ad342b9!8m2!3d40.8292345!4d-72.9459521!16s%2Fg%2F11k586ypwr!19sChIJSWzWp7JF6IkRuULTio8SgAU?authuser=0&hl=en&rclk=1"
"DCT Distribution Center","","","Distribution service","500 Oak St, Copiague, NY 11726, United States","","+1 631-691-1842","https://www.google.com/maps/place/DCT+Distribution+Center/data=!4m7!3m6!1s0x89e9d4f21a0843b9:0x9e8874f82b0356e1!8m2!3d40.6797616!4d-73.3995577!16s%2Fg%2F1262c8yml!19sChIJuUMIGvLU6YkR4VYDK_h0iJ4?authuser=0&hl=en&rclk=1"
"Savings Distributors LLC","5.0","2","Consultant","85 Hoffman Ln, Islandia, NY 11749, United States","","+1 877-376-0130 ext. 5","https://www.google.com/maps/place/Savings+Distributors+LLC/data=!4m7!3m6!1s0x89e830d254400001:0xb45897b6eebae04a!8m2!3d40.8043229!4d-73.1853856!16s%2Fg%2F11f63xt397!19sChIJAQBAVNIw6IkRSuC67raXWLQ?authuser=0&hl=en&rclk=1"
"Saint Joseph's - Food Distribution Center","","","Food bank","2855 Pond Rd, Lake Ronkonkoma, NY 11779, United States","","+1 631-981-6888","https://www.google.com/maps/place/Saint+Joseph%27s+-+Food+Distribution+Center/data=!4m7!3m6!1s0x89e8378e63904b37:0x166f297560166571!8m2!3d40.8182886!4d-73.1176652!16s%2Fg%2F11jppt82mk!19sChIJN0uQY4436IkRcWUWYHUpbxY?authuser=0&hl=en&rclk=1"
"New York Wholesale Distribution","","","Wholesaler","60 S 2nd St Suite. I, Deer Park, NY 11729, United States","","","https://www.google.com/maps/place/New+York+Wholesale+Distribution/data=!4m7!3m6!1s0x89e82d7cfe6e5d87:0x8da782676fc96e1e!8m2!3d40.7660445!4d-73.2943247!16s%2Fg%2F11px9_wwqf!19sChIJh11u_nwt6IkRHm7Jb2eCp40?authuser=0&hl=en&rclk=1"
"Saint Patrick Parish Outreach - Food Distribution Center","3.7","3","Food bank","280 E Main St, Smithtown, NY 11787, United States","https://www.stpatricksmithtown.org/parish-outreach","+1 631-265-2668","https://www.google.com/maps/place/Saint+Patrick+Parish+Outreach+-+Food+Distribution+Center/data=!4m7!3m6!1s0x89e8398ad7ce1177:0x252eb7db10c74d47!8m2!3d40.8535064!4d-73.1790153!16s%2Fg%2F11jppw770_!19sChIJdxHO14o56IkRR03HENu3LiU?authuser=0&hl=en&rclk=1"
"Brooklyn Distribution Center","2.1","47","Distribution service","1194 Metropolitan Ave, Brooklyn, NY 11237, United States","","+1 718-497-1385","https://www.google.com/maps/place/Brooklyn+Distribution+Center/data=!4m7!3m6!1s0x89c25eaebcfd0b55:0x18082b713e29362e!8m2!3d40.7139674!4d-73.9292447!16s%2Fg%2F1tff8jmj!19sChIJVQv9vK5ewokRLjYpPnErCBg?authuser=0&hl=en&rclk=1"
"GBLS USA","4.8","19","Distribution service","1650 Sycamore Ave #6a, Bohemia, NY 11716, United States","http://www.gblsusa.com/","+1 631-319-6496","https://www.google.com/maps/place/GBLS+USA/data=!4m7!3m6!1s0x89e83652f2e9154f:0x9e3e32c4ae3eaf59!8m2!3d40.7856625!4d-73.1247431!16s%2Fg%2F11g021brjq!19sChIJTxXp8lI26IkRWa8-rsQyPp4?authuser=0&hl=en&rclk=1"
"Island Harvest Food Bank - Food Distribution Center","3.7","3","Food bank","126 Spagnoli Rd, Melville, NY 11747, United States","https://www.islandharvest.org/","+1 631-873-4775","https://www.google.com/maps/place/Island+Harvest+Food+Bank+-+Food+Distribution+Center/data=!4m7!3m6!1s0x89e8304b9aa5056f:0x7d44b8fe0eeba654!8m2!3d40.7626235!4d-73.4337393!16s%2Fg%2F11k6hf80rk!19sChIJbwWlmksw6IkRVKbrDv64RH0?authuser=0&hl=en&rclk=1"
"LLM Distributors USA","5.0","1","Distribution service","","","","https://www.google.com/maps/place/LLM+Distributors+USA/data=!4m7!3m6!1s0x89c2e9d1548ce5e5:0xfdec019777744ce4!8m2!3d46.423669!4d-129.9427086!16s%2Fg%2F11jk2sn8sb!19sChIJ5eWMVNHpwokR5Ex0d5cB7P0?authuser=0&hl=en&rclk=1"
"Eastern Distributors Inc","4.3","30","Juice shop","31 Grand Blvd #33, Brentwood, NY 11717, United States","https://easterndistributors.us/","+1 631-435-3912","https://www.google.com/maps/place/Eastern+Distributors+Inc/data=!4m7!3m6!1s0x89e8310b177d24c9:0x7af315578a681ae4!8m2!3d40.7844327!4d-73.2256794!16s%2Fg%2F1tt1j7p2!19sChIJySR9Fwsx6IkR5BpoilcV83o?authuser=0&hl=en&rclk=1"
"BCH Fulfillment-Distribution","4.5","2","Books wholesaler","33 Oakland Ave, Harrison, NY 10528, United States","http://www.bookch.com/","+1 914-835-0015","https://www.google.com/maps/place/BCH+Fulfillment-Distribution/data=!4m7!3m6!1s0x89c2911a466d9dbb:0x50db8b60b9d3f49c!8m2!3d40.9669784!4d-73.7094494!16s%2Fg%2F1v44rbkg!19sChIJu51tRhqRwokRnPTTuWCL21A?authuser=0&hl=en&rclk=1"
"top distributors","3.6","30","Distribution service","","","+1 718-825-8804","https://www.google.com/maps/place/top+distributors/data=!4m7!3m6!1s0x89c28be7897d535f:0xe5f325ee5e1a0617!8m2!3d40.4347814!4d-73.6705386!16s%2Fg%2F11rcrj8l5t!19sChIJX1N9ieeLwokRFwYaXu4l8-U?authuser=0&hl=en&rclk=1"
"New Jerusalem Church - Food Distribution Center","5.0","1","Food bank","184 Woodlawn Ave, St James, NY 11780, United States","","+1 631-584-3934","https://www.google.com/maps/place/New+Jerusalem+Church+-+Food+Distribution+Center/data=!4m7!3m6!1s0x89e8390b8905db9b:0xb4534ce82c8fa0a4!8m2!3d40.8755643!4d-73.1546635!16s%2Fg%2F11k6hg0xfs!19sChIJm9sFiQs56IkRpKCPLOhMU7Q?authuser=0&hl=en&rclk=1"
"USPS Mid-Island Processing and Distribution Center","3.3","178","Mailing service","160 Duryea Rd, Melville, NY 11747, United States","http://www.usps.com/","+1 631-755-2575","https://www.google.com/maps/place/USPS+Mid-Island+Processing+and+Distribution+Center/data=!4m7!3m6!1s0x89e82a4cfe0829bd:0xd2f5141608773ec3!8m2!3d40.7642869!4d-73.4194129!16s%2Fg%2F1261sz_lq!19sChIJvSkI_kwq6IkRwz53CBYU9dI?authuser=0&hl=en&rclk=1"
"Mercedes Distribution Center Inc","1.0","1","Distribution service","63 Flushing Ave #3, Brooklyn, NY 11205, United States","","+1 718-534-3000","https://www.google.com/maps/place/Mercedes+Distribution+Center+Inc/data=!4m7!3m6!1s0x89c25bcff08b4d11:0xd76e95397fc22917!8m2!3d40.6985052!4d-73.9719769!16s%2Fg%2F12llcv163!19sChIJEU2L8M9bwokRFynCfzmVbtc?authuser=0&hl=en&rclk=1"
"Crown USA Distributors Inc","4.0","6","Distribution service","1329 Jerome Ave, Bronx, NY 10452, United States","","+1 718-293-1921","https://www.google.com/maps/place/Crown+USA+Distributors+Inc/data=!4m7!3m6!1s0x89c2f43bdcde900d:0x8ba575ee14fe02df!8m2!3d40.8386973!4d-73.9189952!16s%2Fg%2F1td7v39b!19sChIJDZDe3Dv0wokR3wL-FO51pYs?authuser=0&hl=en&rclk=1"
"FSL - Parent to Parent - Food Distribution Center","","","Food bank","15 Horseblock Rd, Centereach, NY 11720, United States","","+1 631-223-5030","https://www.google.com/maps/place/FSL+-+Parent+to+Parent+-+Food+Distribution+Center/data=!4m7!3m6!1s0x89e84782a75b2ae7:0x68fc1278c947e1d4!8m2!3d40.8586245!4d-73.0766425!16s%2Fg%2F11jrj0j3nf!19sChIJ5ypbp4JH6IkR1OFHyXgS_Gg?authuser=0&hl=en&rclk=1"
"Amazon Distribution Center","4.5","2","Distribution service","546 Gulf Ave, Staten Island, NY 10303, United States","","","https://www.google.com/maps/place/Amazon+Distribution+Center/data=!4m7!3m6!1s0x89c24d0c4458be95:0x4ebbf3f43117f116!8m2!3d40.6155047!4d-74.1795183!16s%2Fg%2F11gr3tygj9!19sChIJlb5YRAxNwokRFvEXMfTzu04?authuser=0&hl=en&rclk=1"
"NY Snacks, Yorkshire Food Sales","2.7","7","Distribution service","2000 Plaza Ave, New Hyde Park, NY 11040, United States","http://www.nysnacks.com/","+1 516-328-1400","https://www.google.com/maps/place/NY+Snacks,+Yorkshire+Food+Sales/data=!4m7!3m6!1s0x89c262bfb6c2613d:0xe7c50734c822b88c!8m2!3d40.732978!4d-73.6751219!16s%2Fg%2F1tf3cgbl!19sChIJPWHCtr9iwokRjLgiyDQHxec?authuser=0&hl=en&rclk=1"
"FDC Distributions USA Corp","5.0","1","Distribution service","","","+1 917-702-1304","https://www.google.com/maps/place/FDC+Distributions+USA+Corp/data=!4m7!3m6!1s0x89c2f38b1ed0afb9:0x45934a75f708fbba!8m2!3d40.94438!4d-73.8642945!16s%2Fg%2F11n2z6m3bs!19sChIJua_QHovzwokRuvsI93VKk0U?authuser=0&hl=en&rclk=1"
"Mundo Distribution USA Inc","1.0","2","Distribution service","4424 5th Ave, Brooklyn, NY 11220, United States","","+1 718-853-0253","https://www.google.com/maps/place/Mundo+Distribution+USA+Inc/data=!4m7!3m6!1s0x89c25ab7c4374723:0xcbdc87fe41b7f672!8m2!3d40.6481227!4d-74.0075709!16s%2Fg%2F1w3w3yxp!19sChIJI0c3xLdawokRcva3Qf6H3Ms?authuser=0&hl=en&rclk=1"
"China Daily Distribution Corporation","","","Distribution service","1500 Broadway #2800, New York, NY 10036, United States","http://www.chinadaily.com.cn/cd/usa.html","+1 212-537-8888","https://www.google.com/maps/place/China+Daily+Distribution+Corporation/data=!4m7!3m6!1s0x89c258551f3d36a3:0x36e18d8b607546b3!8m2!3d40.7568244!4d-73.9856588!16s%2Fg%2F1hc46thgc!19sChIJozY9H1VYwokRs0Z1YIuN4TY?authuser=0&hl=en&rclk=1"
"Bashier Wholesale Distribution","3.7","3","Wholesaler","229 NY-303 #102, Congers, NY 10920, United States","https://bashierwholesale.com/","+1 845-786-5150","https://www.google.com/maps/place/Bashier+Wholesale+Distribution/data=!4m7!3m6!1s0x89c2c160031bd0d5:0x582e655063c0c73c!8m2!3d41.1616659!4d-73.9387842!16s%2Fg%2F1261d92x3!19sChIJ1dAbA2DBwokRPMfAY1BlLlg?authuser=0&hl=en&rclk=1"
"L&R Distributors Inc.","3.8","8","Distribution service","88 35th St, Brooklyn, NY 11232, United States","http://www.lrdist.com/","+1 718-272-2100","https://www.google.com/maps/place/L%26R+Distributors+Inc./data=!4m7!3m6!1s0x89c25ceae19b3135:0xb4755685ebc0520b!8m2!3d40.6564158!4d-74.0067845!16s%2Fg%2F11fxvn09ms!19sChIJNTGb4epcwokRC1LA64VWdbQ?authuser=0&hl=en&rclk=1"
"East Coast Distribution","","","Distribution service","275 Central Park W #9f, New York, NY 10024, United States","http://ecd-usa.com/","+1 844-323-8721","https://www.google.com/maps/place/East+Coast+Distribution/data=!4m7!3m6!1s0x406607e35f9a2bbb:0x4c4d6fe6abb77385!8m2!3d40.7864756!4d-73.9688547!16s%2Fg%2F11b7c2rcc9!19sChIJuyuaX-MHZkARhXO3q-ZvTUw?authuser=0&hl=en&rclk=1"
"OZONE PARK CARRIER ANNEX — Post Office","2.7","501","Post office","1050 Forbell St, Brooklyn, NY 11256, United States","https://www.postallocations.com/ny/brooklyn/ozone-park-carrier-annex","+1 718-843-6776","https://www.google.com/maps/place/OZONE+PARK+CARRIER+ANNEX+%E2%80%94+Post+Office/data=!4m7!3m6!1s0x89c25d9945d7164b:0x1095c445a2fed253!8m2!3d40.6636586!4d-73.8629722!16s%2Fg%2F125_sdyzt!19sChIJSxbXRZldwokRU9L-okXElRA?authuser=0&hl=en&rclk=1"
"Cool Spot Beverage","4.8","23","Beverage distributor","","","+1 631-225-5996","https://www.google.com/maps/place/Cool+Spot+Beverage/data=!4m7!3m6!1s0x89e9d48643ab58b5:0xfa400920c855ff1c!8m2!3d46.423669!4d-129.9427086!16s%2Fg%2F1vhkllbg!19sChIJtVirQ4bU6YkRHP9VyCAJQPo?authuser=0&hl=en&rclk=1"
"East Coast USA Distributors","3.8","35","Auto parts store","1807 Gilford Ave, New Hyde Park, NY 11040, United States","http://www.ecusad.com/","+1 516-326-1560","https://www.google.com/maps/place/East+Coast+USA+Distributors/data=!4m7!3m6!1s0x89c262a31ad52b9f:0x55517e93bcaa363c!8m2!3d40.7422572!4d-73.6742323!16s%2Fg%2F1tfkm2qz!19sChIJnyvVGqNiwokRPDaqvJN-UVU?authuser=0&hl=en&rclk=1"
"Huntington Beverage Inc","5.0","4","Wholesaler","1687 New York Ave, Huntington Station, NY 11746, United States","","+1 631-427-0984","https://www.google.com/maps/place/Huntington+Beverage+Inc/data=!4m7!3m6!1s0x89e828f72b991b1b:0xa2d36f4794cca8b3!8m2!3d40.8424117!4d-73.4125992!16s%2Fg%2F1tmbx4c2!19sChIJGxuZK_co6IkRs6jMlEdv06I?authuser=0&hl=en&rclk=1"
"NAOT USA CORPORATE HQ","4.2","5","Distribution service","80 Ruland Rd, Melville, NY 11747, United States","http://www.naot.com/","+1 516-465-6268","https://www.google.com/maps/place/NAOT+USA+CORPORATE+HQ/data=!4m7!3m6!1s0x89e82ba630b6f83f:0xe76bc19cbb591839!8m2!3d40.7651057!4d-73.4109974!16s%2Fg%2F1tdkyqkh!19sChIJP_i2MKYr6IkRORhZu5zBa-c?authuser=0&hl=en&rclk=1"
"Athenee Imports Distributors","3.0","2","Distribution service","515 Peninsula Blvd, Hempstead, NY 11550, United States","https://atheneeimporters.com/","+1 516-505-4800","https://www.google.com/maps/place/Athenee+Imports+Distributors/data=!4m7!3m6!1s0x89c27ce0ce815249:0xeadc75d4284a2115!8m2!3d40.6997299!4d-73.6280822!16s%2Fg%2F1th299zk!19sChIJSVKBzuB8wokRFSFKKNR13Oo?authuser=0&hl=en&rclk=1"
"NY Dairy Distributors","","","Distribution service","","","+1 718-292-6104","https://www.google.com/maps/place/NY+Dairy+Distributors/data=!4m7!3m6!1s0x8c743cd38014743f:0xadc6e9ccab4f958c!8m2!3d46.423669!4d-129.9427086!16s%2Fg%2F11p6wt8b2j!19sChIJP3QUgNM8dIwRjJVPq8zpxq0?authuser=0&hl=en&rclk=1"
"Kingdom Fellwoship Internation - Food Distribution Center","","","Food bank","1626 Locust Ave, Bohemia, NY 11716, United States","","+1 631-780-6877","https://www.google.com/maps/place/Kingdom+Fellwoship+Internation+-+Food+Distribution+Center/data=!4m7!3m6!1s0x89e8364c60e9866d:0xcc490410cf1880f0!8m2!3d40.7840071!4d-73.1186221!16s%2Fg%2F11k753swyv!19sChIJbYbpYEw26IkR8IAYzxAEScw?authuser=0&hl=en&rclk=1"
"S & A Distribution Inc.","","","Distribution service","29 W 34th St. 3rd floor, New York, NY 10001, United States","","+1 212-293-9100","https://www.google.com/maps/place/S+%26+A+Distribution+Inc./data=!4m7!3m6!1s0x89c259a9736396c3:0xab6aabfd03434b86!8m2!3d40.7494534!4d-73.9863081!16s%2Fg%2F11b5qs49lt!19sChIJw5Zjc6lZwokRhktDA_2raqs?authuser=0&hl=en&rclk=1"
"Middle Island United Church of Christ - Food Distribution Center","5.0","1","Food bank","271 Middle Country Rd, Middle Island, NY 11953, United States","","+1 631-846-1778","https://www.google.com/maps/place/Middle+Island+United+Church+of+Christ+-+Food+Distribution+Center/data=!4m7!3m6!1s0x89e844768671fb93:0x5d17544a9452f79c!8m2!3d40.878542!4d-72.9631519!16s%2Fg%2F11k6hf44pg!19sChIJk_txhnZE6IkRnPdSlEpUF10?authuser=0&hl=en&rclk=1"
"Long Island Soda Systems","4.8","26","Beverage distributor","11 Evergreen Ave, Patchogue, NY 11772, United States","https://lisodasystems.com/","+1 631-589-2415","https://www.google.com/maps/place/Long+Island+Soda+Systems/data=!4m7!3m6!1s0x89e83659dfb05731:0x99861922cc102060!8m2!3d40.7656662!4d-73.0029806!16s%2Fg%2F1td9rkf7!19sChIJMVew31k26IkRYCAQzCIZhpk?authuser=0&hl=en&rclk=1"
"LTN Wholesale Distributors","4.0","1","Distribution service","621 McLean Ave, Yonkers, NY 10705, United States","","+1 914-751-3574","https://www.google.com/maps/place/LTN+Wholesale+Distributors/data=!4m7!3m6!1s0x89c2f2f05e666fdf:0x5bed5dc9a7b5ed1a!8m2!3d40.9093323!4d-73.880009!16s%2Fg%2F1w8wbz59!19sChIJ329mXvDywokRGu21p8ld7Vs?authuser=0&hl=en&rclk=1"
"Smithtown Gospel Tabernacle - Food Distribution Center","","","Food bank","1 Higbie Dr # 1, Smithtown, NY 11787, United States","https://www.sgtchurch.org/food-pantry/","+1 631-265-2485","https://www.google.com/maps/place/Smithtown+Gospel+Tabernacle+-+Food+Distribution+Center/data=!4m7!3m6!1s0x89e83a6d8a2e0b6f:0x6450c7bbb05dbd13!8m2!3d40.8496957!4d-73.2098558!16s%2Fg%2F11k6hgh289!19sChIJbwsuim066IkRE71dsLvHUGQ?authuser=0&hl=en&rclk=1"
"Beverages Services of New York","","","Wholesaler","46 Windsor Pl #14, Central Islip, NY 11722, United States","http://www.delsurparts.com/","+1 516-669-5898","https://www.google.com/maps/place/Beverages+Services+of+New+York/data=!4m7!3m6!1s0x89e8372286d97cfb:0xa395693e1e6f1413!8m2!3d40.7928906!4d-73.1774973!16s%2Fg%2F11mw6g5gc8!19sChIJ-3zZhiI36IkRExRvHj5plaM?authuser=0&hl=en&rclk=1"
"Ryszard Food Distribution","5.0","1","Distribution service","280 Boerum St, Brooklyn, NY 11206, United States","http://ryszardfood.com/","+1 718-418-8255","https://www.google.com/maps/place/Ryszard+Food+Distribution/data=!4m7!3m6!1s0x89c25bff81d80895:0x2ebe6c8498a7cb72!8m2!3d40.7064283!4d-73.9362518!16s%2Fg%2F1wv_t3tx!19sChIJlQjYgf9bwokRcsunmIRsvi4?authuser=0&hl=en&rclk=1"
"P & K USA TRADING CORP.","4.0","8","Distribution service","5-48 46th Rd, Long Island City, NY 11101, United States","http://pkusatrading.com/","+1 718-888-9144","https://www.google.com/maps/place/P+%26+K+USA+TRADING+CORP./data=!4m7!3m6!1s0x89c25921550e58f7:0x1eb2d5ee4307f60a!8m2!3d40.7462658!4d-73.9538691!16s%2Fg%2F11clwnbnnn!19sChIJ91gOVSFZwokRCvYHQ-7Vsh4?authuser=0&hl=en&rclk=1"
"NYC Organic Distribution INC.","3.7","6","Distribution service","527 E 82nd St, Brooklyn, NY 11236, United States","https://nycorganiconline.com/","+1 347-425-4921","https://www.google.com/maps/place/NYC+Organic+Distribution+INC./data=!4m7!3m6!1s0x89c25bc97beb6793:0xdfc7b7262c3c6ded!8m2!3d40.6411455!4d-73.9166181!16s%2Fg%2F11fs_nqttk!19sChIJk2fre8lbwokR7W08LCa3x98?authuser=0&hl=en&rclk=1"
"Long Island Beverage Systems","4.0","5","Beverage distributor","921 Conklin St # F, Farmingdale, NY 11735, United States","http://www.libev.com/","+1 631-777-3125","https://www.google.com/maps/place/Long+Island+Beverage+Systems/data=!4m7!3m6!1s0x89e82ae67b8d00d7:0x3cee92154a0a6abe!8m2!3d40.7382036!4d-73.4276218!16s%2Fg%2F1tpn3ly4!19sChIJ1wCNe-Yq6IkRvmoKShWS7jw?authuser=0&hl=en&rclk=1"
"Sultana Distribution Services Inc","3.5","50","Distribution service","600 Food Center Dr, Bronx, NY 10474, United States","http://www.sultanadist.com/","+1 877-617-5500","https://www.google.com/maps/place/Sultana+Distribution+Services+Inc/data=!4m7!3m6!1s0x89c2f51a44f53cef:0x4a801852caa1b9d4!8m2!3d40.8035866!4d-73.8713392!16s%2Fg%2F1tcyyc1p!19sChIJ7zz1RBr1wokR1LmhylIYgEo?authuser=0&hl=en&rclk=1"
"Star Distributors Inc","","","Distribution service","1550 46th St #2, Brooklyn, NY 11219, United States","","+1 718-854-8813","https://www.google.com/maps/place/Star+Distributors+Inc/data=!4m7!3m6!1s0x89c2452a43d63cb9:0x22390a23eed6b9d2!8m2!3d40.6332208!4d-73.9847587!16s%2Fg%2F1xg5tlg7!19sChIJuTzWQypFwokR0rnW7iMKOSI?authuser=0&hl=en&rclk=1"
"Direct Wholesale Distributors Inc","5.0","1","Distribution service","","","+1 520-248-5025","https://www.google.com/maps/place/Direct+Wholesale+Distributors+Inc/data=!4m7!3m6!1s0x89c3b3bec4cd0075:0xdea70d0adf8e5e5a!8m2!3d46.423669!4d-129.9427086!16s%2Fg%2F11j86vc63l!19sChIJdQDNxL6zw4kRWl6O3woNp94?authuser=0&hl=en&rclk=1"
"License 2 Play","2.5","15","Toy manufacturer","","https://license-2-play.com/","+1 516-496-3479","https://www.google.com/maps/place/License+2+Play/data=!4m7!3m6!1s0x89c28184224938ab:0xcf930095bdbba71a!8m2!3d46.423669!4d-129.9427086!16s%2Fg%2F11dxd__20p!19sChIJqzhJIoSBwokRGqe7vZUAk88?authuser=0&hl=en&rclk=1"
"B & T Food Distribution Inc","3.7","3","Distribution service","122 Avenue O, Brooklyn, NY 11204, United States","","+1 718-234-6505","https://www.google.com/maps/place/B+%26+T+Food+Distribution+Inc/data=!4m7!3m6!1s0x89c244e23196d73b:0xd11bb9e735a98b64!8m2!3d40.610401!4d-73.9803859!16s%2Fg%2F1tjz48jk!19sChIJO9eWMeJEwokRZIupNee5G9E?authuser=0&hl=en&rclk=1"
"MRS Baking Distribution","3.3","20","Distribution service","2501 Halsey St, Bronx, NY 10461, United States","http://www.mrsbaking.com/","+1 718-460-6700","https://www.google.com/maps/place/MRS+Baking+Distribution/data=!4m7!3m6!1s0x89c28aad486df1bd:0x72857abaafa325a5!8m2!3d40.8377133!4d-73.8419308!16s%2Fg%2F11c7wf7tmx!19sChIJvfFtSK2KwokRpSWjr7p6hXI?authuser=0&hl=en&rclk=1"
"B & D Distributors","","","Distribution service","320 Roebling St, Brooklyn, NY 11211, United States","https://bd-distributors.com/","+1 718-834-1324","https://www.google.com/maps/place/B+%26+D+Distributors/data=!4m7!3m6!1s0x89c25bde4fdf10dd:0xb60a55fbcafcc8c7!8m2!3d40.7087538!4d-73.961139!16s%2Fg%2F1tdyx8kz!19sChIJ3RDfT95bwokRx8j8yvtVCrY?authuser=0&hl=en&rclk=1"
"ACC Distribution","","","Distribution service","6 W 18th St, New York, NY 10011, United States","http://www.accdistribution.com/us","+1 212-645-1111","https://www.google.com/maps/place/ACC+Distribution/data=!4m7!3m6!1s0x89c259bd256bfca5:0xb26f35358c8edc3b!8m2!3d40.7386998!4d-73.9927914!16s%2Fg%2F1tdwfvmz!19sChIJpfxrJb1ZwokRO9yOjDU1b7I?authuser=0&hl=en&rclk=1"
"Performance Foodservice - Metro NY","2.8","321","Distribution service","1 Ikea Dr, Elizabeth, NJ 07201, United States","http://performancefoodservice.com/metrony","+1 800-275-9500","https://www.google.com/maps/place/Performance+Foodservice+-+Metro+NY/data=!4m7!3m6!1s0x89c25280af620453:0x348a3fd6b6fae1c3!8m2!3d40.6706942!4d-74.1706542!16s%2Fg%2F1tdnm0p5!19sChIJUwRir4BSwokRw-H6ttY_ijQ?authuser=0&hl=en&rclk=1"
"Gramercy Distribution Inc","","","Distribution service","321 E 22nd St, New York, NY 10010, United States","","+1 212-505-0320","https://www.google.com/maps/place/Gramercy+Distribution+Inc/data=!4m7!3m6!1s0x89c2590afdae9c6d:0x3d5fb98ba3d87af1!8m2!3d40.7369456!4d-73.9802606!16s%2Fg%2F1hc1m06w5!19sChIJbZyu_QpZwokR8XrYo4u5Xz0?authuser=0&hl=en&rclk=1"
"Empire Smoke Distributors","4.5","51","Distribution service","56-01 Maspeth Ave, Queens, NY 11378, United States","http://empiresmokedist.com/","+1 516-682-2888","https://www.google.com/maps/place/Empire+Smoke+Distributors/data=!4m7!3m6!1s0x89c25f86f0f0a1a5:0xdafd3559923f26c6!8m2!3d40.7226462!4d-73.9151802!16s%2Fg%2F11fhvxm4z4!19sChIJpaHw8IZfwokRxiY_klk1_do?authuser=0&hl=en&rclk=1"