Name,Rating,Reviews,Category,Address,Website,Phone,Url
"Sunrise Medical Laboratories","3.4","5","Medical laboratory","40-08 Forley St, Queens, NY 11373, United States","https://www.sunriselab.com/locations/new-york-pscs/","+1 718-433-9559","https://www.google.com/maps/place/Sunrise+Medical+Laboratories/data=!4m7!3m6!1s0x89c25f3ff2e02e3b:0x6c7258e7b1e7683!8m2!3d40.7476242!4d-73.8811621!16s%2Fg%2F11pzyyqflt!19sChIJOy7g8j9fwokRg3Yee44lxwY?authuser=0&hl=en&rclk=1"
"North Shore Medical Labs - Elmhurst PSC","3.0","2","Laboratory","85-94 60th Ave, Middle Village, NY 11379, United States","","+1 947-527-1467","https://www.google.com/maps/place/North+Shore+Medical+Labs+-+Elmhurst+PSC/data=!4m7!3m6!1s0x89c25f622c24ef6d:0x27d81ade5f20e291!8m2!3d40.7299723!4d-73.8742544!16s%2Fg%2F11jxdhp2sr!19sChIJbe8kLGJfwokRkeIgX94a2Cc?authuser=0&hl=en&rclk=1"
"Xeron Lab Queens-1 Patient Service Center","1.7","6","Medical laboratory","48-25 36th St, Queens, NY 11101, United States","","+1 866-937-6652","https://www.google.com/maps/place/Xeron+Lab+Queens-1+Patient+Service+Center/data=!4m7!3m6!1s0x89c25ed18f155555:0x81ce1cb07e79dc2!8m2!3d40.7398033!4d-73.9294891!16s%2Fg%2F11mb_bszdr!19sChIJVVUVj9FewokRwp3nB8vhHAg?authuser=0&hl=en&rclk=1"
"Labcorp","3.7","75","Medical laboratory","6916 Metropolitan Ave, Queens, NY 11379, United States","https://locations.labcorp.com/ny/middle-village/22879/","+1 718-416-1790","https://www.google.com/maps/place/Labcorp/data=!4m7!3m6!1s0x89c25e6329584247:0x170cdce72c62b795!8m2!3d40.7118585!4d-73.8859373!16s%2Fg%2F1264cc2n5!19sChIJR0JYKWNewokRlbdiLOfcDBc?authuser=0&hl=en&rclk=1"
"Shiel Medical Laboratory","","","Medical laboratory","3012 36th St, Astoria, NY 11103, United States","","+1 718-721-2490","https://www.google.com/maps/place/Shiel+Medical+Laboratory/data=!4m7!3m6!1s0x89c25f3f4e92ea8f:0x34df1eb2a7ba49f7!8m2!3d40.764775!4d-73.917893!16s%2Fg%2F1tx1v31n!19sChIJj-qSTj9fwokR90m6p7Ie3zQ?authuser=0&hl=en&rclk=1"
"Xeron Lab Queens-2 Patient Service Center","2.0","2","Medical laboratory","48-25 36th St, Queens, NY 11101, United States","","+1 866-937-6652","https://www.google.com/maps/place/Xeron+Lab+Queens-2+Patient+Service+Center/data=!4m7!3m6!1s0x89c2603c29f52251:0xd85f569831d1e46e!8m2!3d40.7394047!4d-73.9296444!16s%2Fg%2F11mb_b838w!19sChIJUSL1KTxgwokRbuTRMZhWX9g?authuser=0&hl=en&rclk=1"
"Sunrise Medical Laboratory","1.9","28","Medical laboratory","87-08 Justice Ave Ste Cb, Queens, NY 11373, United States","https://www.sunriselab.com/","+1 718-429-3140","https://www.google.com/maps/place/Sunrise+Medical+Laboratory/data=!4m7!3m6!1s0x89c25e4d9da3f2d5:0xfe41555d4fad65dc!8m2!3d40.737237!4d-73.8763172!16s%2Fg%2F1tmy5zpg!19sChIJ1fKjnU1ewokR3GWtT11VQf4?authuser=0&hl=en&rclk=1"
"Lenco Diagnostic Laboratory Patient Service Center","3.6","36","Medical laboratory","131-08 Liberty Ave, Jamaica, NY 11419, United States","http://www.lencolab.com/","+1 718-232-1515","https://www.google.com/maps/place/Lenco+Diagnostic+Laboratory+Patient+Service+Center/data=!4m7!3m6!1s0x89c26734e97e8f79:0x296ddf50ac1793c6!8m2!3d40.690022!4d-73.81432!16s%2Fg%2F11f261l8x3!19sChIJeY9-6TRnwokRxpMXrFDfbSk?authuser=0&hl=en&rclk=1"
"Queens, NY COVID-19 Testing - Ridgewood Diagnostic Lab","2.5","30","Medical laboratory","127-30 101st Ave, South Richmond Hill, NY 11419, United States","","+1 973-346-9128","https://www.google.com/maps/place/Queens,+NY+COVID-19+Testing+-+Ridgewood+Diagnostic+Lab/data=!4m7!3m6!1s0x89c2673553452e8d:0xc75e99189468ec42!8m2!3d40.691968!4d-73.817965!16s%2Fg%2F11p4d21v16!19sChIJjS5FUzVnwokRQuxolBiZXsc?authuser=0&hl=en&rclk=1"
"Bayside Laboratories","3.0","8","Medical laboratory","4557 Bell Blvd, Flushing, NY 11361, United States","http://www.baysidelab.com/","+1 718-229-8800","https://www.google.com/maps/place/Bayside+Laboratories/data=!4m7!3m6!1s0x89c261e6d5856281:0x71a39994d0b8d8de!8m2!3d40.7588149!4d-73.7682748!16s%2Fg%2F1tcxw4qy!19sChIJgWKF1eZhwokR3ti40JSZo3E?authuser=0&hl=en&rclk=1"
"Northwell Health Labs at Astoria","4.0","21","Medical laboratory","30-14 37th St, Astoria, NY 11103, United States","https://www.northwell.edu/northwell-health-labs/astoria","+1 347-212-2401","https://www.google.com/maps/place/Northwell+Health+Labs+at+Astoria/data=!4m7!3m6!1s0x89c25f7dc5952add:0xe9ccda3dd3c5699b!8m2!3d40.7644291!4d-73.9171378!16s%2Fg%2F11skbk5pmv!19sChIJ3SqVxX1fwokRm2nF0z3azOk?authuser=0&hl=en&rclk=1"
"Sunrise Medical Laboratory","1.3","29","Medical laboratory","136-30 Maple Ave #2c, Queens, NY 11355, United States","https://www.sunriselab.com/","+1 718-321-0284","https://www.google.com/maps/place/Sunrise+Medical+Laboratory/data=!4m7!3m6!1s0x89c2600d66cfea83:0x3c5b79ad12057520!8m2!3d40.755601!4d-73.827048!16s%2Fg%2F1tx47zkx!19sChIJg-rPZg1gwokRIHUFEq15Wzw?authuser=0&hl=en&rclk=1"
"Northshore Health Systems Lab","","","Medical laboratory","23-91 Bell Blvd, Bayside, NY 11360, United States","","+1 718-631-4930","https://www.google.com/maps/place/Northshore+Health+Systems+Lab/data=!4m7!3m6!1s0x89c28a6b8a72f805:0x5de5a05dd342a5d9!8m2!3d40.7662472!4d-73.7726968!16s%2Fg%2F1tj9cy4z!19sChIJBfhyimuKwokR2aVC012g5V0?authuser=0&hl=en&rclk=1"
"Labcorp","2.5","180","Medical laboratory","11116 Jamaica Ave, Queens, NY 11418, United States","https://locations.labcorp.com/ny/richmond-hill/2817/","+1 718-846-7401","https://www.google.com/maps/place/Labcorp/data=!4m7!3m6!1s0x89c260ae6c8afd11:0x1e94b11070a7e3b5!8m2!3d40.697087!4d-73.8365978!16s%2Fg%2F12646sxs9!19sChIJEf2KbK5gwokRteOncBCxlB4?authuser=0&hl=en&rclk=1"
"Labcorp","3.5","15","Medical laboratory","7038 Broadway, Queens, NY 11372, United States","https://locations.labcorp.com/ny/jackson-heights/40530/","+1 718-289-4015","https://www.google.com/maps/place/Labcorp/data=!4m7!3m6!1s0x89c25f6836a2eab7:0x54a50880a2fb2626!8m2!3d40.747868!4d-73.8947491!16s%2Fg%2F11kjhmsjzq!19sChIJt-qiNmhfwokRJib7ooAIpVQ?authuser=0&hl=en&rclk=1"
"Sunrise Medical Laboratory","2.6","59","Medical laboratory","66-90 Fresh Pond Rd, Queens, NY 11385, United States","https://www.sunriselab.com/","+1 718-628-0601","https://www.google.com/maps/place/Sunrise+Medical+Laboratory/data=!4m7!3m6!1s0x89c25e824c1f608b:0x61c0a5c00ae9f9e0!8m2!3d40.7060108!4d-73.8969661!16s%2Fg%2F1thln_cw!19sChIJi2AfTIJewokR4PnpCsClwGE?authuser=0&hl=en&rclk=1"
"Patient Service Center","3.3","27","Medical laboratory","58-48 Catalpa Ave, Ridgewood, NY 11385, United States","https://www.bioreference.com/patients/locations-patient-services/","+1 347-987-4940","https://www.google.com/maps/place/Patient+Service+Center/data=!4m7!3m6!1s0x89c25c27d00b002f:0xdd3987bf8cb17782!8m2!3d40.7022295!4d-73.9014311!16s%2Fg%2F11b7jwl1t0!19sChIJLwAL0CdcwokRgnexjL-HOd0?authuser=0&hl=en&rclk=1"
"Empire City Labs Richmond Hills","4.5","47","Medical laboratory","91-71 111th St, Queens, NY 11418, United States","http://www.empirecitylabs.com/","+1 718-962-0080","https://www.google.com/maps/place/Empire+City+Labs+Richmond+Hills/data=!4m7!3m6!1s0x89c26707cbd92e9d:0x68222e6d1ff727df!8m2!3d40.692591!4d-73.834766!16s%2Fg%2F11q965kqx5!19sChIJnS7ZywdnwokR3yf3H20uImg?authuser=0&hl=en&rclk=1"
"The Laboratory","5.0","1","Medical laboratory","162, 4 Jamaica Ave 5th Floor, Jamaica, NY 11432, United States","http://www.bioreference.com/thelaboratory/","+1 718-657-0394","https://www.google.com/maps/place/The+Laboratory/data=!4m7!3m6!1s0x89c260df2bbb4ddb:0x84f7dd4151dddfc5!8m2!3d40.7044955!4d-73.797787!16s%2Fg%2F11b7k8dxn_!19sChIJ2027K99gwokRxd_dUUHd94Q?authuser=0&hl=en&rclk=1"
"Xeron Lab Elmhurst Patient Service Center","2.0","4","Medical laboratory","8708 Justice Ave, Suite CC, Queens, NY 11373, United States","","+1 866-937-6652","https://www.google.com/maps/place/Xeron+Lab+Elmhurst+Patient+Service+Center/data=!4m7!3m6!1s0x89c25e4d9cf00001:0x31a71b03c5e4cdce!8m2!3d40.737237!4d-73.8763172!16s%2Fg%2F11qzntcq7l!19sChIJAQDwnE1ewokRzs3kxQMbpzE?authuser=0&hl=en&rclk=1"
"Labcorp","2.8","53","Medical laboratory","8521 126th St, Queens, NY 11415, United States","https://locations.labcorp.com/ny/kew-gardens/36671/","+1 929-344-0504","https://www.google.com/maps/place/Labcorp/data=!4m7!3m6!1s0x89c261b7aabe3503:0x9057f4e6d68105eb!8m2!3d40.7039583!4d-73.8250888!16s%2Fg%2F11lgznyrgx!19sChIJAzW-qrdhwokR6wWB1ub0V5A?authuser=0&hl=en&rclk=1"
"Xeron Lab Elmhurst Patient Service Center","2.0","4","Medical laboratory","8708 Justice Ave, Suite CC, Queens, NY 11373, United States","","+1 866-937-6652","https://www.google.com/maps/place/Xeron+Lab+Elmhurst+Patient+Service+Center/data=!4m7!3m6!1s0x89c25e4d9cf00001:0x31a71b03c5e4cdce!8m2!3d40.737237!4d-73.8763172!16s%2Fg%2F11qzntcq7l!19sChIJAQDwnE1ewokRzs3kxQMbpzE?authuser=0&hl=en&rclk=1"
"Labcorp","2.7","113","Medical laboratory","Ste, 4701 Queens Blvd, Queens, NY 11104, United States","https://locations.labcorp.com/ny/sunnyside/24184/","+1 718-361-2548","https://www.google.com/maps/place/Labcorp/data=!4m7!3m6!1s0x89c25eded7a35e59:0xc0d422db52460c40!8m2!3d40.7434153!4d-73.9173877!16s%2Fg%2F11cn6gnrvt!19sChIJWV6j195ewokRQAxGUtsi1MA?authuser=0&hl=en&rclk=1"
"Empire City Labs Richmond Hills","4.5","47","Medical laboratory","91-71 111th St, Queens, NY 11418, United States","http://www.empirecitylabs.com/","+1 718-962-0080","https://www.google.com/maps/place/Empire+City+Labs+Richmond+Hills/data=!4m7!3m6!1s0x89c26707cbd92e9d:0x68222e6d1ff727df!8m2!3d40.692591!4d-73.834766!16s%2Fg%2F11q965kqx5!19sChIJnS7ZywdnwokR3yf3H20uImg?authuser=0&hl=en&rclk=1"
"Northwell Health Labs at Forest Hills","3.1","14","Medical laboratory","102-29 Queens Blvd, Forest Hills, NY 11375, United States","https://www.northwell.edu/northwell-health-labs/locations/forest-hills?utm_source=provider_listing&utm_medium=partner&utm_campaign=doctor_dot_com","+1 516-858-3723","https://www.google.com/maps/place/Northwell+Health+Labs+at+Forest+Hills/data=!4m7!3m6!1s0x89c25fc9bb1fd849:0x3d696b7a9cc0ec21!8m2!3d40.7256631!4d-73.8503666!16s%2Fg%2F11gk5r3236!19sChIJSdgfu8lfwokRIezAnHpraT0?authuser=0&hl=en&rclk=1"
"Northwell Health Labs at Rego Park","4.6","192","Medical laboratory","95-25 Queens Blvd Suite 502, Rego Park, NY 11374, United States","https://www.northwell.edu/northwell-health-labs/locations/rego-park?utm_source=provider_listing&utm_medium=partner&utm_campaign=doctor_dot_com","+1 718-925-6530","https://www.google.com/maps/place/Northwell+Health+Labs+at+Rego+Park/data=!4m7!3m6!1s0x89c25f2cbb8234db:0x2a4be0702bc1e53c!8m2!3d40.7308361!4d-73.8631325!16s%2Fg%2F11gk5r6xwc!19sChIJ2zSCuyxfwokRPOXBK3DgSyo?authuser=0&hl=en&rclk=1"
"Patient Service Center","2.8","67","Medical laboratory","40-46 74th Street, Queens, NY 11373, United States","https://www.bioreference.com/patients/locations-patient-services/","+1 718-898-6388","https://www.google.com/maps/place/Patient+Service+Center/data=!4m7!3m6!1s0x89c25f00e421c505:0x2a0c73bcfaf38c44!8m2!3d40.7454544!4d-73.8914283!16s%2Fg%2F11b7k4krty!19sChIJBcUh5ABfwokRRIzz-rxzDCo?authuser=0&hl=en&rclk=1"
"Patient Service Center","3.0","18","Medical laboratory","86-15 Forest Pkwy, Queens, NY 11421, United States","https://www.bioreference.com/patients/locations-patient-services/","+1 347-475-0514","https://www.google.com/maps/place/Patient+Service+Center/data=!4m7!3m6!1s0x89c25de6b540871d:0xe7cf16d4a30a51d2!8m2!3d40.693159!4d-73.860929!16s%2Fg%2F11b7k7tdmb!19sChIJHYdAteZdwokR0lEKo9QWz-c?authuser=0&hl=en&rclk=1"
"Patient Service Center","3.8","14","Medical laboratory","16215 Highland Ave, Jamaica, NY 11432, United States","https://www.bioreference.com/patients/locations-patient-services/","+1 718-739-7809","https://www.google.com/maps/place/Patient+Service+Center/data=!4m7!3m6!1s0x89c260e0b3e6c8b3:0x173106ee33e59c90!8m2!3d40.7103139!4d-73.800644!16s%2Fg%2F1tc_9lqf!19sChIJs8jms-BgwokRkJzlM-4GMRc?authuser=0&hl=en&rclk=1"
"Quest Diagnostics","2.6","127","Diagnostic center","44 - 02 Francis Lewis Blvd Ste 1A, Bayside, NY 11361, United States","","+1 718-279-0008","https://www.google.com/maps/place/Quest+Diagnostics/data=!4m7!3m6!1s0x89c261d00934cc7b:0xb2d8f5af6f80673!8m2!3d40.7570194!4d-73.7833953!16s%2Fg%2F1tdwfvs0!19sChIJe8w0CdBhwokRcwb49lqPLQs?authuser=0&hl=en&rclk=1"
"Patient Service Center","1.7","11","Medical laboratory","31-41 45th St, Queens, NY 11103, United States","https://www.bioreference.com/patients/locations-patient-services/","+1 347-813-4395","https://www.google.com/maps/place/Patient+Service+Center/data=!4m7!3m6!1s0x89c25f3d978f72af:0x9f3068542366abe9!8m2!3d40.758244!4d-73.913805!16s%2Fg%2F11clyx2_7h!19sChIJr3KPlz1fwokR6atmI1RoMJ8?authuser=0&hl=en&rclk=1"
"Northwell Health Labs at Bayside","4.8","431","Medical laboratory","23-91 Bell Blvd, Bayside, NY 11361, United States","https://www.northwell.edu/northwell-health-labs/locations/bayside?utm_source=provider_listing&utm_medium=partner&utm_campaign=doctor_dot_com","+1 718-631-4930","https://www.google.com/maps/place/Northwell+Health+Labs+at+Bayside/data=!4m7!3m6!1s0x89c28b58ab6d9cf1:0xdc92586109b8ab35!8m2!3d40.7798331!4d-73.7751313!16s%2Fg%2F11g1_x1lw5!19sChIJ8Zxtq1iLwokRNau4CWFYktw?authuser=0&hl=en&rclk=1"
"Labcorp","2.7","85","Medical laboratory","7535 31st Ave Ste 200, Queens, NY 11370, United States","https://locations.labcorp.com/ny/east-elmhurst/35036/","+1 718-673-9300","https://www.google.com/maps/place/Labcorp/data=!4m7!3m6!1s0x89c25f342c1793eb:0x4d51b0ab896ed6a9!8m2!3d40.7596009!4d-73.8922456!16s%2Fg%2F11fm36kkdd!19sChIJ65MXLDRfwokRqdZuiauwUU0?authuser=0&hl=en&rclk=1"
"American Medical Labs Inc","","","Medical laboratory","8900 Van Wyck Expy, Jamaica, NY 11418, United States","","+1 718-291-0996","https://www.google.com/maps/place/American+Medical+Labs+Inc/data=!4m7!3m6!1s0x89c260c75c502f3f:0x968fb999d6d33231!8m2!3d40.7012408!4d-73.816349!16s%2Fg%2F1tcv2cdf!19sChIJPy9QXMdgwokRMTLT1pm5j5Y?authuser=0&hl=en&rclk=1"
"NYC Health + Hospitals/MARTIN VAN BUREN HS - QUEENS","","","Medical laboratory","230-17 Hillside Ave., Queens Village, NY 11427, United States","","+1 844-692-4692","https://www.google.com/maps/place/NYC+Health+%2B+Hospitals%2FMARTIN+VAN+BUREN+HS+-+QUEENS/data=!4m7!3m6!1s0x89c262245e555555:0xd920f8384bc548c6!8m2!3d40.7336309!4d-73.7391435!16s%2Fg%2F11n01bdqjk!19sChIJVVVVXiRiwokRxkjFSzj4INk?authuser=0&hl=en&rclk=1"
"Patient Service Center","3.8","14","Medical laboratory","133-36 41st Rd #1A, Flushing, NY 11355, United States","https://www.bioreference.com/patients/locations-patient-services/","+1 718-461-3801","https://www.google.com/maps/place/Patient+Service+Center/data=!4m7!3m6!1s0x89c2600dfa56e24b:0x16f0bf6bd284306b!8m2!3d40.7570768!4d-73.8296428!16s%2Fg%2F1tdfp5j4!19sChIJS-JW-g1gwokRazCE0mu_8BY?authuser=0&hl=en&rclk=1"
"Universal Diagnostic Labs","","","Medical laboratory","4107 76th St, Flushing, NY 11373, United States","","+1 718-457-1086","https://www.google.com/maps/place/Universal+Diagnostic+Labs/data=!4m7!3m6!1s0x89c25f009e693b39:0xd63914a9850a5bc2!8m2!3d40.745136!4d-73.88892!16s%2Fg%2F1tf24_rq!19sChIJOTtpngBfwokRwlsKhakUOdY?authuser=0&hl=en&rclk=1"
"Labcorp","1.0","1","Medical laboratory","3808 Union St, Queens, NY 11354, United States","https://locations.labcorp.com/ny/flushing/40528/","+1 718-289-4016","https://www.google.com/maps/place/Labcorp/data=!4m7!3m6!1s0x89c2611e0d223599:0x953772be24e10bbc!8m2!3d40.7611905!4d-73.8277565!16s%2Fg%2F11ty188qv_!19sChIJmTUiDR5hwokRvAvhJL5yN5U?authuser=0&hl=en&rclk=1"
"Lenco Diagnostic Laboratory Patient Service Center","3.7","6","Medical laboratory","70-31 108th St Apt 8e, Forest Hills, NY 11375, United States","http://www.lencolab.com/","+1 718-232-1515","https://www.google.com/maps/place/Lenco+Diagnostic+Laboratory+Patient+Service+Center/data=!4m7!3m6!1s0x89c25e27111201e3:0x4ae54994e0f1f4d1!8m2!3d40.7221037!4d-73.8438288!16s%2Fg%2F11fzfdmx10!19sChIJ4wESESdewokR0fTx4JRJ5Uo?authuser=0&hl=en&rclk=1"
"Patient Service Center","1.8","23","Medical laboratory","53-14 Roosevelt Ave #206, Woodside, NY 11377, United States","https://www.bioreference.com/patients/locations-patient-services/","+1 347-642-9356","https://www.google.com/maps/place/Patient+Service+Center/data=!4m7!3m6!1s0x89c25ee018f77eab:0x4ccc9b7ed2d7bf76!8m2!3d40.744418!4d-73.911134!16s%2Fg%2F11b7j_ql1p!19sChIJq373GOBewokRdr_X0n6bzEw?authuser=0&hl=en&rclk=1"
"NewPath Diagnostics Laboratory","3.4","16","Medical laboratory","42-11 Parsons Blvd, Queens, NY 11355, United States","http://newpathdx.com/","+1 718-321-1108","https://www.google.com/maps/place/NewPath+Diagnostics+Laboratory/data=!4m7!3m6!1s0x89c260059888f007:0xd47da6da1d19e4b1!8m2!3d40.7583163!4d-73.8194759!16s%2Fg%2F1yg586v2j!19sChIJB_CImAVgwokRseQZHdqmfdQ?authuser=0&hl=en&rclk=1"
"Enzo Clinical Labs","","","Medical laboratory","15005 21st Ave, Flushing, NY 11357, United States","","+1 718-661-4839","https://www.google.com/maps/place/Enzo+Clinical+Labs/data=!4m7!3m6!1s0x89c28a99ddc6eab7:0xc56da606fff05098!8m2!3d40.7799884!4d-73.8140914!16s%2Fg%2F1tks774d!19sChIJt-rG3ZmKwokRmFDw_wambcU?authuser=0&hl=en&rclk=1"
"Patient Service Center","1.4","47","Medical laboratory","90-01A Roosevelt Ave 2nd floor, Jackson Heights, NY 11372, United States","https://www.bioreference.com/patients/locations-patient-services/","+1 718-803-1301","https://www.google.com/maps/place/Patient+Service+Center/data=!4m7!3m6!1s0x89c25fc654758fbb:0xb33b4f2ef3c53ae9!8m2!3d40.7486654!4d-73.8764162!16s%2Fg%2F11fx8zpysc!19sChIJu491VMZfwokR6TrF8y5PO7M?authuser=0&hl=en&rclk=1"
"Quest Diagnostics","2.8","4","Medical laboratory","13108 Liberty Ave, South Richmond Hill, NY 11419, United States","","+1 929-721-1700","https://www.google.com/maps/place/Quest+Diagnostics/data=!4m7!3m6!1s0x89c2670058cf2ca1:0xf1bb6c177c1f9d83!8m2!3d40.690022!4d-73.81432!16s%2Fg%2F11vqdrshlt!19sChIJoSzPWABnwokRg50ffBdsu_E?authuser=0&hl=en&rclk=1"
"Shiel Medical Laboratory","2.0","2","Medical laboratory","2747 Crescent St, Astoria, NY 11102, United States","","+1 718-204-7301","https://www.google.com/maps/place/Shiel+Medical+Laboratory/data=!4m7!3m6!1s0x89c25f461ed3b4c3:0xf337c047e5616282!8m2!3d40.7691515!4d-73.9244003!16s%2Fg%2F1tdc1klg!19sChIJw7TTHkZfwokRgmJh5UfAN_M?authuser=0&hl=en&rclk=1"
"Shiel Medical Laboratory","","","Medical laboratory","7729 141st St, Flushing, NY 11367, United States","","+1 718-969-1720","https://www.google.com/maps/place/Shiel+Medical+Laboratory/data=!4m7!3m6!1s0x89c26089f9eb017d:0xb9c0a94c34b286c6!8m2!3d40.7204726!4d-73.8208663!16s%2Fg%2F1wtbvt85!19sChIJfQHr-YlgwokRxoayNEypwLk?authuser=0&hl=en&rclk=1"
"Stat Medical Laboratories","","","Medical laboratory","8708 Justice Ave, Flushing, NY 11373, United States","","+1 718-803-1331","https://www.google.com/maps/place/Stat+Medical+Laboratories/data=!4m7!3m6!1s0x89c25e4d9da3f2d5:0x6d2600fc20d33419!8m2!3d40.7372311!4d-73.8763526!16s%2Fg%2F1tl8lmtn!19sChIJ1fKjnU1ewokRGTTTIPwAJm0?authuser=0&hl=en&rclk=1"
"Empire City Labs Flushing","2.6","5","Medical laboratory","136-21 Franklin Ave, Queens, NY 11355, United States","http://www.empirecitylabs.com/","+1 718-886-1662","https://www.google.com/maps/place/Empire+City+Labs+Flushing/data=!4m7!3m6!1s0x89c261d762c5d387:0x530a406781ac0be!8m2!3d40.7546448!4d-73.8273926!16s%2Fg%2F11rggrh_0t!19sChIJh9PFYtdhwokRvsAaeAakMAU?authuser=0&hl=en&rclk=1"
"Shiel Medical Laboratory","","","Medical laboratory","9205 Roosevelt Ave, Flushing, NY 11372, United States","","","https://www.google.com/maps/place/Shiel+Medical+Laboratory/data=!4m7!3m6!1s0x89c25fb07d4a0885:0xca021b611811060e!8m2!3d40.7488331!4d-73.8743883!16s%2Fg%2F1tcvvsgd!19sChIJhQhKfbBfwokRDgYRGGEbAso?authuser=0&hl=en&rclk=1"
"Shiel Medical Laboratories Inc","","","Medical laboratory","8212 151st Ave, Howard Beach, NY 11414, United States","","+1 718-322-2682","https://www.google.com/maps/place/Shiel+Medical+Laboratories+Inc/data=!4m7!3m6!1s0x89c25d8ff476082d:0x6010912c23f4b252!8m2!3d40.6672991!4d-73.8517594!16s%2Fg%2F1vhq4mnv!19sChIJLQh29I9dwokRUrL0IyyREGA?authuser=0&hl=en&rclk=1"
"Shiel Medical Laboratory","5.0","1","Medical laboratory","11057 107th St, Jamaica, NY 11417, United States","","+1 718-322-1458","https://www.google.com/maps/place/Shiel+Medical+Laboratory/data=!4m7!3m6!1s0x89c2675d1d2cf725:0xacfe2858f1cac2c!8m2!3d40.676645!4d-73.832339!16s%2Fg%2F1tgx2yx3!19sChIJJfcsHV1nwokRLKwcj4Xizwo?authuser=0&hl=en&rclk=1"
"Shiel Medical Laboratory","5.0","1","Medical laboratory","2592 Steinway St, Astoria, NY 11103, United States","","+1 718-721-1932","https://www.google.com/maps/place/Shiel+Medical+Laboratory/data=!4m7!3m6!1s0x89c25f4013c4cebb:0x71ce38633b068653!8m2!3d40.765858!4d-73.9137329!16s%2Fg%2F1tggbx5n!19sChIJu87EE0BfwokRU4YGO2M4znE?authuser=0&hl=en&rclk=1"
"Quality Laboratory Inc","","","Photo lab","55-23 Myrtle Ave, Queens, NY 11385, United States","","+1 718-381-7477","https://www.google.com/maps/place/Quality+Laboratory+Inc/data=!4m7!3m6!1s0x89c25c2153a8e697:0x507ee64380065c56!8m2!3d40.7000687!4d-73.9076685!16s%2Fg%2F1tjt2w0l!19sChIJl-aoUyFcwokRVlwGgEPmflA?authuser=0&hl=en&rclk=1"
"Shiel Medical Laboratory","","","Medical laboratory","21626 Jamaica Ave, Queens Village, NY 11428, United States","","+1 718-468-4510","https://www.google.com/maps/place/Shiel+Medical+Laboratory/data=!4m7!3m6!1s0x89c2623412a80d63:0x236a8d2b45a23198!8m2!3d40.7175657!4d-73.737872!16s%2Fg%2F1tdfd08z!19sChIJYw2oEjRiwokRmDGiRSuNaiM?authuser=0&hl=en&rclk=1"
"Lenco Diagnostic Laboratory Patient Service Center","3.2","12","Medical laboratory","311 St Nicholas Ave, Ridgewood, NY 11385, United States","http://www.lencolab.com/","+1 718-232-1515","https://www.google.com/maps/place/Lenco+Diagnostic+Laboratory+Patient+Service+Center/data=!4m7!3m6!1s0x89c25c2194255555:0x94775c6486c1f7f8!8m2!3d40.7012904!4d-73.9108766!16s%2Fg%2F11gcz0_tnz!19sChIJVVUllCFcwokR-PfBhmRcd5Q?authuser=0&hl=en&rclk=1"
"Shiel Medical Laboratory","","","Medical laboratory","6852 Fresh Pond Rd, Ridgewood, NY 11385, United States","","+1 718-366-5373","https://www.google.com/maps/place/Shiel+Medical+Laboratory/data=!4m7!3m6!1s0x89c25e820c2d186d:0x1b418ad980e1ec8!8m2!3d40.7021687!4d-73.8952659!16s%2Fg%2F1tf7hlfm!19sChIJbRgtDIJewokRyB4OmK0YtAE?authuser=0&hl=en&rclk=1"
"New York Presbyterian Clinical Laboratories","5.0","2","Medical laboratory","31-19 Newtown Ave suite 900, Queens, NY 11102, United States","","","https://www.google.com/maps/place/New+York+Presbyterian+Clinical+Laboratories/data=!4m7!3m6!1s0x89c25f43f7ba279b:0xec1501e400c444aa!8m2!3d40.7671967!4d-73.9202294!16s%2Fg%2F11tf1x2mgr!19sChIJmye690NfwokRqkTEAOQBFew?authuser=0&hl=en&rclk=1"
"Shiel Medical Laboratory","","","Medical laboratory","4142 Elbertson St, Flushing, NY 11373, United States","","+1 718-424-1586","https://www.google.com/maps/place/Shiel+Medical+Laboratory/data=!4m7!3m6!1s0x89c25fb1c02dc9ad:0x2d71766c310629bd!8m2!3d40.7460299!4d-73.8757357!16s%2Fg%2F1tmg7grb!19sChIJrcktwLFfwokRvSkGMWx2cS0?authuser=0&hl=en&rclk=1"
"Labcorp","2.2","80","Medical laboratory","13620 38th Ave #5L, Queens, NY 11354, United States","https://locations.labcorp.com/ny/flushing/23195/","+1 718-321-1359","https://www.google.com/maps/place/Labcorp/data=!4m7!3m6!1s0x89c26011d4d42149:0x288a4fe292f7b40f!8m2!3d40.7609223!4d-73.8300252!16s%2Fg%2F1tmplf8k!19sChIJSSHU1BFgwokRD7T3kuJPiig?authuser=0&hl=en&rclk=1"
"Sheidl Medical Laboratory","","","Medical laboratory","4710 Greenpoint Ave, Sunnyside, NY 11104, United States","","+1 718-786-2314","https://www.google.com/maps/place/Sheidl+Medical+Laboratory/data=!4m7!3m6!1s0x89c25edece35caf9:0xd114563cec926cd!8m2!3d40.7423664!4d-73.9174588!16s%2Fg%2F1tctgjgt!19sChIJ-co1zt5ewokRzSbJzmNFEQ0?authuser=0&hl=en&rclk=1"
"Forest Hills ACPNY","5.0","1","Medical laboratory","96-10 Metropolitan Ave, Forest Hills, NY 11375, United States","https://www.acpny.com/find-a-provider/locations/forest-hills-medical-office","+1 833-422-7369","https://www.google.com/maps/place/Forest+Hills+ACPNY/data=!4m7!3m6!1s0x89c25e10e1a5da3f:0x1dbf56ac15db991f!8m2!3d40.7109199!4d-73.8564496!16s%2Fg%2F11jchz3_jw!19sChIJP9ql4RBewokRH5nbFaxWvx0?authuser=0&hl=en&rclk=1"
"Vascular Diagnostic Lab of Ny","","","Medical laboratory","10914 Ascan Ave # 1A, Flushing, NY 11375, United States","","+1 718-263-4768","https://www.google.com/maps/place/Vascular+Diagnostic+Lab+of+Ny/data=!4m7!3m6!1s0x89c2609e4015d2f3:0xa5751ef076c1327c!8m2!3d40.718659!4d-73.8400149!16s%2Fg%2F1tpf814w!19sChIJ89IVQJ5gwokRfDLBdvAedaU?authuser=0&hl=en&rclk=1"
"Patient Service Center","2.2","13","Medical laboratory","39-16 Prince St STE 252, Flushing, NY 11354, United States","https://www.bioreference.com/patients/locations-patient-services/","+1 347-542-3464","https://www.google.com/maps/place/Patient+Service+Center/data=!4m7!3m6!1s0x89c2600e66daad4f:0x2724a702a2744829!8m2!3d40.7592419!4d-73.8325608!16s%2Fg%2F11c13pvlhr!19sChIJT63aZg5gwokRKUh0ogKnJCc?authuser=0&hl=en&rclk=1"
"LabQ Diagnostics The Queens Center Mall","5.0","7","Medical clinic","90-1 Queens Blvd, Elmhurst, NY 11373, United States","","+1 888-522-7247","https://www.google.com/maps/place/LabQ+Diagnostics+The+Queens+Center+Mall/data=!4m7!3m6!1s0x89c25e4c0126dc55:0x74cd17f11652bc1d!8m2!3d40.7345274!4d-73.8715072!16s%2Fg%2F11rgzypcn9!19sChIJVdwmAUxewokRHbxSFvEXzXQ?authuser=0&hl=en&rclk=1"
"Quest Diagnostics","2.2","242","Diagnostic center","7010 Austin St 2nd Fl Ste 201, Forest Hills, NY 11375, United States","","+1 718-544-0376","https://www.google.com/maps/place/Quest+Diagnostics/data=!4m7!3m6!1s0x89c25e26b35372c5:0x71d153cbef528c81!8m2!3d40.7206695!4d-73.8468264!16s%2Fg%2F1tzzwfd8!19sChIJxXJTsyZewokRgYxS78tT0XE?authuser=0&hl=en&rclk=1"
"Shiel Medical Laboratory","5.0","1","Medical laboratory","4338 44th St, Sunnyside, NY 11104, United States","","+1 718-752-9063","https://www.google.com/maps/place/Shiel+Medical+Laboratory/data=!4m7!3m6!1s0x89c25ed8e4a7083b:0x7192a77902ea9fce!8m2!3d40.744041!4d-73.920681!16s%2Fg%2F1tdg43wg!19sChIJOwin5NhewokRzp_qAnmnknE?authuser=0&hl=en&rclk=1"
"Shiel Medical Laboratory","","","Medical laboratory","8701 Justice Ave, Flushing, NY 11373, United States","","+1 718-271-7270","https://www.google.com/maps/place/Shiel+Medical+Laboratory/data=!4m7!3m6!1s0x89c25e4d0aa67201:0xf56430e119345fc5!8m2!3d40.7376644!4d-73.8762024!16s%2Fg%2F1tdlw5rt!19sChIJAXKmCk1ewokRxV80GeEwZPU?authuser=0&hl=en&rclk=1"
"Universal Diagnostic Lab","","","Medical laboratory","2427 Steinway St, Long Island City, NY 11103, United States","","+1 718-721-5052","https://www.google.com/maps/place/Universal+Diagnostic+Lab/data=!4m7!3m6!1s0x89c25f6a6b307331:0x2435ac81ac2048cf!8m2!3d40.7682428!4d-73.9111415!16s%2Fg%2F1tqtblm9!19sChIJMXMwa2pfwokRz0ggrIGsNSQ?authuser=0&hl=en&rclk=1"
"Shiel Medical Laboratory","","","Medical laboratory","10211 Roosevelt Ave, Flushing, NY 11368, United States","","+1 718-205-2176","https://www.google.com/maps/place/Shiel+Medical+Laboratory/data=!4m7!3m6!1s0x89c25fb77996c23f:0xed07e49707b0bbdf!8m2!3d40.750003!4d-73.863668!16s%2Fg%2F1tflnc0k!19sChIJP8KWebdfwokR37uwB5fkB-0?authuser=0&hl=en&rclk=1"
"Quest Diagnostics","3.5","23","Medical laboratory","19823 Horace Harding Expy, Fresh Meadows, NY 11365, United States","http://questdiagnostics.com/","+1 929-639-2052","https://www.google.com/maps/place/Quest+Diagnostics/data=!4m7!3m6!1s0x89c261959dc32503:0x21c0a71e38e44199!8m2!3d40.7441099!4d-73.777438!16s%2Fg%2F11ty44tfs9!19sChIJAyXDnZVhwokRmUHkOB6nwCE?authuser=0&hl=en&rclk=1"
"Shield Medical Lab Inc","","","Medical laboratory","4331 45th St, Sunnyside, NY 11104, United States","","+1 718-937-3115","https://www.google.com/maps/place/Shield+Medical+Lab+Inc/data=!4m7!3m6!1s0x89c25ed8db13f16f:0x5c595d36b507f713!8m2!3d40.7440617!4d-73.919205!16s%2Fg%2F1thx4zvx!19sChIJb_ET29hewokRE_cHtTZdWVw?authuser=0&hl=en&rclk=1"
"American Medical Labs Inc","","","Medical laboratory","4500 Parsons Blvd, Flushing, NY 11355, United States","","+1 718-961-2944","https://www.google.com/maps/place/American+Medical+Labs+Inc/data=!4m7!3m6!1s0x89c2603e7e81613f:0xa1b026186592eab7!8m2!3d40.7552678!4d-73.8166179!16s%2Fg%2F1tdq6yhk!19sChIJP2GBfj5gwokRt-qSZRgmsKE?authuser=0&hl=en&rclk=1"
"Patient Service Center","2.1","56","Medical laboratory","136-20 38th Ave # 8g, Flushing, NY 11354, United States","https://www.bioreference.com/patients/locations-patient-services/","+1 718-460-1045","https://www.google.com/maps/place/Patient+Service+Center/data=!4m7!3m6!1s0x89c260102f006397:0x245a107dcd4d1412!8m2!3d40.7609223!4d-73.8300252!16s%2Fg%2F126076k_3!19sChIJl2MALxBgwokREhRNzX0QWiQ?authuser=0&hl=en&rclk=1"
"NYC Vestibular Diagnostic","","","Medical laboratory","3744 75th St, Jackson Heights, NY 11372, United States","","+1 718-458-1500","https://www.google.com/maps/place/NYC+Vestibular+Diagnostic/data=!4m7!3m6!1s0x89c25f073ba70b41:0x6c5328ae67b40a92!8m2!3d40.7477721!4d-73.8909358!16s%2Fg%2F1tffq81h!19sChIJQQunOwdfwokRkgq0Z64oU2w?authuser=0&hl=en&rclk=1"
"Speedy Sticks","3.5","14","Medical laboratory","6901 Northern Blvd, Queens, NY 11377, United States","https://www.speedysticks.com/","+1 347-292-9570","https://www.google.com/maps/place/Speedy+Sticks/data=!4m7!3m6!1s0x89c25f0f0f19c847:0x3c5282f9d76d7566!8m2!3d40.7545069!4d-73.8972961!16s%2Fg%2F11mv9_m53g!19sChIJR8gZDw9fwokRZnVt1_mCUjw?authuser=0&hl=en&rclk=1"
"COVID-19 Vaccine Location - York College","4.9","27","Medical laboratory","160-2 Liberty Ave, Queens, NY 11433, United States","","+1 833-697-4829","https://www.google.com/maps/place/COVID-19+Vaccine+Location+-+York+College/data=!4m7!3m6!1s0x89c260d88cede659:0x10343b4989decd14!8m2!3d40.7005593!4d-73.7951596!16s%2Fg%2F11r10f7fp1!19sChIJWebtjNhgwokRFM3eiUk7NBA?authuser=0&hl=en&rclk=1"
"Enzolabs Inc","","","Medical laboratory","12508 Liberty Ave, South Richmond Hill, NY 11419, United States","","+1 718-738-4299","https://www.google.com/maps/place/Enzolabs+Inc/data=!4m7!3m6!1s0x89c2674a0e557f27:0x25e5c2a73662c7e1!8m2!3d40.6880436!4d-73.8189418!16s%2Fg%2F1tdn509_!19sChIJJ39VDkpnwokR4cdiNqfC5SU?authuser=0&hl=en&rclk=1"
"AllPRO HEALTH LABS","5.0","4","Medical laboratory","","http://www.allprolab.com/","+1 516-828-1808","https://www.google.com/maps/place/AllPRO+HEALTH+LABS/data=!4m7!3m6!1s0x46126732fca5694f:0x6f488960127199d2!8m2!3d40.7394015!4d-73.7399525!16s%2Fg%2F11ptz4xk3q!19sChIJT2ml_DJnEkYR0plxEmCJSG8?authuser=0&hl=en&rclk=1"
"Quality Laboratory Services","","","Medical laboratory","6902 Austin St, Forest Hills, NY 11375, United States","","+1 718-275-2393","https://www.google.com/maps/place/Quality+Laboratory+Services/data=!4m7!3m6!1s0x89c25e240cb32813:0x1b210b06e9b3e2f9!8m2!3d40.721565!4d-73.849255!16s%2Fg%2F1tgzc82g!19sChIJEyizDCRewokR-eKz6QYLIRs?authuser=0&hl=en&rclk=1"
"Patient Service Center","4.4","22","Medical laboratory","38-08 Union St # 5c, Queens, NY 11354, United States","https://www.bioreference.com/patients/locations-patient-services/","+1 718-316-6548","https://www.google.com/maps/place/Patient+Service+Center/data=!4m7!3m6!1s0x89c2611037b2cbe9:0x1d74936ca9b0ff2e!8m2!3d40.7611905!4d-73.8277565!16s%2Fg%2F11hps2pp94!19sChIJ6cuyNxBhwokRLv-wqWyTdB0?authuser=0&hl=en&rclk=1"
"Lenco Diagnostic Laboratory Patient Service Center","2.6","7","Medical laboratory","76-02 Jamaica Ave, Woodhaven, NY 11421, United States","http://www.lencolab.com/","+1 718-232-1515","https://www.google.com/maps/place/Lenco+Diagnostic+Laboratory+Patient+Service+Center/data=!4m7!3m6!1s0x89c25ddd7fe43923:0x858f9c90ffe27b97!8m2!3d40.6914597!4d-73.8654525!16s%2Fg%2F11gcz18hbs!19sChIJIznkf91dwokRl3vi_5Ccj4U?authuser=0&hl=en&rclk=1"
"Quest Diagnostics","2.4","125","Diagnostic center","27-47 Crescent St Lower Level Ste 102-103, Astoria, NY 11102, United States","","+1 718-545-2488","https://www.google.com/maps/place/Quest+Diagnostics/data=!4m7!3m6!1s0x89c2590330125cb1:0x9692b7871db3a8ec!8m2!3d40.7691615!4d-73.924271!16s%2Fg%2F1tk70f06!19sChIJsVwSMANZwokR7KizHYe3kpY?authuser=0&hl=en&rclk=1"
"Northwell Health Labs at 170 East 77th Street","4.9","653","Medical laboratory","170 E 77th St, New York, NY 10075, United States","https://www.northwell.edu/northwell-health-labs/locations/170-east-77th-street?utm_source=provider_listing&utm_medium=partner&utm_campaign=doctor_dot_com","+1 646-590-0495","https://www.google.com/maps/place/Northwell+Health+Labs+at+170+East+77th+Street/data=!4m7!3m6!1s0x89c259fbedc7d127:0xa75a89979d13195e!8m2!3d40.7731496!4d-73.9591955!16s%2Fg%2F11gk5r60zj!19sChIJJ9HH7ftZwokRXhkTnZeJWqc?authuser=0&hl=en&rclk=1"
"Anderson Labs","","","Medical laboratory","189-01 Northern Blvd Suite C1, Flushing, NY 11358, United States","","+1 347-620-3800","https://www.google.com/maps/place/Anderson+Labs/data=!4m7!3m6!1s0x89c26114529c15c1:0xf6c08ccef1e5c7ac!8m2!3d40.7580464!4d-73.7917529!16s%2Fg%2F11vm1z4jmd!19sChIJwRWcUhRhwokRrMfl8c6MwPY?authuser=0&hl=en&rclk=1"
"One Medical-Queens (York College Parking Lot) - mobile testing ceter","3.7","3","Medical laboratory","95 Guy R Brewer Blvd, Jamaica, NY 11451, United States","","+1 929-601-7384","https://www.google.com/maps/place/One+Medical-Queens+%28York+College+Parking+Lot%29+-+mobile+testing+ceter/data=!4m7!3m6!1s0x89c261275c179c1d:0xf0cd21aee8398ab3!8m2!3d40.7024672!4d-73.7944337!16s%2Fg%2F11jgpkbz0s!19sChIJHZwXXCdhwokRs4o56K4hzfA?authuser=0&hl=en&rclk=1"
"Finecare Medical Lab Inc","","","Medical laboratory","5907 71st Ave, Ridgewood, NY 11385, United States","","+1 718-628-9800","https://www.google.com/maps/place/Finecare+Medical+Lab+Inc/data=!4m7!3m6!1s0x89c25c288e7c2157:0xc995f63c76c8e504!8m2!3d40.7007509!4d-73.899631!16s%2Fg%2F1vlzc8r2!19sChIJVyF8jihcwokRBOXIdjz2lck?authuser=0&hl=en&rclk=1"
"LabQ Diagnostics Jamaica Queens","3.2","5","Medical clinic","Jamaica Avenue & 160-02th Street, Jamaica, NY 11432, United States","","+1 888-522-7247","https://www.google.com/maps/place/LabQ+Diagnostics+Jamaica+Queens/data=!4m7!3m6!1s0x89c260d93643a7cf:0x199056a72cae56d4!8m2!3d40.7037398!4d-73.7991376!16s%2Fg%2F11rgzyr9k8!19sChIJz6dDNtlgwokR1FauLKdWkBk?authuser=0&hl=en&rclk=1"
"Quest Diagnostics","2.9","53","Diagnostic center","40-31 82nd St L100, Jackson Heights, NY 11373, United States","https://questdiagnostics.com/?utm_source=google&utm_medium=organic&utm_campaign=gmb-listing&utm_content=gmb-website-link","+1 929-553-7530","https://www.google.com/maps/place/Quest+Diagnostics/data=!4m7!3m6!1s0x89c25f75df984eeb:0x9fc1eec3c4d995ef!8m2!3d40.746865!4d-73.883352!16s%2Fg%2F11pyrv_pn1!19sChIJ606Y33VfwokR75XZxMPuwZ8?authuser=0&hl=en&rclk=1"
"Shiel Medical Laboratory","","","Medical laboratory","14461 38th Ave, Flushing, NY 11354, United States","","+1 718-359-2573","https://www.google.com/maps/place/Shiel+Medical+Laboratory/data=!4m7!3m6!1s0x89c260185bcc3421:0xd7640f3b157c2b04!8m2!3d40.7636287!4d-73.8203812!16s%2Fg%2F1tdlcn2v!19sChIJITTMWxhgwokRBCt8FTsPZNc?authuser=0&hl=en&rclk=1"
"Quest Diagnostics","1.8","189","Diagnostic center","6122 Fresh Pond Rd, Middle Village, NY 11379, United States","","+1 718-366-8636","https://www.google.com/maps/place/Quest+Diagnostics/data=!4m7!3m6!1s0x89c25e5fd7efdf8f:0xe808d3429d660e23!8m2!3d40.7141821!4d-73.9015133!16s%2Fg%2F1tflythg!19sChIJj9_v119ewokRIw5mnULTCOg?authuser=0&hl=en&rclk=1"
"Shiel Medical Laboratory","","","Medical laboratory","11909 26th Ave, Flushing, NY 11354, United States","","+1 718-939-9373","https://www.google.com/maps/place/Shiel+Medical+Laboratory/data=!4m7!3m6!1s0x89c25ff8ae408a55:0x45dd53f7bae31567!8m2!3d40.7748146!4d-73.8484983!16s%2Fg%2F1tdy5cxt!19sChIJVYpArvhfwokRZxXjuvdT3UU?authuser=0&hl=en&rclk=1"
"Northwell Health Labs at 247 3rd Ave","5.0","13","Medical laboratory","between 20th and, 247 3rd Avenue, E 21st St # 303, New York, NY 10010, United States","https://www.northwell.edu/northwell-health-labs/247-3rd-ave","+1 212-933-0574","https://www.google.com/maps/place/Northwell+Health+Labs+at+247+3rd+Ave/data=!4m7!3m6!1s0x89c259d528495c7f:0xa46789b30ec7ebbe!8m2!3d40.7370639!4d-73.9841044!16s%2Fg%2F11ll6wbcgf!19sChIJf1xJKNVZwokRvuvHDrOJZ6Q?authuser=0&hl=en&rclk=1"
"Clinical Laboratories Management Inc","","","Medical laboratory","4004 Bowne St, Flushing, NY 11354, United States","","+1 718-461-0455","https://www.google.com/maps/place/Clinical+Laboratories+Management+Inc/data=!4m7!3m6!1s0x89c26010ceab943f:0xb1c34d4a3097a11!8m2!3d40.760574!4d-73.824648!16s%2Fg%2F1tf_p6r6!19sChIJP5SrzhBgwokREXoJo9Q0HAs?authuser=0&hl=en&rclk=1"
"Lab Testing API | Affordable Lab Tests","5.0","6","Medical laboratory","","https://www.labtestingapi.com/","+1 888-512-0719","https://www.google.com/maps/place/Lab+Testing+API+%7C+Affordable+Lab+Tests/data=!4m7!3m6!1s0x89c25900e4152365:0x31797fb1857d0d0b!8m2!3d46.423669!4d-129.9427086!16s%2Fg%2F11ghr1188m!19sChIJZSMV5ABZwokRCw19hbF_eTE?authuser=0&hl=en&rclk=1"
"AllPro Lab","","","Medical laboratory","19020 109th Ave, St. Albans, NY 11412, United States","https://allprolab.com/contact-us","+1 516-828-1808","https://www.google.com/maps/place/AllPro+Lab/data=!4m7!3m6!1s0x89c26141fdc95555:0x4c6f340def5b99bc!8m2!3d40.7041608!4d-73.7658734!16s%2Fg%2F11vkr35ybj!19sChIJVVXJ_UFhwokRvJlb7w00b0w?authuser=0&hl=en&rclk=1"
"Sherman Abrams Laboratory - Glendale PSC","","","Medical laboratory","65, 06 Myrtle Ave, Glendale, NY 11385, United States","","+1 718-316-9600","https://www.google.com/maps/place/Sherman+Abrams+Laboratory+-+Glendale+PSC/data=!4m7!3m6!1s0x89c25c2ac6e1107b:0x61af1c693fc39781!8m2!3d40.700914!4d-73.889946!16s%2Fg%2F11k01n263q!19sChIJexDhxipcwokRgZfDP2kcr2E?authuser=0&hl=en&rclk=1"
"Northwell Health Labs at 110 East 60th Street","4.7","54","Medical laboratory","110 E 60th St Suite 700, New York, NY 10022, United States","https://www.northwell.edu/northwell-health-labs/110-east-60th-street","+1 646-438-9365","https://www.google.com/maps/place/Northwell+Health+Labs+at+110+East+60th+Street/data=!4m7!3m6!1s0x89c25978efdddc9d:0x580532f7fb585f95!8m2!3d40.7630908!4d-73.9688548!16s%2Fg%2F11g1_x3w6c!19sChIJndzd73hZwokRlV9Y-_cyBVg?authuser=0&hl=en&rclk=1"
"Quest Diagnostics","2.8","252","Diagnostic center","13620 38th Ave, Cfa 4th Fl Ste, Flushing, NY 11354, United States","","+1 718-886-5984","https://www.google.com/maps/place/Quest+Diagnostics/data=!4m7!3m6!1s0x89c26011d4d42149:0xdaccdedabb7352d5!8m2!3d40.7609223!4d-73.8300252!16s%2Fg%2F1thz2l7b!19sChIJSSHU1BFgwokR1VJzu9rezNo?authuser=0&hl=en&rclk=1"
"Northwell Health Labs at 20 East 46th Street","4.7","87","Medical laboratory","20 E 46th St #401, New York, NY 10017, United States","https://www.northwell.edu/northwell-health-labs/locations/20-east-46th-street?utm_source=provider_listing&utm_medium=partner&utm_campaign=doctor_dot_com","+1 646-864-2191","https://www.google.com/maps/place/Northwell+Health+Labs+at+20+East+46th+Street/data=!4m7!3m6!1s0x89c259d395fc5163:0x6961ec838a86d3a7!8m2!3d40.7552841!4d-73.9779295!16s%2Fg%2F11gk5r5czm!19sChIJY1H8ldNZwokRp9OGioPsYWk?authuser=0&hl=en&rclk=1"
"Premier Exams Direct - ExamOne Queens Affiliate Office 2818","","","Medical laboratory","","https://portal.examone.com/","+1 718-930-9352","https://www.google.com/maps/place/Premier+Exams+Direct+-+ExamOne+Queens+Affiliate+Office+2818/data=!4m7!3m6!1s0x647431a6b815396d:0xbc2ee14567bf1570!8m2!3d40.651018!4d-73.8314239!16s%2Fg%2F11t15dd1mw!19sChIJbTkVuKYxdGQRcBW_Z0XhLrw?authuser=0&hl=en&rclk=1"
"LabQ Diagnostics Jamaica Hills","","","Medical clinic","168 Street, Jamaica, NY 11432, United States","","+1 888-522-7247","https://www.google.com/maps/place/LabQ+Diagnostics+Jamaica+Hills/data=!4m7!3m6!1s0x89c260fcc1e9f751:0x95399d14a3f543a8!8m2!3d40.7201166!4d-73.7989847!16s%2Fg%2F11q7f5fpv_!19sChIJUffpwfxgwokRqEP1oxSdOZU?authuser=0&hl=en&rclk=1"
"EastGene Laboratories, Inc.","5.0","1","Medical laboratory","42-18 162nd St, Queens, NY 11358, United States","http://www.eastgene.com/","+1 718-463-4888","https://www.google.com/maps/place/EastGene+Laboratories,+Inc./data=!4m7!3m6!1s0x89c261e0e4d4a1dd:0x61adfaa7436f0ed8!8m2!3d40.75972!4d-73.804351!16s%2Fg%2F11bbwp3wq7!19sChIJ3aHU5OBhwokR2A5vQ6f6rWE?authuser=0&hl=en&rclk=1"
"Northwell Health Labs at 30 7th Avenue - Lenox Health Greenwich Village","4.8","24","Medical laboratory","30 7th Ave, New York, NY 10011, United States","https://www.northwell.edu/northwell-health-labs/locations/30-7?utm_source=provider_listing&utm_medium=partner&utm_campaign=doctor_dot_com","+1 516-719-1100","https://www.google.com/maps/place/Northwell+Health+Labs+at+30+7th+Avenue+-+Lenox+Health+Greenwich+Village/data=!4m7!3m6!1s0x89c259c30c9dad67:0x2ffd6111cd942908!8m2!3d40.7376033!4d-74.0005919!16s%2Fg%2F11h31zg8rw!19sChIJZ62dDMNZwokRCCmUzRFh_S8?authuser=0&hl=en&rclk=1"
"North Shore LIJ Health System","3.7","3","Medical laboratory","8791 193rd St, Jamaica, NY 11423, United States","","+1 718-217-8919","https://www.google.com/maps/place/North+Shore+LIJ+Health+System/data=!4m7!3m6!1s0x89c26172fd66a9fd:0xcd080e62ff18785!8m2!3d40.717076!4d-73.7689989!16s%2Fg%2F1tkkvt4m!19sChIJ_alm_XJhwokRhYfxL-aA0Aw?authuser=0&hl=en&rclk=1"
"Sunrise Medical Laboratory","2.7","34","Medical laboratory","5724 2nd Ave, Brooklyn, NY 11220, United States","https://www.sunriselab.com/","+1 347-916-0291","https://www.google.com/maps/place/Sunrise+Medical+Laboratory/data=!4m7!3m6!1s0x89c25aac51185975:0x97a6cd73d92d9743!8m2!3d40.6447785!4d-74.0216346!16s%2Fg%2F11b70f8w7j!19sChIJdVkYUaxawokRQ5ct2XPNppc?authuser=0&hl=en&rclk=1"
"Oral Pathology Laboratory, Inc","1.4","16","Medical laboratory","56-31 141st St, Flushing, NY 11355, United States","http://www.oralpathlab.com/","+1 718-670-1520","https://www.google.com/maps/place/Oral+Pathology+Laboratory,+Inc/data=!4m7!3m6!1s0x89c2606953ed4383:0xb5a321d56f663dab!8m2!3d40.7468721!4d-73.823982!16s%2Fg%2F11btsvc1vz!19sChIJg0PtU2lgwokRqz1mb9Uho7U?authuser=0&hl=en&rclk=1"
"Quest Diagnostics","2.0","207","Diagnostic center","16624 Jamaica Ave, Jamaica, NY 11432, United States","","+1 718-291-4022","https://www.google.com/maps/place/Quest+Diagnostics/data=!4m7!3m6!1s0x89c2612060fa517d:0xf9a9f2f15c2c8519!8m2!3d40.7058809!4d-73.7930802!16s%2Fg%2F11bw4ygyrg!19sChIJfVH6YCBhwokRGYUsXPHyqfk?authuser=0&hl=en&rclk=1"
"Northwell Health Labs at Greenpoint Avenue","4.7","12","Medical laboratory","126 Greenpoint Ave Suite 2C, Brooklyn, NY 11222, United States","https://www.northwell.edu/northwell-health-labs/locations/greenpoint-avenue","+1 929-303-5400","https://www.google.com/maps/place/Northwell+Health+Labs+at+Greenpoint+Avenue/data=!4m7!3m6!1s0x89c259cee6860fc3:0x2e29587e3e6eb58a!8m2!3d40.729799!4d-73.9556895!16s%2Fg%2F11rvk65hg4!19sChIJww-G5s5ZwokRirVuPn5YKS4?authuser=0&hl=en&rclk=1"
"Labcorp","3.1","56","Medical laboratory","37 W 17th St 7th Flr, New York, NY 10011, United States","https://locations.labcorp.com/ny/new-york/35062/","+1 917-261-6872","https://www.google.com/maps/place/Labcorp/data=!4m7!3m6!1s0x89c2599b2175d959:0xa8b00141e20069c2!8m2!3d40.7388959!4d-73.9940906!16s%2Fg%2F11h7ly1khz!19sChIJWdl1IZtZwokRwmkA4kEBsKg?authuser=0&hl=en&rclk=1"
"The laboratory","1.6","7","Medical laboratory","90-01 Roosevelt Ave, Queens, NY 11372, United States","","","https://www.google.com/maps/place/The+laboratory/data=!4m7!3m6!1s0x89c25f4f72c6b4c3:0xd22a9806c796c154!8m2!3d40.7486976!4d-73.8764197!16s%2Fg%2F11n912427d!19sChIJw7TGck9fwokRVMGWxwaYKtI?authuser=0&hl=en&rclk=1"
"Roosevelt Laboratory","","","Medical laboratory","425 W 59th St, New York, NY 10023, United States","","+1 646-912-6076","https://www.google.com/maps/place/Roosevelt+Laboratory/data=!4m7!3m6!1s0x89c25858d9da2fef:0x10dce17a50eea302!8m2!3d40.7701012!4d-73.9859033!16s%2Fg%2F1tlgyw2y!19sChIJ7y_a2VhYwokRAqPuUHrh3BA?authuser=0&hl=en&rclk=1"
"LabQ","4.5","1,799","Diagnostic center","140 58th St building a unit 3L, Brooklyn, NY 11220, United States","http://www.labq.com/","+1 888-522-7247","https://www.google.com/maps/place/LabQ/data=!4m7!3m6!1s0x89c24466b79ded85:0x96adb4b24d84eef3!8m2!3d40.6453984!4d-74.02561!16s%2Fg%2F11b7xs3xbn!19sChIJhe2dt2ZEwokR8-6ETbK0rZY?authuser=0&hl=en&rclk=1"
"Sunrise Medical Laboratory","3.2","63","Medical laboratory","3210 Church Ave, Brooklyn, NY 11226, United States","https://www.sunriselab.com/","+1 718-284-0428","https://www.google.com/maps/place/Sunrise+Medical+Laboratory/data=!4m7!3m6!1s0x89c25b5d51bcd15b:0xf2dffd1f3db662b8!8m2!3d40.6508008!4d-73.9472755!16s%2Fg%2F11c4v44lng!19sChIJW9G8UV1bwokRuGK2PR_93_I?authuser=0&hl=en&rclk=1"
"Micropath, Llc","1.0","1","Medical laboratory","2325 31st St, Astoria, NY 11105, United States","","","https://www.google.com/maps/place/Micropath,+Llc/data=!4m7!3m6!1s0x89c25f42bd500001:0xc827a888829dc86e!8m2!3d40.7736362!4d-73.9132889!16s%2Fg%2F11hy9pll14!19sChIJAQBQvUJfwokRbsidgoioJ8g?authuser=0&hl=en&rclk=1"
"YORK Analytical Laboratories","3.7","3","Laboratory","132-02 89th Ave Suite 217, Richmond Hill, NY 11418, United States","https://yorklab.com/queens-ny/?utm_source=google&utm_medium=organic&utm_campaign=gmb-queens-ny","+1 203-325-1371","https://www.google.com/maps/place/YORK+Analytical+Laboratories/data=!4m7!3m6!1s0x89c260b7ce48c525:0xae33d714443bd0cb!8m2!3d40.700041!4d-73.819227!16s%2Fg%2F11g6_0yddd!19sChIJJcVIzrdgwokRy9A7RBTXM64?authuser=0&hl=en&rclk=1"
"ALLIANCE Laboratories","3.0","70","Medical laboratory","3611 14th Ave, Brooklyn, NY 11218, United States","http://alliancelaboratories.com/","+1 718-851-5773","https://www.google.com/maps/place/ALLIANCE+Laboratories/data=!4m7!3m6!1s0x89c25bcebd514303:0xcc3f81965b321fb7!8m2!3d40.6405745!4d-73.9822961!16s%2Fg%2F11h1drf65j!19sChIJA0NRvc5bwokRtx8yW5aBP8w?authuser=0&hl=en&rclk=1"
"Labcorp","3.6","47","Medical laboratory","139 Centre St STE 807, New York, NY 10013, United States","https://locations.labcorp.com/ny/new-york/27158/","+1 212-431-2928","https://www.google.com/maps/place/Labcorp/data=!4m7!3m6!1s0x89c25a20b27f025b:0xfd6d8bc61336aced!8m2!3d40.7175205!4d-74.0008145!16s%2Fg%2F11bymxqzt0!19sChIJWwJ_siBawokR7aw2E8aLbf0?authuser=0&hl=en&rclk=1"
"Fast Lab","4.7","541","Medical laboratory","1178 Broadway Suite 320, New York, NY 10001, United States","https://fastlabtech.com/","","https://www.google.com/maps/place/Fast+Lab/data=!4m7!3m6!1s0x89c2599ab2a8f985:0x400845a903e26866!8m2!3d40.7452688!4d-73.9883569!16s%2Fg%2F11qh389198!19sChIJhfmosppZwokRZmjiA6lFCEA?authuser=0&hl=en&rclk=1"
"Sunrise Medical Laboratory","2.4","42","Medical laboratory","6114 7th Ave, Brooklyn, NY 11220, United States","https://www.sunriselab.com/","+1 718-492-2635","https://www.google.com/maps/place/Sunrise+Medical+Laboratory/data=!4m7!3m6!1s0x89c2454c04650051:0xcb64b13fd9883193!8m2!3d40.6360418!4d-74.0128196!16s%2Fg%2F11b70kcvy_!19sChIJUQBlBExFwokRkzGI2T-xZMs?authuser=0&hl=en&rclk=1"
"Sunrise Medical Laboratory","3.4","33","Medical laboratory","143 15th St Suite 1B, Brooklyn, NY 11215, United States","https://www.sunriselab.com/","+1 718-369-0470","https://www.google.com/maps/place/Sunrise+Medical+Laboratory/data=!4m7!3m6!1s0x89c25ae5283f46e5:0xf37ca9f497cebb8c!8m2!3d40.6670566!4d-73.9920591!16s%2Fg%2F11c1dhqzzk!19sChIJ5UY_KOVawokRjLvOl_SpfPM?authuser=0&hl=en&rclk=1"