Name,Rating,Reviews,Category,Address,Website,Phone,Url
"Better Home Health Care","4.7","41","Home health care service","202 Merrick Rd, Rockville Centre, NY 11570, United States","http://www.betterhomecare.com/?y_source=1_MTUzNTQ4ODAtNzE1LWxvY2F0aW9uLndlYnNpdGU%3D","+1 516-763-3260","https://www.google.com/maps/place/Better+Home+Health+Care/data=!4m7!3m6!1s0x89c27b4fc7ac0f4b:0xc102c7249cc54645!8m2!3d40.6566031!4d-73.6484548!16s%2Fg%2F1tf0rjxc!19sChIJSw-sx097wokRRUbFnCTHAsE?authuser=0&hl=en&rclk=1"
"Galaxy Home Care of Nassau County","","","Home health care service","175 Fulton Ave Suite 202, Hempstead, NY 11550, United States","https://galaxyhomecareny.com/nassau/?utm_source=google&utm_medium=organic&utm_campaign=google-maps","+1 516-708-0900","https://www.google.com/maps/place/Galaxy+Home+Care+of+Nassau+County/data=!4m7!3m6!1s0x89c27dab8982a925:0xd73891fe0449598e!8m2!3d40.7078642!4d-73.6295536!16s%2Fg%2F11jz13srpx!19sChIJJamCiat9wokRjllJBP6RONc?authuser=0&hl=en&rclk=1"
"Guardian Angel Home Care, LLC","5.0","1","Home health care service","","","+1 800-739-8837","https://www.google.com/maps/place/Guardian+Angel+Home+Care,+LLC/data=!4m7!3m6!1s0x89c2876ab43fdd85:0x616b0c8cf0e0bbc6!8m2!3d40.7529144!4d-73.5818874!16s%2Fg%2F11c1x00vy2!19sChIJhd0_tGqHwokRxrvg8IwMa2E?authuser=0&hl=en&rclk=1"
"Home Helpers Home Care of Mineola, NY","4.6","24","Home health care service","","https://www.homehelpershomecare.com/mineola-ny/","+1 516-344-8811","https://www.google.com/maps/place/Home+Helpers+Home+Care+of+Mineola,+NY/data=!4m7!3m6!1s0x89c263729c021251:0xe1b05073eef106a3!8m2!3d40.7114289!4d-73.7053535!16s%2Fg%2F11fm_461vz!19sChIJURICnHJjwokRowbx7nNQsOE?authuser=0&hl=en&rclk=1"
"Axis Care Coordination","","","Home health care service","260 Doughty Blvd Suite 2, Inwood, NY 11096, United States","https://axiscareco.com/","+1 516-206-0807","https://www.google.com/maps/place/Axis+Care+Coordination/data=!4m7!3m6!1s0x89c2651357e1fc7b:0x66fbfe379c7d08bf!8m2!3d40.6187074!4d-73.7463607!16s%2Fg%2F11vcmt8y32!19sChIJe_zhVxNlwokRvwh9nDf--2Y?authuser=0&hl=en&rclk=1"
"Freedom Care - CDPAP Agency Suffolk Office","4.8","650","Home health care service","445 Broadhollow Rd #25, Melville, NY 11747, United States","https://freedomcare.com/","+1 718-989-3734","https://www.google.com/maps/place/Freedom+Care+-+CDPAP+Agency+Suffolk+Office/data=!4m7!3m6!1s0x89e82a34e6969ff1:0x43fae265b7537154!8m2!3d40.7752145!4d-73.4197939!16s%2Fg%2F11ggm4216h!19sChIJ8Z-W5jQq6IkRVHFTt2Xi-kM?authuser=0&hl=en&rclk=1"
"Right at Home","4.1","35","Home health care service","754 Old Country Rd, Plainview, NY 11803, United States","https://www.rightathome.net/nassau-suffolk/?utm_source=google&utm_medium=local&utm_campaign=localmaps&utm_content=1390","+1 516-719-5999","https://www.google.com/maps/place/Right+at+Home/data=!4m7!3m6!1s0x89c281c518fbcb0b:0x810ae13418b234f7!8m2!3d40.7732672!4d-73.4868954!16s%2Fg%2F1q6cb9lwx!19sChIJC8v7GMWBwokR9zSyGDThCoE?authuser=0&hl=en&rclk=1"
"The Helpful Care Company Inc.","5.0","2","Home health care service","129 Broadway, Lynbrook, NY 11563, United States","http://helpfulcare.com/","+1 516-599-5870","https://www.google.com/maps/place/The+Helpful+Care+Company+Inc./data=!4m7!3m6!1s0x89c264be32ddc8b1:0x74343207be496a7f!8m2!3d40.6543948!4d-73.6763029!16s%2Fg%2F1tmy5zsc!19sChIJscjdMr5kwokRf2pJvgcyNHQ?authuser=0&hl=en&rclk=1"
"Peacewell Care Consulting","","","Home health care service","","https://peacewellcare.com/","+1 516-731-0400","https://www.google.com/maps/place/Peacewell+Care+Consulting/data=!4m7!3m6!1s0x89c27a86f26db31b:0x6e9718b1e63e20d!8m2!3d40.915446!4d-72.7788421!16s%2Fg%2F11g0k1t0tb!19sChIJG7Nt8oZ6wokRDeJjHotx6QY?authuser=0&hl=en&rclk=1"
"Angels Care","","","Home health care service","","","+1 516-567-8047","https://www.google.com/maps/place/Angels+Care/data=!4m7!3m6!1s0x6e783ae9ed7cd3e9:0x6792392ee1b67aac!8m2!3d40.754757!4d-73.601734!16s%2Fg%2F11swxhf87f!19sChIJ6dN87ek6eG4RrHq24S45kmc?authuser=0&hl=en&rclk=1"
"All Metro Health Care","2.4","41","Home health care service","170 Earle Ave, Lynbrook, NY 11563, United States","http://www.all-metro.com/","+1 516-887-1200","https://www.google.com/maps/place/All+Metro+Health+Care/data=!4m7!3m6!1s0x89c264be98d1092f:0xcc2f00548be0c694!8m2!3d40.6569423!4d-73.6682525!16s%2Fg%2F11bzrj9tt5!19sChIJLwnRmL5kwokRlMbgi1QAL8w?authuser=0&hl=en&rclk=1"
"Cottage Home Care Services","4.6","127","Home health care service","","http://www.cottagehomecare.com/","+1 800-499-9963","https://www.google.com/maps/place/Cottage+Home+Care+Services/data=!4m7!3m6!1s0x89c2820a8609bb55:0xc177018b1d63c092!8m2!3d41.5068609!4d-72.9098014!16s%2Fg%2F1hc2tp2vs!19sChIJVbsJhgqCwokRksBjHYsBd8E?authuser=0&hl=en&rclk=1"
"Tri-County Home Nursing Services, Inc.","5.0","1","Home health care service","1065 Old Country Rd, Westbury, NY 11590, United States","http://www.tchns.com/","+1 516-997-1208","https://www.google.com/maps/place/Tri-County+Home+Nursing+Services,+Inc./data=!4m7!3m6!1s0x89c280cba7ddf17f:0x14ee0a8b5e8c7de1!8m2!3d40.7562247!4d-73.5563373!16s%2Fg%2F1tg51bsc!19sChIJf_Hdp8uAwokR4X2MXosK7hQ?authuser=0&hl=en&rclk=1"
"Magic Home Care","4.9","256","Home health care service","250 Avenue X, Brooklyn, NY 11223, United States","http://magichomecareny.com/?utm_source=GMB&utm_medium=organic&utm_campaign=Brooklyn","+1 718-484-4900","https://www.google.com/maps/place/Magic+Home+Care/data=!4m7!3m6!1s0x89c24450d0903857:0x7404e0e8358cc1c5!8m2!3d40.5899622!4d-73.9736891!16s%2Fg%2F11cnq4q9bd!19sChIJVziQ0FBEwokRxcGMNejgBHQ?authuser=0&hl=en&rclk=1"
"Preferred Gold Home Care","4.8","39","Home health care service","2357 60th St 2nd Floor, Brooklyn, NY 11204, United States","","+1 212-308-8100","https://www.google.com/maps/place/Preferred+Gold+Home+Care/data=!4m7!3m6!1s0x89c24531c81620fb:0xeb474499e9927eba!8m2!3d40.614582!4d-73.97452!16s%2Fg%2F11g0wp7fl7!19sChIJ-yAWyDFFwokRun6S6ZlER-s?authuser=0&hl=en&rclk=1"
"Preferred Home Care of New York - Brooklyn","3.5","369","Home health care service","2357 60th St, Brooklyn, NY 11204, United States","https://preferredhcny.com/","+1 718-841-8000","https://www.google.com/maps/place/Preferred+Home+Care+of+New+York+-+Brooklyn/data=!4m7!3m6!1s0x89c24531ad339a05:0xce5b50e895d56505!8m2!3d40.614582!4d-73.97452!16s%2Fg%2F1w1132ht!19sChIJBZozrTFFwokRBWXVlehQW84?authuser=0&hl=en&rclk=1"
"CareFirst Home Solutions","5.0","11","Home health care service","58 School St Suite 101 - Rear Entrance, Glen Cove, NY 11542, United States","http://www.carefirsthomesolutions.com/","+1 516-784-4411","https://www.google.com/maps/place/CareFirst+Home+Solutions/data=!4m7!3m6!1s0x89c285a46dcc61f3:0xde7533ebe8989ce5!8m2!3d40.8658712!4d-73.6305559!16s%2Fg%2F11rj6gtxtf!19sChIJ82HMbaSFwokR5ZyY6Oszdd4?authuser=0&hl=en&rclk=1"
"Home Helpers Home Care of Huntington, NY","4.9","36","Home health care service","","https://www.homehelpershomecare.com/huntington-ny/","+1 631-212-1717","https://www.google.com/maps/place/Home+Helpers+Home+Care+of+Huntington,+NY/data=!4m7!3m6!1s0x89e829478c496eb3:0xe2448f96d145e6f6!8m2!3d40.8021056!4d-73.325137!16s%2Fg%2F11fkjpb70p!19sChIJs25JjEcp6IkR9uZF0ZaPROI?authuser=0&hl=en&rclk=1"
"Northwell Health At Home","1.8","29","Home health care service","1101 Stewart Ave Suite 215, Garden City, NY 11530, United States","https://www.northwell.edu/doctors-and-care/at-home","+1 866-651-4200","https://www.google.com/maps/place/Northwell+Health+At+Home/data=!4m7!3m6!1s0x89c2882bd947c90b:0xf1fea11898f9b9d8!8m2!3d40.7361665!4d-73.5942859!16s%2Fg%2F11b7t_9wdv!19sChIJC8lH2SuIwokR2Ln5mBih_vE?authuser=0&hl=en&rclk=1"
"Excel homecare","","","Home health care service","","https://www.excelhomecareinc.com/","+1 516-937-3552","https://www.google.com/maps/place/Excel+homecare/data=!4m7!3m6!1s0x60b27e7604d9c541:0x9259d7b9769b3f0a!8m2!3d40.9000905!4d-72.9098014!16s%2Fg%2F11v3_66jrw!19sChIJQcXZBHZ-smARCj-bdrnXWZI?authuser=0&hl=en&rclk=1"
"Universal Care NY, LLC","5.0","15","Home health care service","","https://www.universalcareny.com/","+1 516-368-4799","https://www.google.com/maps/place/Universal+Care+NY,+LLC/data=!4m7!3m6!1s0xa573a7b58afda4b1:0x6dce46899c3f972e!8m2!3d40.9000905!4d-72.9123639!16s%2Fg%2F11q2ss8_vt!19sChIJsaT9irWnc6URLpc_nIlGzm0?authuser=0&hl=en&rclk=1"
"Five Star Home Health Care Agency","3.9","96","Home health care service","3044 Coney Island Ave 4th Floor, Brooklyn, NY 11235, United States","https://www.fivestarhomecareny.com/","+1 718-676-9977","https://www.google.com/maps/place/Five+Star+Home+Health+Care+Agency/data=!4m7!3m6!1s0x89c24495b53db27b:0xad566ccf79fc45a4!8m2!3d40.5822382!4d-73.9602746!16s%2Fg%2F1q5blnkq5!19sChIJe7I9tZVEwokRpEX8ec9sVq0?authuser=0&hl=en&rclk=1"
"LeanOnWe Home Care","4.9","121","Home health care service","575 8th Ave 11th floor, New York, NY 10018, United States","https://www.leanonwe.com/","+1 844-532-6669","https://www.google.com/maps/place/LeanOnWe+Home+Care/data=!4m7!3m6!1s0x89c259ace01e9201:0xe9173c823716b8e5!8m2!3d40.7550998!4d-73.9917363!16s%2Fg%2F11cll_nw7s!19sChIJAZIe4KxZwokR5bgWN4I8F-k?authuser=0&hl=en&rclk=1"
"Helping U Homecare, Inc.","3.9","78","Home health care service","1897 3rd Ave, New York, NY 10029, United States","http://www.helpinguhomecare.com/","+1 917-793-1300","https://www.google.com/maps/place/Helping+U+Homecare,+Inc./data=!4m7!3m6!1s0x89c2f60a5a972781:0x6c408d035ebc0048!8m2!3d40.7906866!4d-73.9449911!16s%2Fg%2F11clwpq7vd!19sChIJgSeXWgr2wokRSAC8XgONQGw?authuser=0&hl=en&rclk=1"
"Effective Home Care Services","","","Home health care service","","http://sitehomecare.com/","+1 516-231-2010","https://www.google.com/maps/place/Effective+Home+Care+Services/data=!4m7!3m6!1s0xa242b2101ad7dd59:0x2ef80dcafb991d87!8m2!3d40.6549529!4d-73.534561!16s%2Fg%2F11rmq7zmpv!19sChIJWd3XGhCyQqIRhx2Z-8oN-C4?authuser=0&hl=en&rclk=1"
"Alvita Care","4.2","66","Home health care service","231 W 29th St #400, New York, NY 10001, United States","https://alvitacare.com/","+1 646-851-2081","https://www.google.com/maps/place/Alvita+Care/data=!4m7!3m6!1s0x89c259a66c309b45:0xa515f789e2bc07a3!8m2!3d40.748574!4d-73.994166!16s%2Fg%2F11cn0pqhhg!19sChIJRZswbKZZwokRowe84on3FaU?authuser=0&hl=en&rclk=1"
"TheKey by Home Care Assistance","3.7","9","Home health care service","888 Veterans Memorial Hwy Suite 320, Hauppauge, NY 11788, United States","https://thekey.com/suffolk-county?utm_source=gmb&utm_medium=Yext","+1 631-894-9630","https://www.google.com/maps/place/TheKey+by+Home+Care+Assistance/data=!4m7!3m6!1s0x89e83f767783d919:0xa4f373c2ab5c64dd!8m2!3d40.8188126!4d-73.2021648!16s%2Fg%2F11c1sjwzbh!19sChIJGdmDd3Y_6IkR3WRcq8Jz86Q?authuser=0&hl=en&rclk=1"
"Visiting Nurse Service & Hospice of Suffolk","3.5","11","Home health care service","505 Main St, Northport, NY 11768, United States","https://visitingnurseservice.org/","+1 631-261-7200","https://www.google.com/maps/place/Visiting+Nurse+Service+%26+Hospice+of+Suffolk/data=!4m7!3m6!1s0x89e8244d886ce40d:0xf3de4356cf68fe1!8m2!3d40.9010207!4d-73.3356258!16s%2Fg%2F1td18wl8!19sChIJDeRsiE0k6IkR4Y_2bDXkPQ8?authuser=0&hl=en&rclk=1"
"Bena Home Care Agency","4.7","32","Home health care service","116-07 Liberty Ave, Queens, NY 11419, United States","http://benahomecare.com/","+1 718-323-3050","https://www.google.com/maps/place/Bena+Home+Care+Agency/data=!4m7!3m6!1s0x89c26716039c2b7b:0xf0d61a19e029c031!8m2!3d40.6860815!4d-73.8265937!16s%2Fg%2F11hdr6gs_9!19sChIJeyucAxZnwokRMcAp4Bka1vA?authuser=0&hl=en&rclk=1"
"White Glove Community Care","4.7","246","Home health care service","89 Bartlett St, Brooklyn, NY 11206, United States","https://www.whiteglovehomecare.com/","+1 718-828-2666","https://www.google.com/maps/place/White+Glove+Community+Care/data=!4m7!3m6!1s0x89c25befe1001b0b:0xcd689af7464070a7!8m2!3d40.7021671!4d-73.9450364!16s%2Fg%2F11k5cl3c34!19sChIJCxsA4e9bwokRp3BARveaaM0?authuser=0&hl=en&rclk=1"
"Rest Assured Homecare Inc.","5.0","8","Home health care service","","","+1 631-238-1194","https://www.google.com/maps/place/Rest+Assured+Homecare+Inc./data=!4m7!3m6!1s0x89e837ee02fb041b:0x24405d96975bde5e!8m2!3d40.922326!4d-72.637448!16s%2Fg%2F11kryh99l7!19sChIJGwT7Au436IkRXt5bl5ZdQCQ?authuser=0&hl=en&rclk=1"
"Friends For Life Homecare & Medicaid Consultants","4.8","32","Home health care service","1045 B Park Blvd, Massapequa Park, NY 11762, United States","http://www.friendsforlifeny.com/","+1 516-614-5396","https://www.google.com/maps/place/Friends+For+Life+Homecare+%26+Medicaid+Consultants/data=!4m7!3m6!1s0x89e9d5784221a90f:0x22dce8295c10abf8!8m2!3d40.6801984!4d-73.4551149!16s%2Fg%2F11g6lx8xsk!19sChIJD6khQnjV6YkR-KsQXCno3CI?authuser=0&hl=en&rclk=1"
"DEDICATED HOME CARE SERVICES","","","Home health care service","1230 St Pauls St, Baldwin, NY 11510, United States","","+1 516-608-5675","https://www.google.com/maps/place/DEDICATED+HOME+CARE+SERVICES/data=!4m7!3m6!1s0x89c27c5e6d574833:0xfe350255f0b70215!8m2!3d40.6815948!4d-73.6016692!16s%2Fg%2F1thz2l9n!19sChIJM0hXbV58wokRFQK38FUCNf4?authuser=0&hl=en&rclk=1"
"Right at Home","4.1","8","Home health care service","400 Post Ave Ste 302, Westbury, NY 11590, United States","https://www.rightathome.net/north-shore-long-island/?utm_source=google&utm_medium=local&utm_campaign=localmaps&utm_content=1219","+1 516-513-1070","https://www.google.com/maps/place/Right+at+Home/data=!4m7!3m6!1s0x89c280e088cfb9e1:0x70c04ce88b5c2b12!8m2!3d40.7627324!4d-73.5863515!16s%2Fg%2F1q6kk5bx_!19sChIJ4bnPiOCAwokREitci-hMwHA?authuser=0&hl=en&rclk=1"
"Mrs. G's Services","4.2","48","Home health care service","807 Lydig Ave Second Floor, Bronx, NY 10462, United States","http://www.mrsgsservices.com/","+1 914-653-0123","https://www.google.com/maps/place/Mrs.+G%27s+Services/data=!4m7!3m6!1s0x89c2f4a04f456317:0x842b078e1ce92e71!8m2!3d40.8546008!4d-73.863454!16s%2Fg%2F11b639hxh6!19sChIJF2NFT6D0wokRcS7pHI4HK4Q?authuser=0&hl=en&rclk=1"
"Care At Home - Diocese of Brooklyn, Inc.","1.0","2","Home health care service","168 7th St, Brooklyn, NY 11215, United States","https://www.careathomeny.org/","+1 718-907-4700","https://www.google.com/maps/place/Care+At+Home+-+Diocese+of+Brooklyn,+Inc./data=!4m7!3m6!1s0x89c25abe1e7e91d5:0xa0ef8ed0d5ad5f32!8m2!3d40.6729212!4d-73.9908993!16s%2Fg%2F1tcvq5jx!19sChIJ1ZF-Hr5awokRMl-t1dCO76A?authuser=0&hl=en&rclk=1"
"Caring Companions-Long Island","","","Home health care service","","http://tlccompanions.com/","+1 516-795-2273","https://www.google.com/maps/place/Caring+Companions-Long+Island/data=!4m7!3m6!1s0x89e9d578420366a5:0x871fa137fe0381b3!8m2!3d40.915446!4d-72.7788421!16s%2Fg%2F113k7snpj!19sChIJpWYDQnjV6YkRs4ED_jehH4c?authuser=0&hl=en&rclk=1"
"Homecare.org","2.3","3","Home health care service","1012 E 92nd St, Brooklyn, NY 11236, United States","http://www.encarehomecare.net/","+1 800-847-1094","https://www.google.com/maps/place/Homecare.org/data=!4m7!3m6!1s0x89c25cc1b969549f:0xd8fa2c2e943ac764!8m2!3d40.6441502!4d-73.9085177!16s%2Fg%2F1tghf1p7!19sChIJn1RpucFcwokRZMc6lC4s-tg?authuser=0&hl=en&rclk=1"
"Ameristar Home Care Suffolk","","","Home health care service","1601 Veterans Memorial Hwy Suite 570, Islandia, NY 11749, United States","http://www.ameristarhc.com/","+1 631-439-1880","https://www.google.com/maps/place/Ameristar+Home+Care+Suffolk/data=!4m7!3m6!1s0x89e8313bf8bc933f:0x685aed7c943af500!8m2!3d40.8079293!4d-73.1828094!16s%2Fg%2F11txpdnhdl!19sChIJP5O8-Dsx6IkRAPU6lHztWmg?authuser=0&hl=en&rclk=1"
"My HHA Cares Home Care","","","Home health care service","","","+1 516-587-0953","https://www.google.com/maps/place/My+HHA+Cares+Home+Care/data=!4m7!3m6!1s0x89e82c424c43e9cf:0xdcc5c0576673a8e0!8m2!3d40.8938931!4d-73.0182904!16s%2Fg%2F11c7sx8756!19sChIJz-lDTEIs6IkR4KhzZlfAxdw?authuser=0&hl=en&rclk=1"
"A Caring Hand Services","5.0","7","Home health care service","52 Vanderbilt Ave Suite 404, New York, NY 10017, United States","http://www.acaringhandservices.com/","+1 212-828-4545","https://www.google.com/maps/place/A+Caring+Hand+Services/data=!4m7!3m6!1s0x89c258bca6a8d9b9:0x4ea57a6f868e9822!8m2!3d40.7543343!4d-73.9773555!16s%2Fg%2F1thy0qg2!19sChIJudmoprxYwokRIpiOhm96pU4?authuser=0&hl=en&rclk=1"
"Next Chapter HomeCare","","","Home health care service","","https://nextchapterhc.com/","+1 866-269-2817","https://www.google.com/maps/place/Next+Chapter+HomeCare/data=!4m7!3m6!1s0x4444d4a446a833fd:0x1847d986f3cf4e68!8m2!3d41.2074685!4d-73.4072634!16s%2Fg%2F11tnb_0d8h!19sChIJ_TOoRqTUREQRaE7P84bZRxg?authuser=0&hl=en&rclk=1"
"North Shore Nurse","5.0","5","Home health care service","","","+1 845-551-0650","https://www.google.com/maps/place/North+Shore+Nurse/data=!4m7!3m6!1s0x6326eabfdf3d98f:0xa9a7ce86cb00984d!8m2!3d40.9729474!4d-72.9490754!16s%2Fg%2F11ts08hyhx!19sChIJj9nz_atuMgYRTZgAy4bOp6k?authuser=0&hl=en&rclk=1"
"Right at Home","4.9","18","Home health care service","1111 Broadhollow Rd Ste 207, Farmingdale, NY 11735, United States","https://www.rightathome.net/south-shore-long-island/?utm_source=google&utm_medium=local&utm_campaign=localmaps&utm_content=1474","+1 631-815-5717","https://www.google.com/maps/place/Right+at+Home/data=!4m7!3m6!1s0x89e9d52e71dd6797:0x911aa70306e115b4!8m2!3d40.7088893!4d-73.4278497!16s%2Fg%2F11b7chbztw!19sChIJl2fdcS7V6YkRtBXhBgOnGpE?authuser=0&hl=en&rclk=1"
"Elder Home Care","4.0","31","Home health care service","215 E Main St #200, Huntington, NY 11743, United States","https://www.ehcus.com/service-areas/home-care-huntington/","+1 516-614-3667","https://www.google.com/maps/place/Elder+Home+Care/data=!4m7!3m6!1s0x89c281b92ad98595:0x1fcded9e31d72351!8m2!3d40.8821034!4d-73.393593!16s%2Fg%2F11h3bjq54h!19sChIJlYXZKrmBwokRUSPXMZ7tzR8?authuser=0&hl=en&rclk=1"
"Family Home Care Service","","","Home health care service","","http://homecareenergy.com/","+1 631-215-3535","https://www.google.com/maps/place/Family+Home+Care+Service/data=!4m7!3m6!1s0x8dd4b8f0632cf64d:0xadcb6796456dec4c!8m2!3d40.6974881!4d-73.6921094!16s%2Fg%2F11sg5psf_n!19sChIJTfYsY_C41I0RTOxtRZZny60?authuser=0&hl=en&rclk=1"
"Friends for Life Homecare & Medicaid Consultants","5.0","29","Home health care service","5501 Merrick Rd, Massapequa, NY 11758, United States","http://friendsforlifeny.com/","+1 516-614-5396","https://www.google.com/maps/place/Friends+for+Life+Homecare+%26+Medicaid+Consultants/data=!4m7!3m6!1s0x89e9d5902c2cc703:0x82d2df5741fee8e6!8m2!3d40.6689896!4d-73.4349623!16s%2Fg%2F113htw4hx!19sChIJA8csLJDV6YkR5uj-QVff0oI?authuser=0&hl=en&rclk=1"
"Ideal Home Care Services","4.3","32","Home health care service","300 Motor Pkwy Suite 125, Hauppauge, NY 11788, United States","https://www.idealhcs.com/?utm_source=google&utm_medium=organic&utm_campaign=gbp-listing","+1 631-509-5600","https://www.google.com/maps/place/Ideal+Home+Care+Services/data=!4m7!3m6!1s0x89e84679215dfef5:0x3191ad42d8284bfe!8m2!3d40.8079485!4d-73.2489838!16s%2Fg%2F12hkz8gt_!19sChIJ9f5dIXlG6IkR_kso2EKtkTE?authuser=0&hl=en&rclk=1"
"Home Health Care Agency","","","Home health care service","621 W 189th St, New York, NY 10040, United States","https://homehealthcareagencynyc6.godaddysites.com/","+1 929-572-7162","https://www.google.com/maps/place/Home+Health+Care+Agency/data=!4m7!3m6!1s0x89c2f51b4255b227:0x5800627d7c14861f!8m2!3d40.8547936!4d-73.9309732!16s%2Fg%2F11tmsx2mpd!19sChIJJ7JVQhv1wokRH4YUfH1iAFg?authuser=0&hl=en&rclk=1"
"EvergreenChoice","4.7","15","Home health care service","1177 6th Ave 5th floor, New York, NY 10036, United States","","+1 212-655-9525","https://www.google.com/maps/place/EvergreenChoice/data=!4m7!3m6!1s0x89c259ab90e5330f:0x3401e69bb4377ffd!8m2!3d40.7572538!4d-73.9828582!16s%2Fg%2F1xgrnvxf!19sChIJDzPlkKtZwokR_X83tJvmATQ?authuser=0&hl=en&rclk=1"
"Always Near, LLC","","","Home health care service","898 Oyster Bay Rd, East Norwich, NY 11732, United States","http://www.alwaysnearllc.com/contact-us.html","+1 516-813-7380","https://www.google.com/maps/place/Always+Near,+LLC/data=!4m7!3m6!1s0x89c283a025100001:0x94212fbeb22dca7a!8m2!3d40.8466932!4d-73.5352492!16s%2Fg%2F11twq3q1rz!19sChIJAQAQJaCDwokResotsr4vIZQ?authuser=0&hl=en&rclk=1"
"CDPAP Department of Edison HHC","4.5","14","Home health care service","54-06 Myrtle Ave Floor 2, Queens, NY 11385, United States","https://cdpapny.org/","+1 718-285-7495","https://www.google.com/maps/place/CDPAP+Department+of+Edison+HHC/data=!4m7!3m6!1s0x89c25c223a369639:0x67f2a95925083164!8m2!3d40.6995275!4d-73.9104475!16s%2Fg%2F11cpk1zqkx!19sChIJOZY2OiJcwokRZDEIJVmp8mc?authuser=0&hl=en&rclk=1"
"A Gentle Touch Senior Home & Health Care","4.9","29","Home health care service","344 Deer Pk Ave, Babylon, NY 11702, United States","http://agentletouchseniorcare.com/","+1 631-647-7622","https://www.google.com/maps/place/A+Gentle+Touch+Senior+Home+%26+Health+Care/data=!4m7!3m6!1s0x89e8328d5983215d:0xf46d85e8034c1a92!8m2!3d40.7016072!4d-73.3223928!16s%2Fg%2F1260mr8vb!19sChIJXSGDWY0y6IkRkhpMA-iFbfQ?authuser=0&hl=en&rclk=1"
"Preferred Home Care of New York - Suffolk County","2.3","6","Home health care service","1 S Ocean Ave Suite 214, Patchogue, NY 11772, United States","https://preferredhcny.com/","+1 631-654-0789","https://www.google.com/maps/place/Preferred+Home+Care+of+New+York+-+Suffolk+County/data=!4m7!3m6!1s0x89e84922237ad329:0x9966c4a45ccb06bc!8m2!3d40.7654083!4d-73.0148605!16s%2Fg%2F11bwl3y07g!19sChIJKdN6IyJJ6IkRvAbLXKTEZpk?authuser=0&hl=en&rclk=1"
"Serene Home Nursing Agency","4.3","119","Home health care service","42 Academy St, Patchogue, NY 11772, United States","https://www.serenehomenursing.com/","+1 631-696-9669","https://www.google.com/maps/place/Serene+Home+Nursing+Agency/data=!4m7!3m6!1s0x89e849237839c30f:0xe978be8245d49dbb!8m2!3d40.7630681!4d-73.0116572!16s%2Fg%2F11c44f2hpj!19sChIJD8M5eCNJ6IkRu53URYK-eOk?authuser=0&hl=en&rclk=1"
"Rest Assured Home Care, LLC","5.0","11","Home health care service","","http://www.restassuredct.com/","+1 203-364-6445","https://www.google.com/maps/place/Rest+Assured+Home+Care,+LLC/data=!4m7!3m6!1s0x89dd55d916e8e1f3:0xace08628519abf48!8m2!3d41.1127617!4d-73.472966!16s%2Fg%2F11nms57yly!19sChIJ8-HoFtlV3YkRSL-aUSiG4Kw?authuser=0&hl=en&rclk=1"
"With Heart Private Care Consulting","5.0","7","Home health care service","","https://www.withheart.me/","+1 516-497-3927","https://www.google.com/maps/place/With+Heart+Private+Care+Consulting/data=!4m7!3m6!1s0x84ff569e97cf8a4b:0xd09a05f13b7eda0!8m2!3d40.9000905!4d-72.9170605!16s%2Fg%2F11krtzy0hx!19sChIJS4rPl55W_4QRoO23E1-gCQ0?authuser=0&hl=en&rclk=1"
"TLC Companions Home Care","4.8","72","Home health care service","332 Broadway, Bethpage, NY 11714, United States","http://tlccompanions.com/","+1 516-719-0909","https://www.google.com/maps/place/TLC+Companions+Home+Care/data=!4m7!3m6!1s0x89c28017d56a3f79:0x59a31543ecd4997d!8m2!3d40.7421905!4d-73.4794892!16s%2Fg%2F11c3k53kzx!19sChIJeT9q1ReAwokRfZnU7EMVo1k?authuser=0&hl=en&rclk=1"
"Brooke's Homecare","4.3","6","Home health care service","","","+1 203-655-3400","https://www.google.com/maps/place/Brooke%27s+Homecare/data=!4m7!3m6!1s0x89c2a05b36261743:0x6466429dce37023c!8m2!3d41.074298!4d-73.480837!16s%2Fg%2F11b61qy3wm!19sChIJQxcmNlugwokRPAI3zp1CZmQ?authuser=0&hl=en&rclk=1"
"GCS Home Care Companion","5.0","1","Home health care service","","","+1 516-559-6175","https://www.google.com/maps/place/GCS+Home+Care+Companion/data=!4m7!3m6!1s0x89e845264c046249:0xdbf0e8e9f961c1ff!8m2!3d40.8039599!4d-73.7338125!16s%2Fg%2F11fctmfy9j!19sChIJSWIETCZF6IkR_8Fh-eno8Ns?authuser=0&hl=en&rclk=1"
"Premier Care LLC","5.0","7","Home health care service","","http://www.premiercarellc.com/","+1 203-309-7489","https://www.google.com/maps/place/Premier+Care+LLC/data=!4m7!3m6!1s0x89c2978f13d4a327:0x2e4fd94dac32df59!8m2!3d41.2692755!4d-73.4914156!16s%2Fg%2F11bwqvklg8!19sChIJJ6PUE4-XwokRWd8yrE3ZTy4?authuser=0&hl=en&rclk=1"
"Comfort Keepers Jericho, NY","4.5","19","Home health care service","366 N Broadway Suite PH-W2, Jericho, NY 11753, United States","https://www.comfortkeepers.com/offices/new-york/plainview?utm_source=GMB&utm_medium=organic","+1 516-827-4270","https://www.google.com/maps/place/Comfort+Keepers+Jericho,+NY/data=!4m7!3m6!1s0x89c281df099c4f69:0xad5a0cd0a2218777!8m2!3d40.7818295!4d-73.5329499!16s%2Fg%2F1tg79zmr!19sChIJaU-cCd-BwokRd4chotAMWq0?authuser=0&hl=en&rclk=1"
"well care home care","","","Home health care service","7 Brightwater Pl, Massapequa, NY 11758, United States","http://wellcarehomecareny.com/","+1 516-444-0813","https://www.google.com/maps/place/well+care+home+care/data=!4m7!3m6!1s0x89e9d5eb9dfc0001:0xb9537139ffa60a2a!8m2!3d40.6553481!4d-73.4464159!16s%2Fg%2F11h7146zzt!19sChIJAQD8nevV6YkRKgqm_zlxU7k?authuser=0&hl=en&rclk=1"
"Touching Hearts at Home NYC -- Manhattan; Brooklyn; Westchester; Queens; Rockland","4.7","27","Home health care service","733 3rd Ave Floor 16, New York, NY 10017, United States","https://www.touchinghearts.com/nyc?utm_source=GBP&utm_medium=Organic&utm_campaign=Google+Business+Profile&utm_id=ChoiceLocal","+1 646-480-6266","https://www.google.com/maps/place/Touching+Hearts+at+Home+NYC+--+Manhattan;+Brooklyn;+Westchester;+Queens;+Rockland/data=!4m7!3m6!1s0x89c259011e124dc7:0x975bc9ee0b879394!8m2!3d40.7528159!4d-73.9721365!16s%2Fg%2F11c3s95w7l!19sChIJx00SHgFZwokRlJOHC-7JW5c?authuser=0&hl=en&rclk=1"
"CDPAP Department of Edison HHC","5.0","25","Home health care service","162-02 Jamaica Ave Suite 5, Queens, NY 11432, United States","https://cdpapny.org/","+1 718-831-6940","https://www.google.com/maps/place/CDPAP+Department+of+Edison+HHC/data=!4m7!3m6!1s0x89c261e7c4b19f89:0x9c67cc9d624afb4a!8m2!3d40.704035!4d-73.7976635!16s%2Fg%2F11f797kc_l!19sChIJiZ-xxOdhwokRSvtKYp3MZ5w?authuser=0&hl=en&rclk=1"
"Addus HomeCare","4.1","115","Home health care service","3275 Veterans Memorial Hwy Suite B-15, Ronkonkoma, NY 11779, United States","https://addus.com/?y_source=1_MTI1NTkwMjktNzE1LWxvY2F0aW9uLndlYnNpdGU%3D","+1 631-567-6555","https://www.google.com/maps/place/Addus+HomeCare/data=!4m7!3m6!1s0x89e835d17ffddad5:0x7f24f5187ca8ac62!8m2!3d40.7884771!4d-73.1325262!16s%2Fg%2F1tf16xrq!19sChIJ1dr9f9E16IkRYqyofBj1JH8?authuser=0&hl=en&rclk=1"
"Gurwin Certified Home Health Agency","5.0","1","Home health care service","68 Hauppauge Rd, Commack, NY 11725, United States","https://www.gurwin.org/home-care/","+1 631-715-8600","https://www.google.com/maps/place/Gurwin+Certified+Home+Health+Agency/data=!4m7!3m6!1s0x89e82fbf50f60863:0xb0e5d71f5a5c28bb!8m2!3d40.8294644!4d-73.3010315!16s%2Fg%2F11clssl57x!19sChIJYwj2UL8v6IkRuyhcWh_X5bA?authuser=0&hl=en&rclk=1"
"Acti-Kare Senior & Home Care of Stamford, CT","5.0","19","Home health care service","","http://www.actikare.com/stamford-ct/","+1 475-206-0300","https://www.google.com/maps/place/Acti-Kare+Senior+%26+Home+Care+of+Stamford,+CT/data=!4m7!3m6!1s0x8056df5b70ad2cff:0x87445b2b169b82f9!8m2!3d41.181929!4d-72.796222!16s%2Fg%2F11jt82mb0f!19sChIJ_yytcFvfVoAR-YKbFitbRIc?authuser=0&hl=en&rclk=1"
"Heavenly Hands, Inc","5.0","3","Home health care service","1025 Old Country Rd, Westbury, NY 11590, United States","http://www.heavenlyhandsinc.com/","+1 516-259-6791","https://www.google.com/maps/place/Heavenly+Hands,+Inc/data=!4m7!3m6!1s0x89c281d11f4b7e87:0x977c9b933398bc91!8m2!3d40.7555217!4d-73.5578826!16s%2Fg%2F11lfztt62q!19sChIJh35LH9GBwokRkbyYM5ObfJc?authuser=0&hl=en&rclk=1"
"SeniorCare Companions, Inc.","4.5","40","Home health care service","150 Islip Ave #2, Islip, NY 11751, United States","https://seniorcarecompanions.com/","+1 631-581-9000","https://www.google.com/maps/place/SeniorCare+Companions,+Inc./data=!4m7!3m6!1s0x89e833be772e8555:0xf1d1071a6b2bc74c!8m2!3d40.7351279!4d-73.2090181!16s%2Fg%2F1tk9rt4g!19sChIJVYUud74z6IkRTMcraxoH0fE?authuser=0&hl=en&rclk=1"
"CT Best Home Care","","","Home health care service","","https://www.ctbesthomecareagency.com/","+1 203-854-6995","https://www.google.com/maps/place/CT+Best+Home+Care/data=!4m7!3m6!1s0x610dc72d433f7e75:0x4ae8de69eab4454a!8m2!3d41.2639551!4d-73.0231644!16s%2Fg%2F11kb9gqlcb!19sChIJdX4_Qy3HDWERSkW06mne6Eo?authuser=0&hl=en&rclk=1"
"Maple Rest","3.9","15","Home health care service","59 N Maple Ave, East Orange, NJ 07017, United States","","","https://www.google.com/maps/place/Maple+Rest/data=!4m7!3m6!1s0x89c254ba64ff121d:0x6ed5072bd9c733e9!8m2!3d40.7596675!4d-74.2049727!16s%2Fg%2F11bwhb8jd0!19sChIJHRL_ZLpUwokR6TPH2SsH1W4?authuser=0&hl=en&rclk=1"
"POMCARE","","","Home health care service","","http://www.pomcare.net/","+1 216-998-2987","https://www.google.com/maps/place/POMCARE/data=!4m7!3m6!1s0x29b2c4561929f291:0xb2eede138be1d583!8m2!3d46.423669!4d-129.9427086!16s%2Fg%2F11sjdvhht4!19sChIJkfIpGVbEsikRg9XhixPe7rI?authuser=0&hl=en&rclk=1"
"Greenwich HomeCare","4.7","24","Home health care service","7 Benedict Pl, Greenwich, CT 06830, United States","http://www.greenwichhomecare.com/","+1 203-489-2790","https://www.google.com/maps/place/Greenwich+HomeCare/data=!4m7!3m6!1s0x89c298485a32d0e7:0xdc9ff8f91cf533f!8m2!3d41.0274082!4d-73.6275659!16s%2Fg%2F11fx_5dczt!19sChIJ59AyWkiYwokRP1PPkY__yQ0?authuser=0&hl=en&rclk=1"
"Acti-Kare Senior & Home Care of Greenwich, CT","5.0","1","Home health care service","","https://actikare.com/stamford-ct/","+1 475-206-0300","https://www.google.com/maps/place/Acti-Kare+Senior+%26+Home+Care+of+Greenwich,+CT/data=!4m7!3m6!1s0x89c2990ea15ac0cb:0x8c6501d798fafb38!8m2!3d41.068359!4d-73.55359!16s%2Fg%2F11h7g20qgk!19sChIJy8BaoQ6ZwokROPv6mNcBZYw?authuser=0&hl=en&rclk=1"
"Caring Hands Home Care","4.1","10","Home health care service","263 Blue Point Ave, Blue Point, NY 11715, United States","https://www.chhc1.com/","+1 866-794-1644","https://www.google.com/maps/place/Caring+Hands+Home+Care/data=!4m7!3m6!1s0x89e849751b1054cd:0xaec2b45160a90814!8m2!3d40.7531822!4d-73.03785!16s%2Fg%2F11bz_28www!19sChIJzVQQG3VJ6IkRFAipYFG0wq4?authuser=0&hl=en&rclk=1"
"CDPAP","3.3","7","Home health care service","626 Sheepshead Bay Rd #111, Brooklyn, NY 11224, United States","https://www.health.ny.gov/health_care/medicaid/program/longterm/cdpap.htm","+1 718-808-9186","https://www.google.com/maps/place/CDPAP/data=!4m7!3m6!1s0x89c2456a2f798859:0x5a15ad6f24ad279e!8m2!3d40.5788678!4d-73.9753481!16s%2Fg%2F11qp42zy1z!19sChIJWYh5L2pFwokRnietJG-tFVo?authuser=0&hl=en&rclk=1"
"Joyful Home Care","4.0","30","Home health care service","1344 Middle Country Rd, Centereach, NY 11720, United States","http://joyfulhomecare.com/","+1 631-737-1000","https://www.google.com/maps/place/Joyful+Home+Care/data=!4m7!3m6!1s0x89e8470c0b77a5e5:0x119c9a7d71104369!8m2!3d40.8617945!4d-73.0597286!16s%2Fg%2F11b6hmlm4t!19sChIJ5aV3CwxH6IkRaUMQcX2anBE?authuser=0&hl=en&rclk=1"
"The Fountains Home Care","","","Home health care service","","http://thefountainshomecare.com/","+1 203-524-9648","https://www.google.com/maps/place/The+Fountains+Home+Care/data=!4m7!3m6!1s0x2fdd001546c86e67:0x42e68db0c5314756!8m2!3d41.3088865!4d-73.363661!16s%2Fg%2F11sjczhrtk!19sChIJZ27IRhUA3S8RVkcxxbCN5kI?authuser=0&hl=en&rclk=1"
"Advantage Home Care, LLC","","","Home health care service","","http://www.theadvantagehomecare.com/","+1 203-504-9700","https://www.google.com/maps/place/Advantage+Home+Care,+LLC/data=!4m7!3m6!1s0x298ea7f8d2f70a7d:0x5572e2bb6675af29!8m2!3d41.1169824!4d-76.1535438!16s%2Fg%2F11khy6lpmb!19sChIJfQr30vinjikRKa91ZrviclU?authuser=0&hl=en&rclk=1"
"Serendipity Companion Home Care","","","Hospice","","","+1 631-257-3078","https://www.google.com/maps/place/Serendipity+Companion+Home+Care/data=!4m7!3m6!1s0x89e8417dcb7a1ca5:0xadf22e249c50833d!8m2!3d41.1005475!4d-72.8803876!16s%2Fg%2F11c20c7_4t!19sChIJpRx6y31B6IkRPYNQnCQu8q0?authuser=0&hl=en&rclk=1"
"YUR Health - Mobile IV Drip Therapy","5.0","72","Home health care service","","http://www.yurhealth.org/","+1 516-675-4411","https://www.google.com/maps/place/YUR+Health+-+Mobile+IV+Drip+Therapy/data=!4m7!3m6!1s0x29033a1b398750b9:0x3c2f206d1fd4c619!8m2!3d40.8938931!4d-73.0182904!16s%2Fg%2F11tsmbv2ww!19sChIJuVCHORs6AykRGcbUH20gLzw?authuser=0&hl=en&rclk=1"
"Bayshore Home Healthcare","2.0","3","Home health care service","55 E Main St, Bay Shore, NY 11706, United States","http://bayshorehhc.com/","+1 631-647-9020","https://www.google.com/maps/place/Bayshore+Home+Healthcare/data=!4m7!3m6!1s0x89e832f6af9fce51:0x56125abf2252f5eb!8m2!3d40.722732!4d-73.2466652!16s%2Fg%2F11c1vj414r!19sChIJUc6fr_Yy6IkR6_VSIr9aElY?authuser=0&hl=en&rclk=1"
"Senior Helpers of Central Long Island","4.8","20","Home health care service","115 Newbridge Rd, Hicksville, NY 11801, United States","https://www.seniorhelpers.com/ny/long-island/central?utm_source=google&utm_medium=organic&utm_campaign=gmb","+1 516-750-0035","https://www.google.com/maps/place/Senior+Helpers+of+Central+Long+Island/data=!4m7!3m6!1s0x89c2857a1a2b2a2f:0xe1945f010639a95!8m2!3d40.7635704!4d-73.5269677!16s%2Fg%2F1vb9d_0g!19sChIJLyorGnqFwokRlZpjEPBFGQ4?authuser=0&hl=en&rclk=1"
"Nurturing Hands Homecare","5.0","7","Home health care service","","https://nurturinghands.agency/","+1 203-212-3221","https://www.google.com/maps/place/Nurturing+Hands+Homecare/data=!4m7!3m6!1s0x8f3ca742de2c15:0x8302d898a7a6e10f!8m2!3d41.184746!4d-73.1990064!16s%2Fg%2F11sqwn6smz!19sChIJFSzeQqc8jwARD-Gmp5jYAoM?authuser=0&hl=en&rclk=1"
"VNS Health","2.6","25","Home health care service","220 E 42nd St, New York, NY 10017, United States","https://www.vnshealth.org/","+1 800-675-0391","https://www.google.com/maps/place/VNS+Health/data=!4m7!3m6!1s0x89c258eb9ef77b89:0x40c702ef1eaebd10!8m2!3d40.7496172!4d-73.97318!16s%2Fg%2F1263qm0fl!19sChIJiXv3nutYwokREL2uHu8Cx0A?authuser=0&hl=en&rclk=1"
"A1 Essential Home Care LLC","5.0","1","Home health care service","","","","https://www.google.com/maps/place/A1+Essential+Home+Care+LLC/data=!4m7!3m6!1s0x89e81f9b354ee8fd:0xe68033c48094d122!8m2!3d46.423669!4d-129.9427086!16s%2Fg%2F11kn3jbpyc!19sChIJ_ehONZsf6IkRItGUgMQzgOY?authuser=0&hl=en&rclk=1"
"All In Home Care Services","5.0","8","Home health care service","","https://allinhomecare.org/","+1 203-727-5532","https://www.google.com/maps/place/All+In+Home+Care+Services/data=!4m7!3m6!1s0x89e80fda180a5a7f:0x9aef3f1906a0b139!8m2!3d41.3075854!4d-72.888803!16s%2Fg%2F11f7r1jv_1!19sChIJf1oKGNoP6IkRObGgBhk_75o?authuser=0&hl=en&rclk=1"
"Attentive Care","5.0","4","Home health care service","55 N Broadway # 106, Hicksville, NY 11801, United States","http://www.attentivecareservices.com/","+1 516-822-2080","https://www.google.com/maps/place/Attentive+Care/data=!4m7!3m6!1s0x89c2811d05cd51e7:0x827b9f02b5fdaaad!8m2!3d40.7698955!4d-73.5259247!16s%2Fg%2F1w96hnw3!19sChIJ51HNBR2BwokRrar9tQKfe4I?authuser=0&hl=en&rclk=1"
"Allegiant Home Care","4.3","9","Home health care service","4250 Veterans Memorial Hwy Suite 2040W, Holbrook, NY 11741, United States","https://allegiant-homecare.com/","+1 631-476-3600","https://www.google.com/maps/place/Allegiant+Home+Care/data=!4m7!3m6!1s0x89e837e76dca7777:0xa61dca506c550ac6!8m2!3d40.7818169!4d-73.0927496!16s%2Fg%2F11fsvxpm99!19sChIJd3fKbec36IkRxgpVbFDKHaY?authuser=0&hl=en&rclk=1"
"CDPAP New York State","5.0","12","Home health care service","958 Nostrand Ave, Brooklyn, NY 11225, United States","https://cdpaphc.com/","+1 718-395-6329","https://www.google.com/maps/place/CDPAP+New+York+State/data=!4m7!3m6!1s0x89c25b54986474f3:0x92fbb81e746d0a93!8m2!3d40.6650884!4d-73.9511934!16s%2Fg%2F11nx68tr4_!19sChIJ83RkmFRbwokRkwptdB64-5I?authuser=0&hl=en&rclk=1"
"Best Choice Homecare Inc","","","Home health care service","","","+1 203-360-5946","https://www.google.com/maps/place/Best+Choice+Homecare+Inc/data=!4m7!3m6!1s0x89e80e8ac9a304a5:0x3900f432ccdf926!8m2!3d41.184746!4d-73.1990064!16s%2Fg%2F12630tdsp!19sChIJpQSjyYoO6IkRJvnNLEMPkAM?authuser=0&hl=en&rclk=1"
"Sickday Medical House Calls","5.0","70","Home health care service","301 E 75th St, New York, NY 10021, United States","https://sickday.com/","+1 212-742-5329","https://www.google.com/maps/place/Sickday+Medical+House+Calls/data=!4m7!3m6!1s0x89c258c0a7fb5e21:0xf2c486d9aa327d76!8m2!3d40.7708017!4d-73.956488!16s%2Fg%2F1tkbz3w_!19sChIJIV77p8BYwokRdn0yqtmGxPI?authuser=0&hl=en&rclk=1"
"Hallmark Homecare","4.5","15","Home health care service","174 Soundview Dr, Rocky Point, NY 11778, United States","http://www.hallmarkhomecare.com/suffolk","+1 631-849-8101","https://www.google.com/maps/place/Hallmark+Homecare/data=!4m7!3m6!1s0x89e83fc050701c2d:0xd61ce6791e8905ab!8m2!3d40.9621079!4d-72.928639!16s%2Fg%2F11gxgzvct_!19sChIJLRxwUMA_6IkRqwWJHnnmHNY?authuser=0&hl=en&rclk=1"
"Royal Homecare Solutions, LLC","5.0","7","Home health care service","1266 E Main St Suite 700R, Stamford, CT 06902, United States","https://royalhomecaresolutions.com/","+1 203-904-3733","https://www.google.com/maps/place/Royal+Homecare+Solutions,+LLC/data=!4m7!3m6!1s0x89c2a10e5a9f583b:0xbc7a951e0e4fcbf6!8m2!3d41.0603057!4d-73.5096827!16s%2Fg%2F11sctmx0jy!19sChIJO1ifWg6hwokR9stPDh6Verw?authuser=0&hl=en&rclk=1"
"Peconic Senior Care","","","Home health care service","","http://peconiccare.com/","+1 631-734-2583","https://www.google.com/maps/place/Peconic+Senior+Care/data=!4m7!3m6!1s0x89e891860dd24b3b:0x2229d366d5ed5fd6!8m2!3d41.0436499!4d-72.4744294!16s%2Fg%2F11fmy3g802!19sChIJO0vSDYaR6IkR1l_t1WbTKSI?authuser=0&hl=en&rclk=1"
"Delight Home Care LLC","","","Home health care service","","http://delighthomecarect.com/","+1 203-275-7120","https://www.google.com/maps/place/Delight+Home+Care+LLC/data=!4m7!3m6!1s0x87411e101bfe1511:0x1c0b5fc2a70abe78!8m2!3d41.2448484!4d-73.1887549!16s%2Fg%2F11tk5xvj33!19sChIJERX-GxAeQYcReL4Kp8JfCxw?authuser=0&hl=en&rclk=1"
"Hillary & Heather's Homecare Services","","","Home health care service","","https://hillaryandheathershomecareserv.godaddysites.com/","+1 860-803-4015","https://www.google.com/maps/place/Hillary+%26+Heather%27s+Homecare+Services/data=!4m7!3m6!1s0x89e7e3513aaf6e91:0x150f2014b5190ba9!8m2!3d41.3862245!4d-73.3671155!16s%2Fg%2F11qnkxhpk9!19sChIJkW6vOlHj54kRqQsZtRQgDxU?authuser=0&hl=en&rclk=1"
"Shy's Home Care Services","","","Home health care service","","","+1 203-572-6389","https://www.google.com/maps/place/Shy%27s+Home+Care+Services/data=!4m7!3m6!1s0x89e81f2e6671397d:0x15fcbd7aa6b21ce4!8m2!3d41.3088865!4d-73.363661!16s%2Fg%2F11h18ct_d6!19sChIJfTlxZi4f6IkR5Byypnq9_BU?authuser=0&hl=en&rclk=1"
"Devine Hands Home Care","5.0","2","Home health care service","","","+1 877-309-3354","https://www.google.com/maps/place/Devine+Hands+Home+Care/data=!4m7!3m6!1s0x89e80f3bd7f08931:0x6de39835047d9499!8m2!3d42.7462195!4d-75.7700406!16s%2Fg%2F11j8tb3kjc!19sChIJMYnw1zsP6IkRmZR9BDWY420?authuser=0&hl=en&rclk=1"
"SI HomeCare Agency","4.1","9","Home health care service","74365 Main Rd #1, Greenport, NY 11944, United States","http://www.sihomecare.com/","+1 631-333-2077","https://www.google.com/maps/place/SI+HomeCare+Agency/data=!4m7!3m6!1s0x89e8989c83950263:0xa31561f06443d51e!8m2!3d41.0990905!4d-72.3755718!16s%2Fg%2F11b76cmhzy!19sChIJYwKVg5yY6IkRHtVDZPBhFaM?authuser=0&hl=en&rclk=1"
"Preferred Home Care of New York - Westchester County","4.2","22","Home health care service","19 Court St Suite 403, White Plains, NY 10601, United States","https://preferredhcny.com/","+1 914-340-3200","https://www.google.com/maps/place/Preferred+Home+Care+of+New+York+-+Westchester+County/data=!4m7!3m6!1s0x89c29548b003b919:0x58272faf5b84746a!8m2!3d41.0320206!4d-73.7673531!16s%2Fg%2F11h3g9s6v6!19sChIJGbkDsEiVwokRanSEW68vJ1g?authuser=0&hl=en&rclk=1"
"Blessings Home Care","5.0","5","Home health care service","","https://www.blessingshomecarect.com/","+1 203-601-0785","https://www.google.com/maps/place/Blessings+Home+Care/data=!4m7!3m6!1s0x8c378c67bbe639a7:0xe3ab493e13c94c44!8m2!3d41.500727!4d-72.757507!16s%2Fg%2F11lcbh9nsw!19sChIJpznmu2eMN4wRREzJEz5Jq-M?authuser=0&hl=en&rclk=1"
"Adult & Pediatric NP House Calls","5.0","97","Doctor","","https://apnphousecalls.com/","+1 516-725-5853","https://www.google.com/maps/place/Adult+%26+Pediatric+NP+House+Calls/data=!4m7!3m6!1s0x89c2855830e03287:0xb537d283bc1b6fb8!8m2!3d40.915446!4d-72.8083298!16s%2Fg%2F11h8ht78_d!19sChIJhzLgMFiFwokRuG8bvIPSN7U?authuser=0&hl=en&rclk=1"
"Catholic Health Homecare","2.9","29","Hospital","110 Bi County Blvd #114, Farmingdale, NY 11735, United States","https://www.catholichealthli.org/catholic-health-home-care?utm_medium=yext&utm_source=gmb","+1 631-828-7400","https://www.google.com/maps/place/Catholic+Health+Homecare/data=!4m7!3m6!1s0x89c27b540d791d07:0x88e86b32f9c874a5!8m2!3d40.7268524!4d-73.4294281!16s%2Fg%2F1thfgc9p!19sChIJBx15DVR7wokRpXTI-TJr6Ig?authuser=0&hl=en&rclk=1"
"Payingitforwardhomecareagency","","","Home health care service","","","+1 203-290-4315","https://www.google.com/maps/place/Payingitforwardhomecareagency/data=!4m7!3m6!1s0x89e80f74bc1fe4eb:0x44d83198e6328c05!8m2!3d41.1724248!4d-73.2782927!16s%2Fg%2F11h7r3djm6!19sChIJ6-QfvHQP6IkRBYwy5pgx2EQ?authuser=0&hl=en&rclk=1"
"Wayhomecare","","","Home health care service","","http://wayhomecare.com/","+1 203-243-6791","https://www.google.com/maps/place/Wayhomecare/data=!4m7!3m6!1s0x2a740f4afda1e4f5:0xa3ca37639e7af350!8m2!3d41.3088865!4d-73.127838!16s%2Fg%2F11sbwzw4f7!19sChIJ9eSh_UoPdCoRUPN6nmM3yqM?authuser=0&hl=en&rclk=1"
"Ropes 2 Hope Home Care Coaching & Resources","5.0","1","Home health care service","","https://ropes2hope.com/","","https://www.google.com/maps/place/Ropes+2+Hope+Home+Care+Coaching+%26+Resources/data=!4m7!3m6!1s0x89e7ff6fed266e65:0xe535eba5035b8160!8m2!3d46.423669!4d-129.9427086!16s%2Fg%2F11gmyx7_cn!19sChIJZW4m7W__54kRYIFbA6XrNeU?authuser=0&hl=en&rclk=1"
"Sentara Home Care Services","5.0","2","Home health care service","154 Burnetts Way Ste 102, Suffolk, VA 23434, United States","https://www.sentara.com/hospitalslocations/sentara-home-care-suffolk","+1 757-983-1900","https://www.google.com/maps/place/Sentara+Home+Care+Services/data=!4m7!3m6!1s0x89b00e8d44f7f533:0x98ac796589acac76!8m2!3d36.7691973!4d-76.5822166!16s%2Fg%2F1t_wq6ww!19sChIJM_X3RI0OsIkRdqysiWV5rJg?authuser=0&hl=en&rclk=1"
"LiceDoctors Lice Treatment and Lice Removal Long Island -Freeport, Oceanside, Rockville Centre","4.2","5","Home health care service","","https://www.licedoctors.com/locations/freeport-and-merrick?utm_source=GBP&utm_medium=organic&utm_campaign=Freeport_website","+1 516-324-2800","https://www.google.com/maps/place/LiceDoctors+Lice+Treatment+and+Lice+Removal+Long+Island+-Freeport,+Oceanside,+Rockville+Centre/data=!4m7!3m6!1s0x89c27fbfdc7bd063:0xbc94c0120e51a8d3!8m2!3d40.6592809!4d-73.5051319!16s%2Fg%2F11gwlljv0m!19sChIJY9B73L9_wokR06hRDhLAlLw?authuser=0&hl=en&rclk=1"
"Bon Secours Home Health & Hospice - Suffolk","4.0","1","Home health care service","7007 Harbour View Blvd Suite 114, Suffolk, VA 23435, United States","https://www.bonsecours.com/locations/specialty-locations/home-health/bon-secours-home-health-suffolk?utm_source=google&utm_medium=organic&utm_content=local_website_link","+1 757-889-4663","https://www.google.com/maps/place/Bon+Secours+Home+Health+%26+Hospice+-+Suffolk/data=!4m7!3m6!1s0x89baa2119b8a4d49:0xe9d92e0d61c09f04!8m2!3d36.8931534!4d-76.4374533!16s%2Fg%2F1vljh74c!19sChIJSU2KmxGiuokRBJ_AYQ0u2ek?authuser=0&hl=en&rclk=1"
"Enotive Home Care","5.0","1","Home health care service","","","+1 203-202-8022","https://www.google.com/maps/place/Enotive+Home+Care/data=!4m7!3m6!1s0x89e80722907cfae7:0x780f18be7573f19c!8m2!3d41.4552875!4d-73.195706!16s%2Fg%2F11jlgv6n7r!19sChIJ5_p8kCIH6IkRnPFzdb4YD3g?authuser=0&hl=en&rclk=1"
"Home & Heart LLC.","5.0","1","Home health care service","525 E Pinner St, Suffolk, VA 23434, United States","https://homeheart.net/","+1 757-374-4927","https://www.google.com/maps/place/Home+%26+Heart+LLC./data=!4m7!3m6!1s0x89b00f8eab2761ed:0xe411b94ddcf2237d!8m2!3d36.7383109!4d-76.5679862!16s%2Fg%2F11y2jz00dv!19sChIJ7WEnq44PsIkRfSPy3E25EeQ?authuser=0&hl=en&rclk=1"
"Home Care Services Of Suffolk","3.0","1","Home health care service","106 Oakdale Terrace, Suffolk, VA 23434, United States","","","https://www.google.com/maps/place/Home+Care+Services+Of+Suffolk/data=!4m7!3m6!1s0x89b00f1225cac21d:0xc0c765bb16c3a755!8m2!3d36.7312687!4d-76.5818452!16s%2Fg%2F11cs2hdhz5!19sChIJHcLKJRIPsIkRVafDFrtlx8A?authuser=0&hl=en&rclk=1"
"Drip Hydration - Mobile IV Therapy - Long Island","3.0","1","Local medical services","","https://driphydration.com/coverage-areas/long-island/","+1 917-781-2070","https://www.google.com/maps/place/Drip+Hydration+-+Mobile+IV+Therapy+-+Long+Island/data=!4m7!3m6!1s0x844f6467321827ff:0x43f4bba1bcc36e97!8m2!3d40.8521095!4d-72.9490754!16s%2Fg%2F11t3n8vh3n!19sChIJ_ycYMmdkT4QRl27DvKG79EM?authuser=0&hl=en&rclk=1"
"Home Instead","4.6","14","Home health care service","2000 N Hillpoint Blvd, Suffolk, VA 23434, United States","https://www.homeinstead.com/location/712?utm_source=google&utm_medium=organic&utm_campaign=gmb","+1 757-364-0181","https://www.google.com/maps/place/Home+Instead/data=!4m7!3m6!1s0x89b00e10fe1f7a59:0x60e66dd4d77fbd99!8m2!3d36.7844676!4d-76.582178!16s%2Fg%2F1tdc1j2d!19sChIJWXof_hAOsIkRmb1_19Rt5mA?authuser=0&hl=en&rclk=1"
"Comfort Care In Home Services","4.5","12","Home health care service","201 Market St, Suffolk, VA 23434, United States","http://www.comfortcareva.com/","+1 757-923-2980","https://www.google.com/maps/place/Comfort+Care+In+Home+Services/data=!4m7!3m6!1s0x89b00f0d8c03e085:0x95708f464a6c6f7a!8m2!3d36.7300577!4d-76.5840103!16s%2Fg%2F1s04c82k9!19sChIJheADjA0PsIkRem9sSkaPcJU?authuser=0&hl=en&rclk=1"
"Mount Sinai Doctors - Five Towns","2.5","45","Home health care service","1436 Broadway, Hewlett, NY 11557, United States","http://www.mountsinaidoctors.org/fivetowns/?utm_source=Yext&utm_medium=local_listing&utm_campaign=network&y_source=1_MTEyMzk3NjctNzE1LWxvY2F0aW9uLndlYnNpdGU%3D","+1 516-563-7200","https://www.google.com/maps/place/Mount+Sinai+Doctors+-+Five+Towns/data=!4m7!3m6!1s0x89c265fe803bc1d3:0x14660b009ad4ddbe!8m2!3d40.6425442!4d-73.6973413!16s%2Fg%2F11bbrjmslw!19sChIJ08E7gP5lwokRvt3UmgALZhQ?authuser=0&hl=en&rclk=1"
"Home Advantage Rehabilitation Solutions","5.0","1","Physical therapist","","https://homeadvantagerehab.com/","+1 516-459-9439","https://www.google.com/maps/place/Home+Advantage+Rehabilitation+Solutions/data=!4m7!3m6!1s0xfbc614e01b1d583:0x532bd07c76fcf0b!8m2!3d46.423669!4d-129.9427086!16s%2Fg%2F11q8vq7mwn!19sChIJg9WxAU5hvA8RC89vxwe9MgU?authuser=0&hl=en&rclk=1"
"Lovin Care Home Health Services LLC","3.0","2","Home health care service","707 Gittings St # 140, Suffolk, VA 23434, United States","","+1 757-923-4437","https://www.google.com/maps/place/Lovin+Care+Home+Health+Services+LLC/data=!4m7!3m6!1s0x89b00fa00c677071:0x949c06d5df591423!8m2!3d36.7292!4d-76.595504!16s%2Fg%2F1tdcxzfm!19sChIJcXBnDKAPsIkRIxRZ39UGnJQ?authuser=0&hl=en&rclk=1"