Name,Rating,Reviews,Category,Address,Website,Phone,Url
"Home Helpers Home Care of Mineola, NY",4.6,24,Home health care service,,https://www.homehelpershomecare.com/mineola-ny/,+1 516-344-8811,"https://www.google.com/maps/place/Home+Helpers+Home+Care+of+Mineola,+NY/data=!4m7!3m6!1s0x89c263729c021251:0xe1b05073eef106a3!8m2!3d40.7114289!4d-73.7053535!16s%2Fg%2F11fm_461vz!19sChIJURICnHJjwokRowbx7nNQsOE?authuser=0&hl=en&rclk=1"
North Shore Home Care,3.3,7,Home health care service,"972 Brush Hollow Rd, Westbury, NY 11590, United States",https://profiles.health.ny.gov/home_care/view/14035,+1 516-876-5300,https://www.google.com/maps/place/North+Shore+Home+Care/data=!4m7!3m6!1s0x89c286d57a8c5327:0xafa286518768d858!8m2!3d40.7730512!4d-73.5613625!16s%2Fg%2F1264jvwjx!19sChIJJ1OMetWGwokRWNhoh1GGoq8?authuser=0&hl=en&rclk=1
Galaxy Home Care of Nassau County,,,Home health care service,"175 Fulton Ave Suite 202, Hempstead, NY 11550, United States",https://galaxyhomecareny.com/nassau/?utm_source=google&utm_medium=organic&utm_campaign=google-maps,+1 516-708-0900,https://www.google.com/maps/place/Galaxy+Home+Care+of+Nassau+County/data=!4m7!3m6!1s0x89c27dab8982a925:0xd73891fe0449598e!8m2!3d40.7078642!4d-73.6295536!16s%2Fg%2F11jz13srpx!19sChIJJamCiat9wokRjllJBP6RONc?authuser=0&hl=en&rclk=1
Homewatch CareGivers of Nassau County,4.8,39,Home health care service,"68 E Marie St, Hicksville, NY 11801, United States",https://www.homewatchcaregivers.com/nassau-county/?utm_source=GMB&utm_medium=organic&utm_campaign=hicksville,+1 516-217-8506,https://www.google.com/maps/place/Homewatch+CareGivers+of+Nassau+County/data=!4m7!3m6!1s0x89c287169c1993b3:0x39254ae8ed43bebd!8m2!3d40.7682451!4d-73.5207931!16s%2Fg%2F1ydpk9btn!19sChIJs5MZnBaHwokRvb5D7ehKJTk?authuser=0&hl=en&rclk=1
"Universal Care NY, LLC",5.0,15,Home health care service,,https://www.universalcareny.com/,+1 516-368-4799,"https://www.google.com/maps/place/Universal+Care+NY,+LLC/data=!4m7!3m6!1s0xa573a7b58afda4b1:0x6dce46899c3f972e!8m2!3d40.9000905!4d-72.9123639!16s%2Fg%2F11q2ss8_vt!19sChIJsaT9irWnc6URLpc_nIlGzm0?authuser=0&hl=en&rclk=1"
Generations Home Care,4.5,6,Home health care service,"246 Mineola Blvd Suite 104B, Mineola, NY 11501, United States",http://generationshomecareny.com/,+1 516-849-1226,https://www.google.com/maps/place/Generations+Home+Care/data=!4m7!3m6!1s0x89c27b5304060481:0xdc8e6335c78d9faa!8m2!3d40.7471895!4d-73.6428823!16s%2Fg%2F11fnr7whpt!19sChIJgQQGBFN7wokRqp-NxzVjjtw?authuser=0&hl=en&rclk=1
"Jzanus Home Care, Inc.",4.7,89,Home health care service,"170 Jericho Turnpike, Floral Park, NY 11001, United States",https://jzanushomecare.com/,+1 516-437-4747,"https://www.google.com/maps/place/Jzanus+Home+Care,+Inc./data=!4m7!3m6!1s0x89c2625911871e13:0xcb9f687cebcf27db!8m2!3d40.7282374!4d-73.7046832!16s%2Fg%2F1thcnp_l!19sChIJEx6HEVliwokR2yfP63xon8s?authuser=0&hl=en&rclk=1"
HomeCare Live Inc.,,,Home health care service,,http://homecaregood.com/,+1 516-856-7199,https://www.google.com/maps/place/HomeCare+Live+Inc./data=!4m7!3m6!1s0x4942d27dc25d0345:0xdbec3e89bd5c8762!8m2!3d40.6334684!4d-73.6405794!16s%2Fg%2F11sghz6rnf!19sChIJRQNdwn3SQkkRYodcvYk-7Ns?authuser=0&hl=en&rclk=1
Right at Home,4.1,8,Home health care service,"400 Post Ave Ste 302, Westbury, NY 11590, United States",https://www.rightathome.net/north-shore-long-island/?utm_source=google&utm_medium=local&utm_campaign=localmaps&utm_content=1219,+1 516-513-1070,https://www.google.com/maps/place/Right+at+Home/data=!4m7!3m6!1s0x89c280e088cfb9e1:0x70c04ce88b5c2b12!8m2!3d40.7627324!4d-73.5863515!16s%2Fg%2F1q6kk5bx_!19sChIJ4bnPiOCAwokREitci-hMwHA?authuser=0&hl=en&rclk=1
Iris Home Care,5.0,6,Home health care service,,https://irishomecareny.com/,+1 631-245-7565,https://www.google.com/maps/place/Iris+Home+Care/data=!4m7!3m6!1s0x65b1b220bce4712b:0xc9d22cf863158d9b!8m2!3d40.9000905!4d-72.9098014!16s%2Fg%2F11y3dx1m2x!19sChIJK3HkvCCysWURm40VY_gs0sk?authuser=0&hl=en&rclk=1
Right at Home,4.1,35,Home health care service,"754 Old Country Rd, Plainview, NY 11803, United States",https://www.rightathome.net/nassau-suffolk/?utm_source=google&utm_medium=local&utm_campaign=localmaps&utm_content=1390,+1 516-719-5999,https://www.google.com/maps/place/Right+at+Home/data=!4m7!3m6!1s0x89c281c518fbcb0b:0x810ae13418b234f7!8m2!3d40.7732672!4d-73.4868954!16s%2Fg%2F1q6cb9lwx!19sChIJC8v7GMWBwokR9zSyGDThCoE?authuser=0&hl=en&rclk=1
TLC Companions Home Care,4.8,72,Home health care service,"332 Broadway, Bethpage, NY 11714, United States",http://tlccompanions.com/,+1 516-719-0909,https://www.google.com/maps/place/TLC+Companions+Home+Care/data=!4m7!3m6!1s0x89c28017d56a3f79:0x59a31543ecd4997d!8m2!3d40.7421905!4d-73.4794892!16s%2Fg%2F11c3k53kzx!19sChIJeT9q1ReAwokRfZnU7EMVo1k?authuser=0&hl=en&rclk=1
Elder Care Homecare Long Island,3.0,2,Home health care service,,https://www.eldercarehomecare.com/service-areas/long-island-new-york,+1 914-268-6221,https://www.google.com/maps/place/Elder+Care+Homecare+Long+Island/data=!4m7!3m6!1s0x89c28f27ebc4bddb:0x4d211730886d53ad!8m2!3d40.915446!4d-75.4411364!16s%2Fg%2F11lkw_4_rx!19sChIJ273E6yePwokRrVNtiDAXIU0?authuser=0&hl=en&rclk=1
Home Instead,4.0,14,Home health care service,"19 Merrick Ave #201, Merrick, NY 11566, United States",https://www.homeinstead.com/location/236?utm_source=google&utm_medium=organic&utm_campaign=gmb,+1 516-778-5316,https://www.google.com/maps/place/Home+Instead/data=!4m7!3m6!1s0x89c27ea1d50eea09:0xf7005dfcdb113f1a!8m2!3d40.6641861!4d-73.5525074!16s%2Fg%2F1tknlcb9!19sChIJCeoO1aF-wokRGj8R2_xdAPc?authuser=0&hl=en&rclk=1
Precious Pearls Home Health Care,4.8,27,Home health care service,"2570 N Jerusalem Rd, North Bellmore, NY 11710, United States",https://preciouspearlshomecare.com/,+1 516-221-4500,https://www.google.com/maps/place/Precious+Pearls+Home+Health+Care/data=!4m7!3m6!1s0x89c27fccf4add5a5:0x26bf2bba9f29de53!8m2!3d40.7058633!4d-73.539664!16s%2Fg%2F11gy7989nq!19sChIJpdWt9Mx_wokRU94pn7orvyY?authuser=0&hl=en&rclk=1
Friends for Life Homecare & Medicaid Consultants,5.0,29,Home health care service,"5501 Merrick Rd, Massapequa, NY 11758, United States",http://friendsforlifeny.com/,+1 516-614-5396,https://www.google.com/maps/place/Friends+for+Life+Homecare+%26+Medicaid+Consultants/data=!4m7!3m6!1s0x89e9d5902c2cc703:0x82d2df5741fee8e6!8m2!3d40.6689896!4d-73.4349623!16s%2Fg%2F113htw4hx!19sChIJA8csLJDV6YkR5uj-QVff0oI?authuser=0&hl=en&rclk=1
Lucine Homecare,,,Home health care service,"100 Duffy Ave Suite 510, Hicksville, NY 11801, United States",https://www.lucinehomecare.com/,+1 800-869-7604,https://www.google.com/maps/place/Lucine+Homecare/data=!4m7!3m6!1s0x6c5ec62f2972bda3:0xd840df79efe791f9!8m2!3d40.7662028!4d-73.5288128!16s%2Fg%2F11s_w0163_!19sChIJo71yKS_GXmwR-ZHn73nfQNg?authuser=0&hl=en&rclk=1
Sara Companion HomeCare Services,4.0,83,Home health care service,"201 E Merrick Rd Suite 5, Valley Stream, NY 11580, United States",https://www.saracompanions.com/,+1 516-837-3388,https://www.google.com/maps/place/Sara+Companion+HomeCare+Services/data=!4m7!3m6!1s0x89c2648f8fc63e55:0xdededc2338583e17!8m2!3d40.6633398!4d-73.691007!16s%2Fg%2F1tk6wv0j!19sChIJVT7Gj49kwokRFz5YOCPc3t4?authuser=0&hl=en&rclk=1
7 Day Home Care,5.0,14,Home health care service,"1979 Marcus Ave # E102, Lake Success, NY 11020, United States",http://7dayhomecare.com/,+1 516-461-3421,https://www.google.com/maps/place/7+Day+Home+Care/data=!4m7!3m6!1s0x89c289fed2e9d2af:0x579f50e57001d174!8m2!3d40.7552251!4d-73.6934286!16s%2Fg%2F11g0llk4xf!19sChIJr9Lp0v6JwokRdNEBcOVQn1c?authuser=0&hl=en&rclk=1
BrightStar Care,4.8,17,Home health care service,"136 Woodbury Rd #203, Woodbury, NY 11797, United States",https://www.brightstarcare.com/locations/north-shore-nassau-county/,+1 516-714-5463,https://www.google.com/maps/place/BrightStar+Care/data=!4m7!3m6!1s0x89e829d75d0a2913:0xf30a4487fd2a3285!8m2!3d40.828469!4d-73.4607324!16s%2Fg%2F1tj7fzxy!19sChIJEykKXdcp6IkRhTIq_YdECvM?authuser=0&hl=en&rclk=1
Brookville Home Care,5.0,13,Home health care service,"150 South St Floor 3, Oyster Bay, NY 11771, United States",https://brookvillehomecare.com/,+1 516-802-7722,https://www.google.com/maps/place/Brookville+Home+Care/data=!4m7!3m6!1s0x89c2838304899851:0x34c78cb520aa3145!8m2!3d40.8708961!4d-73.5315225!16s%2Fg%2F11jchxzz3y!19sChIJUZiJBIODwokRRTGqILWMxzQ?authuser=0&hl=en&rclk=1
SeniCare Plus,5.0,18,Home health care service,"1225 Franklin Ave Suite 325, Garden City, NY 11530, United States",http://www.senicareplus.com/,+1 866-936-8578,https://www.google.com/maps/place/SeniCare+Plus/data=!4m7!3m6!1s0x89c27d435ce9d5fb:0x68ad58dd1e804414!8m2!3d40.7337794!4d-73.6353479!16s%2Fg%2F11ckw28hlz!19sChIJ-9XpXEN9wokRFESAHt1YrWg?authuser=0&hl=en&rclk=1
Advantus Home Care,5.0,13,Aged care,"425 Northern Blvd, Great Neck, NY 11021, United States",https://www.advantushomecare.com/,+1 516-875-7555,https://www.google.com/maps/place/Advantus+Home+Care/data=!4m7!3m6!1s0x89c2891d8213aead:0xed03fbb71f8f92f4!8m2!3d40.7794147!4d-73.7231912!16s%2Fg%2F11v66m5z6v!19sChIJra4Tgh2JwokR9JKPH7f7A-0?authuser=0&hl=en&rclk=1
Effective Home Care Services,,,Home health care service,,http://sitehomecare.com/,+1 516-231-2010,https://www.google.com/maps/place/Effective+Home+Care+Services/data=!4m7!3m6!1s0xa242b2101ad7dd59:0x2ef80dcafb991d87!8m2!3d40.6549529!4d-73.534561!16s%2Fg%2F11rmq7zmpv!19sChIJWd3XGhCyQqIRhx2Z-8oN-C4?authuser=0&hl=en&rclk=1
TheKey by Home Care Assistance,4.3,15,Home health care service,"250 Fulton Ave Ste 207, Hempstead, NY 11550, United States",https://thekey.com/Nassau-County?utm_source=gmb&utm_medium=Yext,+1 516-788-8649,https://www.google.com/maps/place/TheKey+by+Home+Care+Assistance/data=!4m7!3m6!1s0x89c27d1137cbad8b:0xb55b02ae93362117!8m2!3d40.7075809!4d-73.6260714!16s%2Fg%2F11j7l7my36!19sChIJi63LNxF9wokRFyE2k64CW7U?authuser=0&hl=en&rclk=1
Taylor Made Homecare Agency LLC,5.0,1,Home health care service,"337 Hempstead Turnpike, West Hempstead, NY 11552, United States",https://taylormadehca.com/,+1 516-744-6156,https://www.google.com/maps/place/Taylor+Made+Homecare+Agency+LLC/data=!4m7!3m6!1s0x89c263e7fc8b5bfb:0x238f315a4c48dad5!8m2!3d40.7048332!4d-73.6516664!16s%2Fg%2F11jpywxsxp!19sChIJ-1uL_OdjwokR1dpITFoxjyM?authuser=0&hl=en&rclk=1
All Home Care Services,,,Home health care service,,https://homecaremakers.com/,+1 516-886-5838,https://www.google.com/maps/place/All+Home+Care+Services/data=!4m7!3m6!1s0x83cd28425937481:0x347723b957666721!8m2!3d40.6990934!4d-73.6208314!16s%2Fg%2F11rn8sv462!19sChIJgXSTJYTSPAgRIWdmV7kjdzQ?authuser=0&hl=en&rclk=1
Love To Care,5.0,3,Home health care service,"70 Sunrise Hwy, Valley Stream, NY 11581, United States",https://www.lovetocareathome.com/,+1 516-269-3211,https://www.google.com/maps/place/Love+To+Care/data=!4m7!3m6!1s0x89c2648bc7000001:0xcda88269e98e74ac!8m2!3d40.658572!4d-73.6970611!16s%2Fg%2F11ghr1f7v5!19sChIJAQAAx4tkwokRrHSO6WmCqM0?authuser=0&hl=en&rclk=1
Friends For Life Homecare & Medicaid Consultants,4.8,32,Home health care service,"1045 B Park Blvd, Massapequa Park, NY 11762, United States",http://www.friendsforlifeny.com/,+1 516-614-5396,https://www.google.com/maps/place/Friends+For+Life+Homecare+%26+Medicaid+Consultants/data=!4m7!3m6!1s0x89e9d5784221a90f:0x22dce8295c10abf8!8m2!3d40.6801984!4d-73.4551149!16s%2Fg%2F11g6lx8xsk!19sChIJD6khQnjV6YkR-KsQXCno3CI?authuser=0&hl=en&rclk=1
Homecare Therapies,4.9,8,Home health care service,"20 Jerusalem Ave, Hicksville, NY 11801, United States",https://www.homecaretherapies.com/,+1 516-719-3888,https://www.google.com/maps/place/Homecare+Therapies/data=!4m7!3m6!1s0x89c280e2be2dc35b:0xe3564e164b7b1d06!8m2!3d40.7669043!4d-73.5255588!16s%2Fg%2F1w666bdr!19sChIJW8MtvuKAwokRBh17SxZOVuM?authuser=0&hl=en&rclk=1
South Nassau Communities Hospital Certified Home Health Agency,,,Home health care service,"1000 S Oyster Bay Rd, Hicksville, NY 11801, United States",https://www.southnassau.org/sn/home-health-care,+1 516-377-5000,https://www.google.com/maps/place/South+Nassau+Communities+Hospital+Certified+Home+Health+Agency/data=!4m7!3m6!1s0x63fbaa62e15b80fd:0x466e9eb5be16d59b!8m2!3d40.7546887!4d-73.5030884!16s%2Fg%2F11sz2y4qy_!19sChIJ_YBb4WKq-2MRm9UWvrWebkY?authuser=0&hl=en&rclk=1
Dignity Home Care,5.0,2,Home health care service,"325 Duffy Ave, Hicksville, NY 11801, United States",https://www.sunriseseniorliving.com/care-services/home-care.aspx?utm_source=directory_listings,+1 516-222-6001,https://www.google.com/maps/place/Dignity+Home+Care/data=!4m7!3m6!1s0x89c27d708edb3743:0x27ce45f8142f0b82!8m2!3d40.760351!4d-73.544887!16s%2Fg%2F1jgltygr5!19sChIJQzfbjnB9wokRggsvFPhFzic?authuser=0&hl=en&rclk=1
Right at Home,4.9,18,Home health care service,"1111 Broadhollow Rd Ste 207, Farmingdale, NY 11735, United States",https://www.rightathome.net/south-shore-long-island/?utm_source=google&utm_medium=local&utm_campaign=localmaps&utm_content=1474,+1 631-815-5717,https://www.google.com/maps/place/Right+at+Home/data=!4m7!3m6!1s0x89e9d52e71dd6797:0x911aa70306e115b4!8m2!3d40.7088893!4d-73.4278497!16s%2Fg%2F11b7chbztw!19sChIJl2fdcS7V6YkRtBXhBgOnGpE?authuser=0&hl=en&rclk=1
"Caring People, Inc.",4.1,9,Home health care service,"375 N Broadway #209, Jericho, NY 11753, United States",https://www.caringpeople.com/,+1 516-833-1902,"https://www.google.com/maps/place/Caring+People,+Inc./data=!4m7!3m6!1s0x89c2816a87844e3d:0xe32a3171f856a89!8m2!3d40.7821022!4d-73.5316666!16s%2Fg%2F1ptx72w6n!19sChIJPU6Eh2qBwokRiWqFHxejMg4?authuser=0&hl=en&rclk=1"
Allegiant Home Care,5.0,4,Home health care service,"1 Old Country Rd # 495, Carle Place, NY 11514, United States",https://allegiant-homecare.com/,+1 516-862-4600,https://www.google.com/maps/place/Allegiant+Home+Care/data=!4m7!3m6!1s0x89c2873beea7a0d7:0x2a47d4479871085c!8m2!3d40.7427887!4d-73.6216142!16s%2Fg%2F11rfcz7vcn!19sChIJ16Cn7juHwokRXAhxmEfURyo?authuser=0&hl=en&rclk=1
Elder Home Care,3.9,32,Home health care service,"215 E Main St #200, Huntington, NY 11743, United States",https://www.ehcus.com/service-areas/home-care-huntington/,+1 516-614-3667,https://www.google.com/maps/place/Elder+Home+Care/data=!4m7!3m6!1s0x89c281b92ad98595:0x1fcded9e31d72351!8m2!3d40.8821034!4d-73.393593!16s%2Fg%2F11h3bjq54h!19sChIJlYXZKrmBwokRUSPXMZ7tzR8?authuser=0&hl=en&rclk=1
Privatus Care Solutions,3.4,5,Home health care service,"1325 Franklin Ave Suite 375, Garden City, NY 11530, United States",http://www.privatuscare.com/,+1 516-253-2920,https://www.google.com/maps/place/Privatus+Care+Solutions/data=!4m7!3m6!1s0x89c27d7afeec7517:0x3d6092af32a0f412!8m2!3d40.7344733!4d-73.6356842!16s%2Fg%2F11glx3rb19!19sChIJF3Xs_np9wokREvSgMq-SYD0?authuser=0&hl=en&rclk=1
Freedom Care - CDPAP Agency Suffolk Office,4.8,648,Home health care service,"445 Broadhollow Rd #25, Melville, NY 11747, United States",https://freedomcare.com/,+1 718-989-3734,https://www.google.com/maps/place/Freedom+Care+-+CDPAP+Agency+Suffolk+Office/data=!4m7!3m6!1s0x89e82a34e6969ff1:0x43fae265b7537154!8m2!3d40.7752145!4d-73.4197939!16s%2Fg%2F11ggm4216h!19sChIJ8Z-W5jQq6IkRVHFTt2Xi-kM?authuser=0&hl=en&rclk=1
"Guardian Angel Home Care, LLC",5.0,1,Home health care service,,,+1 800-739-8837,"https://www.google.com/maps/place/Guardian+Angel+Home+Care,+LLC/data=!4m7!3m6!1s0x89c2876ab43fdd85:0x616b0c8cf0e0bbc6!8m2!3d40.7529144!4d-73.5818874!16s%2Fg%2F11c1x00vy2!19sChIJhd0_tGqHwokRxrvg8IwMa2E?authuser=0&hl=en&rclk=1"
HomeCare Progress Corp.,,,Home health care service,,http://redrivercare.com/,+1 347-897-9616,https://www.google.com/maps/place/HomeCare+Progress+Corp./data=!4m7!3m6!1s0xa986153b7a18b4f1:0x4dabc86d21c05442!8m2!3d40.6974881!4d-73.979681!16s%2Fg%2F11sn_3dg8y!19sChIJ8bQYejsVhqkRQlTAIW3Iq00?authuser=0&hl=en&rclk=1
Elder Home Care,,,Home health care service,"51 Crescent Rd, Port Washington, NY 11050, United States",https://www.ehcus.com/,+1 516-405-5910,https://www.google.com/maps/place/Elder+Home+Care/data=!4m7!3m6!1s0x89c28fec9d558599:0xbeca6e9c9c245e95!8m2!3d40.8345679!4d-73.6763615!16s%2Fg%2F11pkbk9j84!19sChIJmYVVneyPwokRlV4knJxuyr4?authuser=0&hl=en&rclk=1
Senior Helpers of Central Long Island,4.8,20,Home health care service,"115 Newbridge Rd, Hicksville, NY 11801, United States",https://www.seniorhelpers.com/ny/long-island/central?utm_source=google&utm_medium=organic&utm_campaign=gmb,+1 516-750-0035,https://www.google.com/maps/place/Senior+Helpers+of+Central+Long+Island/data=!4m7!3m6!1s0x89c2857a1a2b2a2f:0xe1945f010639a95!8m2!3d40.7635704!4d-73.5269677!16s%2Fg%2F1vb9d_0g!19sChIJLyorGnqFwokRlZpjEPBFGQ4?authuser=0&hl=en&rclk=1
AAA Prestige Home Care Services,5.0,1,Home health care service,"366 N Broadway, Jericho, NY 11753, United States",,+1 516-656-3477,https://www.google.com/maps/place/AAA+Prestige+Home+Care+Services/data=!4m7!3m6!1s0x89c28116fa80dd79:0xc4f615fde4dd9aa2!8m2!3d40.7818157!4d-73.5329393!16s%2Fg%2F1td48xc5!19sChIJed2A-haBwokRoprd5P0V9sQ?authuser=0&hl=en&rclk=1
"Home Helpers Home Care of Huntington, NY",4.9,36,Home health care service,,https://www.homehelpershomecare.com/huntington-ny/,+1 631-212-1717,"https://www.google.com/maps/place/Home+Helpers+Home+Care+of+Huntington,+NY/data=!4m7!3m6!1s0x89e829478c496eb3:0xe2448f96d145e6f6!8m2!3d40.8021056!4d-73.325137!16s%2Fg%2F11fkjpb70p!19sChIJs25JjEcp6IkR9uZF0ZaPROI?authuser=0&hl=en&rclk=1"
"Home Helpers Home Care of North Valley Stream, NY",4.8,22,Home health care service,,https://www.homehelpershomecare.com/north-valley-stream-ny/,+1 315-629-8351,"https://www.google.com/maps/place/Home+Helpers+Home+Care+of+North+Valley+Stream,+NY/data=!4m7!3m6!1s0x89c2650a0668866b:0x35bfa32146920b9d!8m2!3d40.6796059!4d-73.6932264!16s%2Fg%2F11hzznl678!19sChIJa4ZoBgplwokRnQuSRiGjvzU?authuser=0&hl=en&rclk=1"
Better Home Health Care,4.7,41,Home health care service,"202 Merrick Rd, Rockville Centre, NY 11570, United States",http://www.betterhomecare.com/?y_source=1_MTUzNTQ4ODAtNzE1LWxvY2F0aW9uLndlYnNpdGU%3D,+1 516-763-3260,https://www.google.com/maps/place/Better+Home+Health+Care/data=!4m7!3m6!1s0x89c27b4fc7ac0f4b:0xc102c7249cc54645!8m2!3d40.6566031!4d-73.6484548!16s%2Fg%2F1tf0rjxc!19sChIJSw-sx097wokRRUbFnCTHAsE?authuser=0&hl=en&rclk=1
Long Island Jewish Home Care,5.0,1,Home health care service,"1983 Marcus Ave # E139, New Hyde Park, NY 11042, United States",,+1 516-326-6500,https://www.google.com/maps/place/Long+Island+Jewish+Home+Care/data=!4m7!3m6!1s0x89c28828c51d672f:0x573deb5442607d85!8m2!3d40.756733!4d-73.6951279!16s%2Fg%2F1tgb88j9!19sChIJL2cdxSiIwokRhX1gQlTrPVc?authuser=0&hl=en&rclk=1
LUCINE HOMECARE,5.0,1,Home health care service,,http://lucinehomecare.com/,+1 800-869-7604,https://www.google.com/maps/place/LUCINE+HOMECARE/data=!4m7!3m6!1s0x360274a59e3761:0xac6378be740ab4c!8m2!3d40.922326!4d-72.6688166!16s%2Fg%2F11rd21gvst!19sChIJYTeepXQCNgARTKtA54s3xgo?authuser=0&hl=en&rclk=1
Cottage Home Care Services,4.6,127,Home health care service,,http://www.cottagehomecare.com/,+1 800-499-9963,https://www.google.com/maps/place/Cottage+Home+Care+Services/data=!4m7!3m6!1s0x89c2820a8609bb55:0xc177018b1d63c092!8m2!3d41.5068609!4d-72.9098014!16s%2Fg%2F1hc2tp2vs!19sChIJVbsJhgqCwokRksBjHYsBd8E?authuser=0&hl=en&rclk=1
STEPS Home Care,5.0,3,Home health care service,"1325 Franklin Ave Suite 255, Garden City, NY 11530, United States",https://stepshomecare.com/home-care-nassau-county?utm_source=gmb&utm_medium=Yext,+1 866-303-6589,https://www.google.com/maps/place/STEPS+Home+Care/data=!4m7!3m6!1s0x89c282574b7e6c8f:0x2dc65bc5b5b58a34!8m2!3d40.734473!4d-73.635684!16s%2Fg%2F11cnbsf58v!19sChIJj2x-S1eCwokRNIq1tcVbxi0?authuser=0&hl=en&rclk=1
HYMAN'S HOMECARE AGENCY LLC,5.0,1,Home health care service,"3601 Hempstead Tpke #203, Levittown, NY 11756, United States",https://www.seniorcareagencyny.com/,+1 516-520-0800,https://www.google.com/maps/place/HYMAN%27S+HOMECARE+AGENCY+LLC/data=!4m7!3m6!1s0x89c28078e3910001:0x5fde1f05234a8e5e!8m2!3d40.7265044!4d-73.503261!16s%2Fg%2F11f63xyt3m!19sChIJAQCR43iAwokRXo5KIwUf3l8?authuser=0&hl=en&rclk=1
A to Z HomeCare Services,,,Home health care service,,https://carehomeart.com/,+1 347-897-9398,https://www.google.com/maps/place/A+to+Z+HomeCare+Services/data=!4m7!3m6!1s0x8865c8baa3d79bc7:0x1e845234405ef04a!8m2!3d40.7632167!4d-73.7670678!16s%2Fg%2F11sm__r0zh!19sChIJx5vXo7rIZYgRSvBeQDRShB4?authuser=0&hl=en&rclk=1
VIP Health Care Services,4.0,5,Home health care service,"492 Jerusalem Ave, Uniondale, NY 11553, United States",,+1 516-292-9300,https://www.google.com/maps/place/VIP+Health+Care+Services/data=!4m7!3m6!1s0x89c27daceed01dd3:0x1a95aeaef82cafd6!8m2!3d40.701238!4d-73.5986038!16s%2Fg%2F1tj4cdlj!19sChIJ0x3Q7qx9wokR1q8s-K6ulRo?authuser=0&hl=en&rclk=1
Care Connection Home Care LLC,5.0,10,Home health care service,"1100 Wantagh Ave, Wantagh, NY 11793, United States",https://careconnectionhomecare.com/,+1 516-308-4633,https://www.google.com/maps/place/Care+Connection+Home+Care+LLC/data=!4m7!3m6!1s0x89c27f146e7a70ff:0xbca600772a43b96a!8m2!3d40.6964486!4d-73.5075295!16s%2Fg%2F11nn2mfykz!19sChIJ_3B6bhR_wokRarlDKncAprw?authuser=0&hl=en&rclk=1
Right at Home,5.0,2,Home health care service,"1527 Franklin Ave STE 302, Garden City, NY 11501, United States",https://www.rightathome.net/garden-city/?utm_source=google&utm_medium=local&utm_campaign=localmaps&utm_content=1279,+1 516-307-8070,https://www.google.com/maps/place/Right+at+Home/data=!4m7!3m6!1s0x89c27df93d54d965:0xcded5746bd63ef27!8m2!3d40.7382245!4d-73.6386143!16s%2Fg%2F11styj2k3c!19sChIJZdlUPfl9wokRJ-9jvUZX7c0?authuser=0&hl=en&rclk=1
"Axzons Homecare - CDPAS, CDPAP",3.8,10,Home health care service,"70 East Sunrise Hwy Suite 500, Valley Stream, NY 11581, United States",http://axzonshomecare.com/,+1 866-429-9667,"https://www.google.com/maps/place/Axzons+Homecare+-+CDPAS,+CDPAP/data=!4m7!3m6!1s0x89c26589dad7e883:0x1c4995cff6d02d19!8m2!3d40.6588585!4d-73.6970719!16s%2Fg%2F11ght29vgt!19sChIJg-jX2ollwokRGS3Q9s-VSRw?authuser=0&hl=en&rclk=1"
Atria Home Care,5.0,9,Home health care service,"200 Garden City Plaza Suite 222, Garden City, NY 11530, United States",http://www.atriahomecare.com/,+1 516-482-3705,https://www.google.com/maps/place/Atria+Home+Care/data=!4m7!3m6!1s0x89c289d665a5e4cb:0xccf33fb11d6ed2a!8m2!3d40.7375547!4d-73.61655!16s%2Fg%2F11fk18qv17!19sChIJy-SlZdaJwokRKu3WEfszzww?authuser=0&hl=en&rclk=1
Home Sweet Homecare NY,5.0,7,Home health care service,,,+1 914-804-2395,https://www.google.com/maps/place/Home+Sweet+Homecare+NY/data=!4m7!3m6!1s0x89c29308209a5e05:0x8eb46f9ac99689c!8m2!3d41.1191305!4d-73.7329966!16s%2Fg%2F11jfkcd161!19sChIJBV6aIAiTwokRnGiZrPlG6wg?authuser=0&hl=en&rclk=1
Family Always First Home Care,4.9,29,Home health care service,,http://fafhhc.com/,+1 718-650-3690,https://www.google.com/maps/place/Family+Always+First+Home+Care/data=!4m7!3m6!1s0x89c26ffb9b9b0661:0xa28920234ef8a313!8m2!3d41.8745021!4d-76.36696!16s%2Fg%2F11h035chjz!19sChIJYQabm_tvwokRE6P4TiMgiaI?authuser=0&hl=en&rclk=1
All-Island Home Care Services,1.0,1,Home health care service,"60 E Industry Ct 4th floor suite b, Deer Park, NY 11729, United States",http://allislandhomecareservices.com/request,+1 631-522-1911,https://www.google.com/maps/place/All-Island+Home+Care+Services/data=!4m7!3m6!1s0x89e82de8596fffff:0xebbd5b8562c4126e!8m2!3d40.7624744!4d-73.2975148!16s%2Fg%2F11gg9dy_kq!19sChIJ__9vWegt6IkRbhLEYoVbves?authuser=0&hl=en&rclk=1
TheKey by Home Care Assistance,3.7,9,Home health care service,"888 Veterans Memorial Hwy Suite 320, Hauppauge, NY 11788, United States",https://thekey.com/suffolk-county?utm_source=gmb&utm_medium=Yext,+1 631-894-9630,https://www.google.com/maps/place/TheKey+by+Home+Care+Assistance/data=!4m7!3m6!1s0x89e83f767783d919:0xa4f373c2ab5c64dd!8m2!3d40.8188126!4d-73.2021648!16s%2Fg%2F11c1sjwzbh!19sChIJGdmDd3Y_6IkR3WRcq8Jz86Q?authuser=0&hl=en&rclk=1
Home Health Care Services,,,Home help service agency,,https://skylarkhomecare.com/,+1 347-775-3404,https://www.google.com/maps/place/Home+Health+Care+Services/data=!4m7!3m6!1s0xa3f37b4eda38dc09:0x8cfc2577a07d9cb6!8m2!3d40.7562757!4d-73.7591015!16s%2Fg%2F11spm9k_9m!19sChIJCdw42k5786MRtpx9oHcl_Iw?authuser=0&hl=en&rclk=1
"Home Helpers Home Care of Jamaica, NY",5.0,2,Home health care service,,https://www.homehelpershomecare.com/jamaica-ny/,+1 718-568-6809,"https://www.google.com/maps/place/Home+Helpers+Home+Care+of+Jamaica,+NY/data=!4m7!3m6!1s0x89c26123975f464f:0x9253857381a27b3e!8m2!3d40.6460304!4d-73.83693!16s%2Fg%2F11j3s1mw5j!19sChIJT0ZflyNhwokRPnuigXOFU5I?authuser=0&hl=en&rclk=1"
Perfect Gentle Hands Home Care LLC,4.3,12,Home health care service,"92-11 172nd St, Jamaica, NY 11433, United States",http://www.gentlehandshomecare.net/,+1 347-809-4407,https://www.google.com/maps/place/Perfect+Gentle+Hands+Home+Care+LLC/data=!4m7!3m6!1s0x89c261220bfe85db:0x90b08ec948a3ee0!8m2!3d40.707282!4d-73.787634!16s%2Fg%2F1pp2xbqsk!19sChIJ24X-CyJhwokR4D6KlOwICwk?authuser=0&hl=en&rclk=1
Friends for Life Homecare & Medicaid Consultants,4.8,22,Home health care service,"99 Deer Pk Ave, Babylon, NY 11702, United States",http://friendsforlifeny.com/,+1 631-570-8644,https://www.google.com/maps/place/Friends+for+Life+Homecare+%26+Medicaid+Consultants/data=!4m7!3m6!1s0x89e9d3532223f993:0x56fc697797df97a5!8m2!3d40.698074!4d-73.3224984!16s%2Fg%2F11j94zq64d!19sChIJk_kjIlPT6YkRpZffl3dp_FY?authuser=0&hl=en&rclk=1
Helping Hands Home Care-HSCI,2.7,7,Home health care service,"251 Post Ave, Westbury, NY 11590, United States",http://helpinghandshomecareli.com/,+1 516-489-6810,https://www.google.com/maps/place/Helping+Hands+Home+Care-HSCI/data=!4m7!3m6!1s0x89c27d1ed54d3dc3:0x1becf656abf76ee2!8m2!3d40.7580427!4d-73.5881904!16s%2Fg%2F1vk6_4nc!19sChIJwz1N1R59wokR4m73q1b27Bs?authuser=0&hl=en&rclk=1
Brookside Home Care,4.4,7,Home health care service,"375 Sunrise Hwy #10, Lynbrook, NY 11563, United States",http://brooksidehomecare.com/,+1 516-593-5969,https://www.google.com/maps/place/Brookside+Home+Care/data=!4m7!3m6!1s0x89c264b96840b7eb:0x912db0372d628b96!8m2!3d40.6547673!4d-73.6719264!16s%2Fg%2F1s04b3qjf!19sChIJ67dAaLlkwokRlotiLTewLZE?authuser=0&hl=en&rclk=1
Preferred Home Care of New York - Nassau County,4.5,22,Home health care service,"147 W Cherry St, Hicksville, NY 11801, United States",https://preferredhcny.com/,+1 516-708-0370,https://www.google.com/maps/place/Preferred+Home+Care+of+New+York+-+Nassau+County/data=!4m7!3m6!1s0x89c281543ab80671:0x3cf606c1836590ca!8m2!3d40.7628636!4d-73.526946!16s%2Fg%2F11h3gfj3wn!19sChIJcQa4OlSBwokRypBlg8EG9jw?authuser=0&hl=en&rclk=1
"Premier Home Health Care Services, Inc.",4.0,13,Home health care service,"900 Merchants Concourse #410, Westbury, NY 11590, United States",http://www.premierhomehealthcare.com/,+1 516-292-1500,"https://www.google.com/maps/place/Premier+Home+Health+Care+Services,+Inc./data=!4m7!3m6!1s0x89c287645bd9874d:0x59d2c952b42f8123!8m2!3d40.7447817!4d-73.5916414!16s%2Fg%2F1hc2tcb9y!19sChIJTYfZW2SHwokRI4EvtFLJ0lk?authuser=0&hl=en&rclk=1"
M&N Home Care,4.4,26,Home health care service,"168-29 Hillside Ave. 2nd floor, Queens, NY 11432, United States",http://www.mnnhomecare.com/,+1 866-218-0358,https://www.google.com/maps/place/M%26N+Home+Care/data=!4m7!3m6!1s0x89c261126f021cc3:0xf4b4c0f319db8ca4!8m2!3d40.7106182!4d-73.7938635!16s%2Fg%2F11g_xzdtmk!19sChIJwxwCbxJhwokRpIzbGfPAtPQ?authuser=0&hl=en&rclk=1
Cottage Home Care,4.9,87,Home health care service,"25 Newbridge Rd, Hicksville, NY 11801, United States",https://www.cottagehomecare.com/,+1 516-367-2266,https://www.google.com/maps/place/Cottage+Home+Care/data=!4m7!3m6!1s0x89c281c29d9e0d67:0x87fc48b3530f0117!8m2!3d40.7680866!4d-73.5269729!16s%2Fg%2F11hkb2j10c!19sChIJZw2encKBwokRFwEPU7NI_Ic?authuser=0&hl=en&rclk=1
All County Home Care,4.7,31,Home health care service,"150-47 Hillside Ave. #2FL, Queens, NY 11432, United States",http://www.allcountyhealthny.com/,+1 718-593-0932,https://www.google.com/maps/place/All+County+Home+Care/data=!4m7!3m6!1s0x89c26101ff435ff7:0x6c4e551e3273f7e!8m2!3d40.7073906!4d-73.8049849!16s%2Fg%2F11sf630rxt!19sChIJ919D_wFhwokRfj8n41HlxAY?authuser=0&hl=en&rclk=1
Allegiant Home Care,4.3,9,Home health care service,"4250 Veterans Memorial Hwy Suite 2040W, Holbrook, NY 11741, United States",https://allegiant-homecare.com/,+1 631-476-3600,https://www.google.com/maps/place/Allegiant+Home+Care/data=!4m7!3m6!1s0x89e837e76dca7777:0xa61dca506c550ac6!8m2!3d40.7818169!4d-73.0927496!16s%2Fg%2F11fsvxpm99!19sChIJd3fKbec36IkRxgpVbFDKHaY?authuser=0&hl=en&rclk=1
Hallmark Homecare,4.5,15,Home health care service,"174 Soundview Dr, Rocky Point, NY 11778, United States",http://www.hallmarkhomecare.com/suffolk,+1 631-849-8101,https://www.google.com/maps/place/Hallmark+Homecare/data=!4m7!3m6!1s0x89e83fc050701c2d:0xd61ce6791e8905ab!8m2!3d40.9621079!4d-72.928639!16s%2Fg%2F11gxgzvct_!19sChIJLRxwUMA_6IkRqwWJHnnmHNY?authuser=0&hl=en&rclk=1
Long Island Care at Home,3.0,11,Home health care service,"15 Newbridge Rd, Hicksville, NY 11801, United States",http://licareathome.com/,+1 516-794-0700,https://www.google.com/maps/place/Long+Island+Care+at+Home/data=!4m7!3m6!1s0x89c2811d878cb739:0x8af1f41a1076cac0!8m2!3d40.7688569!4d-73.527546!16s%2Fg%2F1hc3pdw7c!19sChIJObeMhx2BwokRwMp2EBr08Yo?authuser=0&hl=en&rclk=1
At Home Senior Care,5.0,1,Home health care service,"2079 Wantagh Ave North, Wantagh, NY 11793, United States",https://www.athomeseniorcare.com/about-us/,+1 516-826-6333,https://www.google.com/maps/place/At+Home+Senior+Care/data=!4m7!3m6!1s0x89c27f1e4c5aaaab:0x17624ddfd23cffd4!8m2!3d40.6698679!4d-73.5103139!16s%2Fg%2F11v0bxkksf!19sChIJq6paTB5_wokR1P880t9NYhc?authuser=0&hl=en&rclk=1
JMD CARE SERVICES,5.0,2,Home health care service,"68 E Marie St, Hicksville, NY 11801, United States",,+1 516-501-9500,https://www.google.com/maps/place/JMD+CARE+SERVICES/data=!4m7!3m6!1s0x89c281fa518a53cb:0x5dffaf340e7d6811!8m2!3d40.7682451!4d-73.5207928!16s%2Fg%2F11lgyw83tc!19sChIJy1OKUfqBwokREWh9DjSv_10?authuser=0&hl=en&rclk=1
Home Helpers Home Care of Farmingdale,,,Home health care service,"100 Duffy Ave Suite 510, Hicksville, NY 11801, United States",https://www.homehelpershomecare.com/farmingdale-ny/,+1 516-591-3409,https://www.google.com/maps/place/Home+Helpers+Home+Care+of+Farmingdale/data=!4m7!3m6!1s0x89c2810cbc6faa19:0x2ae36d00c457cb4c!8m2!3d40.7662028!4d-73.5288128!16s%2Fg%2F11vf3d7mt1!19sChIJGapvvAyBwokRTMtXxABt4yo?authuser=0&hl=en&rclk=1
"Tri-County Home Nursing Services, Inc.",5.0,1,Home health care service,"1065 Old Country Rd, Westbury, NY 11590, United States",http://www.tchns.com/,+1 516-997-1208,"https://www.google.com/maps/place/Tri-County+Home+Nursing+Services,+Inc./data=!4m7!3m6!1s0x89c280cba7ddf17f:0x14ee0a8b5e8c7de1!8m2!3d40.7562247!4d-73.5563373!16s%2Fg%2F1tg51bsc!19sChIJf_Hdp8uAwokR4X2MXosK7hQ?authuser=0&hl=en&rclk=1"
Helping U Homecare,,,Home health care service,"100 Mineola Blvd, Mineola, NY 11501, United States",https://helpinguhomecare.com/,+1 917-793-1300,https://www.google.com/maps/place/Helping+U+Homecare/data=!4m7!3m6!1s0x89c27d195fe7a659:0x71ce51116b93c357!8m2!3d40.7417195!4d-73.640184!16s%2Fg%2F11gmywchsb!19sChIJWabnXxl9wokRV8OTaxFRznE?authuser=0&hl=en&rclk=1
Rockaway Home Care - Hempstead,,,Home health care service,"369 Peninsula Blvd #1a, Hempstead, NY 11550, United States",http://www.rockawayhc.com/,,https://www.google.com/maps/place/Rockaway+Home+Care+-+Hempstead/data=!4m7!3m6!1s0x89c27d83068f84a7:0x778372dc2f850c64!8m2!3d40.703145!4d-73.6256804!16s%2Fg%2F11hgfzf_n3!19sChIJp4SPBoN9wokRZAyFL9xyg3c?authuser=0&hl=en&rclk=1
Northwell Health At Home,1.8,29,Home health care service,"1101 Stewart Ave Suite 215, Garden City, NY 11530, United States",https://www.northwell.edu/doctors-and-care/at-home,+1 866-651-4200,https://www.google.com/maps/place/Northwell+Health+At+Home/data=!4m7!3m6!1s0x89c2882bd947c90b:0xf1fea11898f9b9d8!8m2!3d40.7361665!4d-73.5942859!16s%2Fg%2F11b7t_9wdv!19sChIJC8lH2SuIwokR2Ln5mBih_vE?authuser=0&hl=en&rclk=1
Excel homecare,,,Home health care service,,https://www.excelhomecareinc.com/,+1 516-937-3552,https://www.google.com/maps/place/Excel+homecare/data=!4m7!3m6!1s0x60b27e7604d9c541:0x9259d7b9769b3f0a!8m2!3d40.9000905!4d-72.9098014!16s%2Fg%2F11v3_66jrw!19sChIJQcXZBHZ-smARCj-bdrnXWZI?authuser=0&hl=en&rclk=1
Help At Home - Long Island,4.7,11,Home health care service,"804 Main St, Islip, NY 11751, United States",https://www.helpathomeli.com/,+1 631-859-3435,https://www.google.com/maps/place/Help+At+Home+-+Long+Island/data=!4m7!3m6!1s0x89e833981b62d1d3:0x26e1348f0c93ab2e!8m2!3d40.7303224!4d-73.2048643!16s%2Fg%2F1wv_t7hm!19sChIJ09FiG5gz6IkRLquTDI804SY?authuser=0&hl=en&rclk=1
Ultimate Care NY: Home Care & CDPAP Caregivers In New York,2.3,3,Home health care service,"250 Fulton Ave Suite 511, Hempstead, NY 11550, United States",https://www.ultimatecareny.com/,+1 718-257-0702,https://www.google.com/maps/place/Ultimate+Care+NY:+Home+Care+%26+CDPAP+Caregivers+In+New+York/data=!4m7!3m6!1s0x89c27d120bffd113:0x688d8d20ce2c23d2!8m2!3d40.7075821!4d-73.6262194!16s%2Fg%2F11ty4ly60r!19sChIJE9H_CxJ9wokR0iMsziCNjWg?authuser=0&hl=en&rclk=1
A Plus Home Care LLC,,,Home health care service,"33-43 Great Neck Rd, Great Neck, NY 11021, United States",http://aplushomecaregivers.com/,+1 800-601-0401,https://www.google.com/maps/place/A+Plus+Home+Care+LLC/data=!4m7!3m6!1s0x89c289970d6eb8b1:0x29c48aec91ab85ca!8m2!3d40.786349!4d-73.727863!16s%2Fg%2F11c1lj4n10!19sChIJsbhuDZeJwokRyoWrkeyKxCk?authuser=0&hl=en&rclk=1
NYU LANGONE HEALTH HOME CARE,2.3,3,Home health care service,"290 Old Country Rd, Mineola, NY 11501, United States",https://nyuwinthrop.org/services/home-healthcare/,+1 516-663-8000,https://www.google.com/maps/place/NYU+LANGONE+HEALTH+HOME+CARE/data=!4m7!3m6!1s0x89c27d50f65c13dd:0x5ebdd722bde211ec!8m2!3d40.7384212!4d-73.6436014!16s%2Fg%2F1tmqh3mv!19sChIJ3RNc9lB9wokR7BHivSLXvV4?authuser=0&hl=en&rclk=1
Quality Life Homecare Inc,,,Home health care service,"626 RXR Plaza, Uniondale, NY 11556, United States",http://www.qlifehomecareinc.com/,+1 631-360-3914,https://www.google.com/maps/place/Quality+Life+Homecare+Inc/data=!4m7!3m6!1s0x89c27d953aaaaaab:0xc40712edc6c8bea5!8m2!3d40.719383!4d-73.5841169!16s%2Fg%2F11h5q88jd2!19sChIJq6qqOpV9wokRpb7Ixu0SB8Q?authuser=0&hl=en&rclk=1
Community Home Health Care,4.8,21,Home health care service,"91 N Franklin St #306, Hempstead, NY 11550, United States",http://commhealthcare.com/,+1 845-425-6555,https://www.google.com/maps/place/Community+Home+Health+Care/data=!4m7!3m6!1s0x89c27db5ed08be6d:0x603eb1985303c7d0!8m2!3d40.7086802!4d-73.6276642!16s%2Fg%2F11m9r2ndz1!19sChIJbb4I7bV9wokR0McDU5ixPmA?authuser=0&hl=en&rclk=1
Addus HomeCare,4.1,22,Home health care service,"393 Jericho Turnpike Suite 206, Mineola, NY 11501, United States",https://addus.com/?y_source=1_MTI1NTkwODYtNzE1LWxvY2F0aW9uLndlYnNpdGU%3D,+1 516-741-0400,https://www.google.com/maps/place/Addus+HomeCare/data=!4m7!3m6!1s0x89c287f7d6854113:0xecf679c01168eb5e!8m2!3d40.7450696!4d-73.6523775!16s%2Fg%2F1v5k3yy5!19sChIJE0GF1veHwokRXutoEcB59uw?authuser=0&hl=en&rclk=1
Carelink Inc. Home Care Agency,4.5,6,Home health care service,"25 S Tyson Ave, Floral Park, NY 11001, United States",http://carelinkhomecareny.com/,+1 888-665-1526,https://www.google.com/maps/place/Carelink+Inc.+Home+Care+Agency/data=!4m7!3m6!1s0x89c26259a7d7017f:0x995d6257f32ef4f6!8m2!3d40.727401!4d-73.704362!16s%2Fg%2F1ts3gjv6!19sChIJfwHXp1liwokR9vQu81diXZk?authuser=0&hl=en&rclk=1
At Home Health Care,,,Home health care service,"866 Preston Rd, East Meadow, NY 11554, United States",,+1 516-280-2735,https://www.google.com/maps/place/At+Home+Health+Care/data=!4m7!3m6!1s0x89c27e5eaca403a1:0x521da2b39d3a0ce2!8m2!3d40.6985456!4d-73.5727389!16s%2Fg%2F1tdygk9g!19sChIJoQOkrF5-wokR4gw6nbOiHVI?authuser=0&hl=en&rclk=1
Long Term Home Health Care,,,Home health care service,"290 Old Country Rd, Mineola, NY 11501, United States",,+1 516-663-8050,https://www.google.com/maps/place/Long+Term+Home+Health+Care/data=!4m7!3m6!1s0x89c27d50f65c13dd:0x118f3c7d3a9b41a3!8m2!3d40.7384212!4d-73.6436014!16s%2Fg%2F1tf43wvq!19sChIJ3RNc9lB9wokRo0GbOn08jxE?authuser=0&hl=en&rclk=1
Reliance Home Senior Services,4.3,58,Home health care service,"3366 Park Ave, Wantagh, NY 11793, United States",https://reliancehssny.com/,+1 516-308-4840,https://www.google.com/maps/place/Reliance+Home+Senior+Services/data=!4m7!3m6!1s0x89c27f68af20502b:0xe681c99c5830800d!8m2!3d40.6737123!4d-73.5081052!16s%2Fg%2F11b76jmm4y!19sChIJK1Agr2h_wokRDYAwWJzJgeY?authuser=0&hl=en&rclk=1
First Choice Home Care Inc,2.1,14,Home health care service,"11 Middle Neck Rd #212, Great Neck, NY 11021, United States",,+1 516-487-8484,https://www.google.com/maps/place/First+Choice+Home+Care+Inc/data=!4m7!3m6!1s0x89c2899c9340ca19:0xc391b6188dd4553d!8m2!3d40.7873618!4d-73.7276491!16s%2Fg%2F1tgcbfk4!19sChIJGcpAk5yJwokRPVXUjRi2kcM?authuser=0&hl=en&rclk=1
"Comfort Keepers Jericho, NY",4.5,19,Home health care service,"366 N Broadway Suite PH-W2, Jericho, NY 11753, United States",https://www.comfortkeepers.com/offices/new-york/plainview?utm_source=GMB&utm_medium=organic,+1 516-827-4270,"https://www.google.com/maps/place/Comfort+Keepers+Jericho,+NY/data=!4m7!3m6!1s0x89c281df099c4f69:0xad5a0cd0a2218777!8m2!3d40.7818295!4d-73.5329499!16s%2Fg%2F1tg79zmr!19sChIJaU-cCd-BwokRd4chotAMWq0?authuser=0&hl=en&rclk=1"
Trusting Hands Homecare Agency,,,Home health care service,"72 Guy Lombardo Ave #2, Freeport, NY 11520, United States",,+1 516-226-3615,https://www.google.com/maps/place/Trusting+Hands+Homecare+Agency/data=!4m7!3m6!1s0x89c27bb0df22bf53:0x7ff2bf6084e2a45c!8m2!3d40.6545401!4d-73.5851311!16s%2Fg%2F11j2fz0g8d!19sChIJU78i37B7wokRXKTihGC_8n8?authuser=0&hl=en&rclk=1
RegionCare Nursing Agency,3.7,3,Home health care service,"711 Stewart Ave, Garden City, NY 11530, United States",,+1 866-651-4200,https://www.google.com/maps/place/RegionCare+Nursing+Agency/data=!4m7!3m6!1s0x89c27d1f6713e439:0x1761d6ac9e166e74!8m2!3d40.732676!4d-73.6092816!16s%2Fg%2F1263kwzkb!19sChIJOeQTZx99wokRdG4WnqzWYRc?authuser=0&hl=en&rclk=1
Ellison Home Care Companion Agency,3.7,6,Home health care service,"1747 Veterans Memorial Hwy # 44, Islandia, NY 11749, United States",http://ellisonhomecare.com/,+1 631-576-4060,https://www.google.com/maps/place/Ellison+Home+Care+Companion+Agency/data=!4m7!3m6!1s0x89e833d8b3fdce07:0x24fece4be5fcfa2!8m2!3d40.8066466!4d-73.1800265!16s%2Fg%2F1hc1pb2fx!19sChIJB879s9gz6IkRos9fvuTsTwI?authuser=0&hl=en&rclk=1
Right at Home,2.9,7,Home health care service,"212 Medford Ave, NY-112, Patchogue, NY 11772, United States",https://www.rightathome.net/south-central-long-island/?utm_source=google&utm_medium=local&utm_campaign=localmaps&utm_content=1148,+1 631-207-2626,https://www.google.com/maps/place/Right+at+Home/data=!4m7!3m6!1s0x89e848d9779c927f:0x2ab2f6738950337!8m2!3d40.7743622!4d-73.0080345!16s%2Fg%2F1tmpljyj!19sChIJf5Kcd9lI6IkRNwOVOGcvqwI?authuser=0&hl=en&rclk=1
At Your Side Home Care Services,5.0,2,Home health care service,"69 Broadway, Hicksville, NY 11801, United States",https://atyoursidehc.com/,+1 516-866-2979,https://www.google.com/maps/place/At+Your+Side+Home+Care+Services/data=!4m7!3m6!1s0x89c281f5ee7718d1:0x40fb514279836833!8m2!3d40.7678392!4d-73.5238359!16s%2Fg%2F11t7l7p380!19sChIJ0Rh37vWBwokRM2iDeUJR-0A?authuser=0&hl=en&rclk=1
All Metro Home Care,4.0,1,Home health care service,"70 Sunrise Hwy suite 520, Valley Stream, NY 11581, United States",http://www.all-metro.com/,+1 516-887-1200,https://www.google.com/maps/place/All+Metro+Home+Care/data=!4m7!3m6!1s0x89c2648bc89cd7e1:0x416cae93a6cebd0!8m2!3d40.6587685!4d-73.6971156!16s%2Fg%2F11f3xj0jqs!19sChIJ4decyItkwokR0OtsOunKFgQ?authuser=0&hl=en&rclk=1
VT Exquisite Home Care,5.0,8,Home health care service,"1614 Hillside Ave. Office #5, New Hyde Park, NY 11040, United States",https://vtexquisitehomecare.com/,+1 516-514-4882,https://www.google.com/maps/place/VT+Exquisite+Home+Care/data=!4m7!3m6!1s0x89c262eb65374649:0xb88454c87f47d7!8m2!3d40.7487453!4d-73.6836502!16s%2Fg%2F11b88k2bls!19sChIJSUY3ZetiwokR10d_yFSEuAA?authuser=0&hl=en&rclk=1
Personal-touch Home Care - Early Intervention Program (EIP),5.0,3,Home health care service,"1985 Marcus Ave, New Hyde Park, NY 11042, United States",,+1 718-468-2500,https://www.google.com/maps/place/Personal-touch+Home+Care+-+Early+Intervention+Program+%28EIP%29/data=!4m7!3m6!1s0x89c261fcffffffff:0x20cc6978bd68a24a!8m2!3d40.7566565!4d-73.6932051!16s%2Fg%2F11f52g9190!19sChIJ______xhwokRSqJovXhpzCA?authuser=0&hl=en&rclk=1
Verdun Home Health Care Inc,2.8,5,Home health care service,"2115, 232-14 Merrick Blvd, Laurelton, NY 11413, United States",http://www.verdunhomehealthcare.com/,+1 718-528-3432,https://www.google.com/maps/place/Verdun+Home+Health+Care+Inc/data=!4m7!3m6!1s0x89c26405e8e5c84d:0x23285f31eb86d969!8m2!3d40.674765!4d-73.737373!16s%2Fg%2F1tg8knf0!19sChIJTcjl6AVkwokRadmG6zFfKCM?authuser=0&hl=en&rclk=1
SYNERGY HomeCare,4.5,41,Home health care service,"261 W 35th St #405, New York, NY 10001, United States",https://www.synergyhomecare.com/ny-new-york-10105/?utm_source=google&utm_medium=local&utm_campaign=localmaps&utm_content=3301,+1 212-928-9500,https://www.google.com/maps/place/SYNERGY+HomeCare/data=!4m7!3m6!1s0x89c259029328d09d:0x9213b3c666989fab!8m2!3d40.7528092!4d-73.9923611!16s%2Fg%2F1hc27g6gl!19sChIJndAokwJZwokRq5-YZsazE5I?authuser=0&hl=en&rclk=1
"OPEN DOOR NY HOME CARE SERVICES, INC.",4.3,57,Home health care service,"2816 41st Ave, Long Island City, NY 11101, United States",http://www.opendoorhc.com/,+1 929-296-9609,"https://www.google.com/maps/place/OPEN+DOOR+NY+HOME+CARE+SERVICES,+INC./data=!4m7!3m6!1s0x89c258d520ea8603:0x3c3b2479a460d3d2!8m2!3d40.750983!4d-73.9371629!16s%2Fg%2F11gc1b4j44!19sChIJA4bqINVYwokR0tNgpHkkOzw?authuser=0&hl=en&rclk=1"
"Aging At Home, LTD.",4.0,8,Home health care service,"142 Mineola Blvd, Mineola, NY 11501, United States",http://aahny.com/,+1 516-746-6451,"https://www.google.com/maps/place/Aging+At+Home,+LTD./data=!4m7!3m6!1s0x89c27d59894da6a5:0xda9fafe64d5a027!8m2!3d40.7429299!4d-73.6406771!16s%2Fg%2F1vnrlypd!19sChIJpaZNiVl9wokRJ6DVZP76qQ0?authuser=0&hl=en&rclk=1"
Able Health Care Service,4.5,4,Home health care service,"1240 Broadcast Plaza, Merrick, NY 11566, United States",http://www.ablehealthcare.com/,+1 516-546-8000,https://www.google.com/maps/place/Able+Health+Care+Service/data=!4m7!3m6!1s0x89c27eaf555b7fd9:0x7d6e63cd19f76a3f!8m2!3d40.6635747!4d-73.5541789!16s%2Fg%2F11b61p_kbd!19sChIJ2X9bVa9-wokRP2r3Gc1jbn0?authuser=0&hl=en&rclk=1
Alliance Homecare,5.0,2,Home health care service,"100 Crossways Park Dr W #217, Woodbury, NY 11797, United States",https://alliancehomecare.com/,+1 646-846-2900,https://www.google.com/maps/place/Alliance+Homecare/data=!4m7!3m6!1s0x89c2866dde0c8a1b:0x17d5eb5a91ca7aba!8m2!3d40.8074452!4d-73.489801!16s%2Fg%2F11bbrn92wv!19sChIJG4oM3m2GwokRunrKkVrr1Rc?authuser=0&hl=en&rclk=1
Always Home Senior Care Llc,5.0,4,Home health care service,"33 S Service Rd, Jericho, NY 11753, United States",http://www.ahseniorcare.com/,+1 516-729-5899,https://www.google.com/maps/place/Always+Home+Senior+Care+Llc/data=!4m7!3m6!1s0x89c2818f2f9c082b:0x74e32839ccdee4e7!8m2!3d40.7812163!4d-73.5602551!16s%2Fg%2F11h7v7q45f!19sChIJKwicL4-BwokR5-TezDko43Q?authuser=0&hl=en&rclk=1
Sweet Home Care Services Inc,5.0,1,Home health care service,"55 S Bergen Pl, Freeport, NY 11520, United States",,+1 516-377-8992,https://www.google.com/maps/place/Sweet+Home+Care+Services+Inc/data=!4m7!3m6!1s0x89c27c756c4c7049:0xb4e67be01c24a2c2!8m2!3d40.6552523!4d-73.5876589!16s%2Fg%2F1tdk1j1c!19sChIJSXBMbHV8wokRwqIkHOB75rQ?authuser=0&hl=en&rclk=1
"LifeWorx, Inc.",4.9,15,Home health care service,"550 Northern Blvd, Great Neck, NY 11021, United States",https://lifeworx.com/long-island-office/,+1 516-501-9152,"https://www.google.com/maps/place/LifeWorx,+Inc./data=!4m7!3m6!1s0x89c28970aa0c08cb:0x8427b30250a0f878!8m2!3d40.7810432!4d-73.7183612!16s%2Fg%2F11r97jtkgw!19sChIJywgMqnCJwokRePigUAKzJ4Q?authuser=0&hl=en&rclk=1"
Rockaway Home Care,4.6,406,Home health care service,"260 Doughty Blvd, Inwood, NY 11096, United States",http://rockawayhc.com/,+1 516-239-8693,https://www.google.com/maps/place/Rockaway+Home+Care/data=!4m7!3m6!1s0x89c265e2427b32b9:0xbf5221fc14d3712c!8m2!3d40.618667!4d-73.7463387!16s%2Fg%2F1q65zjcjg!19sChIJuTJ7QuJlwokRLHHTFPwhUr8?authuser=0&hl=en&rclk=1
Complete Home Care Services,4.2,19,Home health care service,"117-03 203rd St, Queens, NY 11412, United States",http://chcsny.com/,+1 718-528-5493,https://www.google.com/maps/place/Complete+Home+Care+Services/data=!4m7!3m6!1s0x89c263e211a98ed7:0xe54f3e4f16c42f8f!8m2!3d40.695112!4d-73.748889!16s%2Fg%2F1tdh06l0!19sChIJ146pEeJjwokRjy_EFk8-T-U?authuser=0&hl=en&rclk=1
"Tender Loving Care Home Health Care, an Amedisys Company",2.0,2,Home health care service,"100 Garden City Plaza # 100, Garden City, NY 11530, United States",https://locations.amedisys.com/ny/garden-city/100-garden-city-plaza-tender-loving-care-home-health-care-an-amedisys-company?utm_source=google&utm_medium=organic&utm_content=gbp&y_source=1_NDgxMDM1NDEtNzE1LWxvY2F0aW9uLndlYnNpdGU%3D,+1 516-935-3737,"https://www.google.com/maps/place/Tender+Loving+Care+Home+Health+Care,+an+Amedisys+Company/data=!4m7!3m6!1s0x89c27d7ceab29579:0xb0d3c7307620d3ca!8m2!3d40.7383246!4d-73.6167597!16s%2Fg%2F11fzf8j8sg!19sChIJeZWy6nx9wokRytMgdjDH07A?authuser=0&hl=en&rclk=1"
Able Health Care Service,2.5,17,Home health care service,"50 Clinton St #208, Hempstead, NY 11550, United States",http://www.ablehealthcare.com/,+1 516-933-7000,https://www.google.com/maps/place/Able+Health+Care+Service/data=!4m7!3m6!1s0x89c27d1b52c19b65:0x50bdcceb12fc850c!8m2!3d40.7083367!4d-73.6185279!16s%2Fg%2F1tyzzxw_!19sChIJZZvBUht9wokRDIX8EuvMvVA?authuser=0&hl=en&rclk=1
Kearney Home Care Services,,,Home health care service,"115 Clinch Ave, Garden City, NY 11530, United States",http://www.kearneyhomecare.com/,+1 718-472-2273,https://www.google.com/maps/place/Kearney+Home+Care+Services/data=!4m7!3m6!1s0x89c262eaa45ff085:0xed9777d5cce6bcf2!8m2!3d40.7302152!4d-73.6777765!16s%2Fg%2F1vgw9k2k!19sChIJhfBfpOpiwokR8rzmzNV3l-0?authuser=0&hl=en&rclk=1
Bryan Skilled Home Care Agency,4.0,61,Home health care service,"15 Albany Ave, Amityville, NY 11701, United States",http://bryanskilledhome.com/,+1 631-608-8523,https://www.google.com/maps/place/Bryan+Skilled+Home+Care+Agency/data=!4m7!3m6!1s0x89e9d51d61d465c3:0x19e1be1c06f37a17!8m2!3d40.6819173!4d-73.4161585!16s%2Fg%2F1tg_y3lf!19sChIJw2XUYR3V6YkRF3rzBhy-4Rk?authuser=0&hl=en&rclk=1
